{"back":"Ɓȧȧƈķ","save":"Şȧȧṽḗḗ","hide":"Ħīīḓḗḗ","cancel":"Ƈȧȧƞƈḗḗŀ","confirm":"Ƈǿǿƞƒīīřḿ","done":"Ḓǿǿƞḗḗ","events":"Ḗḗṽḗḗƞŧş","edit":"Ḗḗḓīīŧ","allday-events":"Ȧȧŀŀ-ḓȧȧẏ Ḗḗṽḗḗƞŧş","no-events":"Ƞǿǿ Ḗḗṽḗḗƞŧş","hint-swipe-action":"Şẇīīƥḗḗ","hint-swipe-to-navigate":"ŧǿǿ ƞȧȧṽīīɠȧȧŧḗḗ ƀḗḗŧẇḗḗḗḗƞ ƈȧȧŀḗḗƞḓȧȧř ḓȧȧŧḗḗş.","show-today":"Ŧǿǿḓȧȧẏ","show-month-view":"Ḿǿǿƞŧħ","show-week-view":"Ẇḗḗḗḗķ","show-day-view":"Ḓȧȧẏ","settings-show":"Şḗḗŧŧīīƞɠş","settings-hide":"Ħīīḓḗḗ şḗḗŧŧīīƞɠş","add-account":"Ȧȧḓḓ ȧȧƞ ȧȧƈƈǿǿŭŭƞŧ","new-event":"Ȧȧḓḓ ḗḗṽḗḗƞŧ","view-event-header":"Ḗḗṽḗḗƞŧ","new-event-header":"Ȧȧḓḓ Ḗḗṽḗḗƞŧ","edit-event-header":"Ḗḗḓīīŧ Ḗḗṽḗḗƞŧ","account-header":"Ȧȧƈƈǿǿŭŭƞŧ","account-list-header":"Ȧȧƈƈǿǿŭŭƞŧş","advanced-settings-short":"Şḗḗŧŧīīƞɠş","advanced-settings-header":"Ƈȧȧŀḗḗƞḓȧȧř Şḗḗŧŧīīƞɠş","advanced-settings-personalization":"Ƥḗḗřşǿǿƞȧȧŀīīẑȧȧŧīīǿǿƞ","advanced-settings-reminders":"Řḗḗḿīīƞḓḗḗřş","advanced-settings-add-account":"Ȧȧḓḓ Ȧȧƈƈǿǿŭŭƞŧ","field-user":{"placeholder":"Ŭŭşḗḗřƞȧȧḿḗḗ"},"field-password":{"placeholder":"Ƥȧȧşşẇǿǿřḓ"},"field-full-url":{"placeholder":"ŬŭŘĿ"},"modify-account-setting-up":"Ƥŀḗḗȧȧşḗḗ ẇȧȧīīŧ ẇħīīŀḗḗ ẏǿǿŭŭř ȧȧƈƈǿǿŭŭƞŧ īīş şḗḗŧ ŭŭƥ","modify-account-unable-to-sync":"Ŭŭƞȧȧƀŀḗḗ ŧǿǿ şẏƞƈ","modify-account-sign-in":"Şīīɠƞ īīƞ","preset-caldav":"ƇȧȧŀḒȧȧṽ","preset-yahoo":"Ẏȧȧħǿǿǿǿ!","preset-google":"Ɠǿǿǿǿɠŀḗḗ","preset-local":"Ǿǿƒƒŀīīƞḗḗ ƈȧȧŀḗḗƞḓȧȧř","preset-mozilla":"Ḿǿǿẑīīŀŀȧȧ Ẑīīḿƀřȧȧ","calendar-local":"Ǿǿƒƒŀīīƞḗḗ ƈȧȧŀḗḗƞḓȧȧř","event-title":{"placeholder":"Ŧīīŧŀḗḗ"},"event-location":{"placeholder":"Ẇħḗḗřḗḗ?"},"event-description":{"placeholder":"Ƞǿǿŧḗḗş"},"event-is-allday":"Ȧȧŀŀ ḓȧȧẏ ḗḗṽḗḗƞŧ?","event-start-date":{"placeholder":"Şŧȧȧřŧ ḓȧȧŧḗḗ"},"event-end-date":{"placeholder":"Ḗḗƞḓ ḓȧȧŧḗḗ"},"event-start-time":{"placeholder":"Şŧȧȧřŧ ŧīīḿḗḗ"},"event-end-time":{"placeholder":"Ḗḗƞḓ ŧīīḿḗḗ"},"event-delete":"Ḓḗḗŀḗḗŧḗḗ ḗḗṽḗḗƞŧ","remove-account-data":"Řḗḗḿǿǿṽḗḗ ŀǿǿƈȧȧŀ ḓȧȧŧȧȧ","remove-account-dialog":"Řḗḗḿǿǿṽḗḗ ȧȧƈƈǿǿŭŭƞŧ","remove-account-dialog-details":"Řḗḗḿǿǿṽīīƞɠ ŧħīīş ȧȧƈƈǿǿŭŭƞŧ ẇīīŀŀ ȧȧŀşǿǿ řḗḗḿǿǿṽḗḗ ẏǿǿŭŭř ŀǿǿƈȧȧŀ ƈǿǿƥẏ ǿǿƒ ȧȧşşǿǿƈīīȧȧŧḗḗḓ ƈȧȧŀḗḗƞḓȧȧřş ȧȧƞḓ ḗḗṽḗḗƞŧş.","drawer-sync-button":"Şẏƞƈ","sync-frequency":"Şẏƞƈ Ƈȧȧŀḗḗƞḓȧȧř","sync-frequency-manual":{"textContent":"Ḿȧȧƞŭŭȧȧŀŀẏ"},"sync-frequency-15min":{"textContent":"15 ḿīīƞ"},"sync-frequency-30min":{"textContent":"30 ḿīīƞ"},"sync-frequency-hourly":{"textContent":"Ḗḗȧȧƈħ ħǿǿŭŭř"},"one-day-duration":"{{startDate}}<ƀř>ƒřǿǿḿ {{startTime}} ŧǿǿ {{endTime}}","multiple-day-duration":"Ƒřǿǿḿ {{startTime}} {{startDate}}<ƀř>ŧǿǿ {{endTime}} {{endDate}}","one-all-day-duration":"Ȧȧŀŀ ḓȧȧẏ<ƀř>{{startDate}}","multiple-all-day-duration":"Ȧȧŀŀ ḓȧȧẏ ƒřǿǿḿ {{startDate}}<ƀř>ŧǿǿ {{endDate}}","none":"Ƞǿǿƞḗḗ","reminder":"Řḗḗḿīīƞḓḗḗř:","remind-me":"Řḗḗḿīīƞḓ ḿḗḗ","alarm-at-event-standard":"Ȧȧŧ ŧīīḿḗḗ ǿǿƒ ḗḗṽḗḗƞŧ","alarm-at-event-allday":"Ǿǿƞ ḓȧȧẏ ǿǿƒ ḗḗṽḗḗƞŧ","alarm-start-notice":"{{title}} şŧȧȧřŧīīƞɠ {{distance}}","alarm-started-notice":"{{title}} şŧȧȧřŧḗḗḓ {{distance}}","minutes-before":{"_":{"zero":"0 ḿīīƞŭŭŧḗḗş ƀḗḗƒǿǿřḗḗ","one":"1 ḿīīƞŭŭŧḗḗ ƀḗḗƒǿǿřḗḗ","two":"{{value}} ḿīīƞŭŭŧḗḗş ƀḗḗƒǿǿřḗḗ","few":"{{value}} ḿīīƞŭŭŧḗḗş ƀḗḗƒǿǿřḗḗ","many":"{{value}} ḿīīƞŭŭŧḗḗş ƀḗḗƒǿǿřḗḗ","other":"{{value}} ḿīīƞŭŭŧḗḗş ƀḗḗƒǿǿřḗḗ"}},"hours-before":{"_":{"zero":"0 ħǿǿŭŭřş ƀḗḗƒǿǿřḗḗ","one":"1 ħǿǿŭŭř ƀḗḗƒǿǿřḗḗ","two":"{{value}} ħǿǿŭŭřş ƀḗḗƒǿǿřḗḗ","few":"{{value}} ħǿǿŭŭřş ƀḗḗƒǿǿřḗḗ","many":"{{value}} ħǿǿŭŭřş ƀḗḗƒǿǿřḗḗ","other":"{{value}} ħǿǿŭŭřş ƀḗḗƒǿǿřḗḗ"}},"days-before":{"_":{"zero":"0 ḓȧȧẏş ƀḗḗƒǿǿřḗḗ","one":"1 ḓȧȧẏ ƀḗḗƒǿǿřḗḗ","two":"{{value}} ḓȧȧẏş ƀḗḗƒǿǿřḗḗ","few":"{{value}} ḓȧȧẏş ƀḗḗƒǿǿřḗḗ","many":"{{value}} ḓȧȧẏş ƀḗḗƒǿǿřḗḗ","other":"{{value}} ḓȧȧẏş ƀḗḗƒǿǿřḗḗ"}},"weeks-before":{"_":{"zero":"0 ẇḗḗḗḗķş ƀḗḗƒǿǿřḗḗ","one":"1 ẇḗḗḗḗķ ƀḗḗƒǿǿřḗḗ","two":"{{value}} ẇḗḗḗḗķş ƀḗḗƒǿǿřḗḗ","few":"{{value}} ẇḗḗḗḗķş ƀḗḗƒǿǿřḗḗ","many":"{{value}} ẇḗḗḗḗķş ƀḗḗƒǿǿřḗḗ","other":"{{value}} ẇḗḗḗḗķş ƀḗḗƒǿǿřḗḗ"}},"months-before":{"_":{"zero":"0 ḿǿǿƞŧħş ƀḗḗƒǿǿřḗḗ","one":"1 ḿǿǿƞŧħ ƀḗḗƒǿǿřḗḗ","two":"{{value}} ḿǿǿƞŧħş ƀḗḗƒǿǿřḗḗ","few":"{{value}} ḿǿǿƞŧħş ƀḗḗƒǿǿřḗḗ","many":"{{value}} ḿǿǿƞŧħş ƀḗḗƒǿǿřḗḗ","other":"{{value}} ḿǿǿƞŧħş ƀḗḗƒǿǿřḗḗ"}},"years-before":{"_":{"zero":"0 ẏḗḗȧȧřş ƀḗḗƒǿǿřḗḗ","one":"1 ẏḗḗȧȧř ƀḗḗƒǿǿřḗḗ","two":"{{value}} ẏḗḗȧȧřş ƀḗḗƒǿǿřḗḗ","few":"{{value}} ẏḗḗȧȧřş ƀḗḗƒǿǿřḗḗ","many":"{{value}} ẏḗḗȧȧřş ƀḗḗƒǿǿřḗḗ","other":"{{value}} ẏḗḗȧȧřş ƀḗḗƒǿǿřḗḗ"}},"minutes-after":{"_":{"zero":"0 ḿīīƞŭŭŧḗḗş ȧȧƒŧḗḗř","one":"1 ḿīīƞŭŭŧḗḗ ȧȧƒŧḗḗř","two":"{{value}} ḿīīƞŭŭŧḗḗş ȧȧƒŧḗḗř","few":"{{value}} ḿīīƞŭŭŧḗḗş ȧȧƒŧḗḗř","many":"{{value}} ḿīīƞŭŭŧḗḗş ȧȧƒŧḗḗř","other":"{{value}} ḿīīƞŭŭŧḗḗş ȧȧƒŧḗḗř"}},"hours-after":{"_":{"zero":"0 ħǿǿŭŭřş ȧȧƒŧḗḗř","one":"1 ħǿǿŭŭř ȧȧƒŧḗḗř","two":"{{value}} ħǿǿŭŭřş ȧȧƒŧḗḗř","few":"{{value}} ħǿǿŭŭřş ȧȧƒŧḗḗř","many":"{{value}} ħǿǿŭŭřş ȧȧƒŧḗḗř","other":"{{value}} ħǿǿŭŭřş ȧȧƒŧḗḗř"}},"days-after":{"_":{"zero":"0 ḓȧȧẏş ȧȧƒŧḗḗř","one":"1 ḓȧȧẏ ȧȧƒŧḗḗř","two":"{{value}} ḓȧȧẏş ȧȧƒŧḗḗř","few":"{{value}} ḓȧȧẏş ȧȧƒŧḗḗř","many":"{{value}} ḓȧȧẏş ȧȧƒŧḗḗř","other":"{{value}} ḓȧȧẏş ȧȧƒŧḗḗř"}},"weeks-after":{"_":{"zero":"0 ẇḗḗḗḗķş ȧȧƒŧḗḗř","one":"1 ẇḗḗḗḗķ ȧȧƒŧḗḗř","two":"{{value}} ẇḗḗḗḗķş ȧȧƒŧḗḗř","few":"{{value}} ẇḗḗḗḗķş ȧȧƒŧḗḗř","many":"{{value}} ẇḗḗḗḗķş ȧȧƒŧḗḗř","other":"{{value}} ẇḗḗḗḗķş ȧȧƒŧḗḗř"}},"months-after":{"_":{"zero":"0 ḿǿǿƞŧħş ȧȧƒŧḗḗř","one":"1 ḿǿǿƞŧħ ȧȧƒŧḗḗř","two":"{{value}} ḿǿǿƞŧħş ȧȧƒŧḗḗř","few":"{{value}} ḿǿǿƞŧħş ȧȧƒŧḗḗř","many":"{{value}} ḿǿǿƞŧħş ȧȧƒŧḗḗř","other":"{{value}} ḿǿǿƞŧħş ȧȧƒŧḗḗř"}},"years-after":{"_":{"zero":"0 ẏḗḗȧȧřş ȧȧƒŧḗḗř","one":"1 ẏḗḗȧȧř ȧȧƒŧḗḗř","two":"{{value}} ẏḗḗȧȧřş ȧȧƒŧḗḗř","few":"{{value}} ẏḗḗȧȧřş ȧȧƒŧḗḗř","many":"{{value}} ẏḗḗȧȧřş ȧȧƒŧḗḗř","other":"{{value}} ẏḗḗȧȧřş ȧȧƒŧḗḗř"}},"hour-format":"%I %p","hour-allday":"Ȧȧŀŀ Ḓȧȧẏ","current-time":"%I:%M","multi-month-view-header-format":"%b %Y","day-view-header-format":"%b %e, %A","months-day-view-header-format":"%A, %b %e","longDateFormat":"%A, %B %d, %Y","error-start-after-end":"Ḗḗƞḓ ḓȧȧŧḗḗ ḿŭŭşŧ ƈǿǿḿḗḗ ȧȧƒŧḗḗř şŧȧȧřŧ ḓȧȧŧḗḗ","error-unauthenticated":"Ẇřǿǿƞɠ ŀǿǿɠīīƞ ȧȧƞḓ/ǿǿř ƥȧȧşşẇǿǿřḓ","error-internal-server-error":"Şḗḗřṽḗḗř ḗḗřřǿǿř. Ƈħḗḗƈķ ẏǿǿŭŭř ŀǿǿɠīīƞ ȧȧƞḓ ŧřẏ ȧȧɠȧȧīīƞ.","error-default":"Şǿǿḿḗḗŧħīīƞɠ īīş ẇřǿǿƞɠ. Ŧřẏ ȧȧɠȧȧīīƞ ŀȧȧŧḗḗř.","error-offline":"Ƞǿǿ ƈǿǿƞƞḗḗƈŧīīǿǿƞ. Ƈħḗḗƈķ ẏǿǿŭŭř ƞḗḗŧẇǿǿřķ ƈǿǿƞƒīīɠŭŭřȧȧŧīīǿǿƞ ȧȧƞḓ ŧřẏ ȧȧɠȧȧīīƞ.","error-account-exist":"Ŧħīīş ȧȧƈƈǿǿŭŭƞŧ ȧȧŀřḗḗȧȧḓẏ ḗḗẋīīşŧş.","notification-error-sync-title":"Ƈȧȧŀḗḗƞḓȧȧř şẏƞƈ ḗḗřřǿǿř","notification-error-sync-description":"Ŧȧȧƥ ƒǿǿř ḿǿǿřḗḗ īīƞƒǿǿ","weekday-0-long":"Şŭŭƞḓȧȧẏ","weekday-1-long":"Ḿǿǿƞḓȧȧẏ","weekday-2-long":"Ŧŭŭḗḗşḓȧȧẏ","weekday-3-long":"Ẇḗḗḓƞḗḗşḓȧȧẏ","weekday-4-long":"Ŧħŭŭřşḓȧȧẏ","weekday-5-long":"Ƒřīīḓȧȧẏ","weekday-6-long":"Şȧȧŧŭŭřḓȧȧẏ","weekday-0-short":"Şŭŭƞ","weekday-1-short":"Ḿǿǿƞ","weekday-2-short":"Ŧŭŭḗḗ","weekday-3-short":"Ẇḗḗḓ","weekday-4-short":"Ŧħŭŭ","weekday-5-short":"Ƒřīī","weekday-6-short":"Şȧȧŧ","month-0-long":"Ĵȧȧƞŭŭȧȧřẏ","month-1-long":"Ƒḗḗƀřŭŭȧȧřẏ","month-2-long":"Ḿȧȧřƈħ","month-3-long":"Ȧȧƥřīīŀ","month-4-long":"Ḿȧȧẏ","month-5-long":"Ĵŭŭƞḗḗ","month-6-long":"Ĵŭŭŀẏ","month-7-long":"Ȧȧŭŭɠŭŭşŧ","month-8-long":"Şḗḗƥŧḗḗḿƀḗḗř","month-9-long":"Ǿǿƈŧǿǿƀḗḗř","month-10-long":"Ƞǿǿṽḗḗḿƀḗḗř","month-11-long":"Ḓḗḗƈḗḗḿƀḗḗř","month-0-genitive":"Ĵȧȧƞŭŭȧȧřẏ","month-1-genitive":"Ƒḗḗƀřŭŭȧȧřẏ","month-2-genitive":"Ḿȧȧřƈħ","month-3-genitive":"Ȧȧƥřīīŀ","month-4-genitive":"Ḿȧȧẏ","month-5-genitive":"Ĵŭŭƞḗḗ","month-6-genitive":"Ĵŭŭŀẏ","month-7-genitive":"Ȧȧŭŭɠŭŭşŧ","month-8-genitive":"Şḗḗƥŧḗḗḿƀḗḗř","month-9-genitive":"Ǿǿƈŧǿǿƀḗḗř","month-10-genitive":"Ƞǿǿṽḗḗḿƀḗḗř","month-11-genitive":"Ḓḗḗƈḗḗḿƀḗḗř","month-0-short":"Ĵȧȧƞ","month-1-short":"Ƒḗḗƀ","month-2-short":"Ḿȧȧř","month-3-short":"Ȧȧƥř","month-4-short":"Ḿȧȧẏ","month-5-short":"Ĵŭŭƞ","month-6-short":"Ĵŭŭŀ","month-7-short":"Ȧȧŭŭɠ","month-8-short":"Şḗḗƥ","month-9-short":"Ǿǿƈŧ","month-10-short":"Ƞǿǿṽ","month-11-short":"Ḓḗḗƈ","minutes-ago-long":{"_":{"zero":"ĵŭŭşŧ ƞǿǿẇ","one":"ȧȧ ḿīīƞŭŭŧḗḗ ȧȧɠǿǿ","two":"{{value}} ḿīīƞŭŭŧḗḗş ȧȧɠǿǿ","few":"{{value}} ḿīīƞŭŭŧḗḗş ȧȧɠǿǿ","many":"{{value}} ḿīīƞŭŭŧḗḗş ȧȧɠǿǿ","other":"{{value}} ḿīīƞŭŭŧḗḗş ȧȧɠǿǿ"}},"hours-ago-long":{"_":{"zero":"ĵŭŭşŧ ƞǿǿẇ","one":"ȧȧƞ ħǿǿŭŭř ȧȧɠǿǿ","two":"{{value}} ħǿǿŭŭřş ȧȧɠǿǿ","few":"{{value}} ħǿǿŭŭřş ȧȧɠǿǿ","many":"{{value}} ħǿǿŭŭřş ȧȧɠǿǿ","other":"{{value}} ħǿǿŭŭřş ȧȧɠǿǿ"}},"days-ago-long":{"_":{"zero":"ŧǿǿḓȧȧẏ","one":"ẏḗḗşŧḗḗřḓȧȧẏ","two":"{{value}} ḓȧȧẏş ȧȧɠǿǿ","few":"{{value}} ḓȧȧẏş ȧȧɠǿǿ","many":"{{value}} ḓȧȧẏş ȧȧɠǿǿ","other":"{{value}} ḓȧȧẏş ȧȧɠǿǿ"}},"weeks-ago-long":{"_":{"zero":"ŧħīīş ẇḗḗḗḗķ","one":"ŀȧȧşŧ ẇḗḗḗḗķ","two":"{{value}} ẇḗḗḗḗķş ȧȧɠǿǿ","few":"{{value}} ẇḗḗḗḗķş ȧȧɠǿǿ","many":"{{value}} ẇḗḗḗḗķş ȧȧɠǿǿ","other":"{{value}} ẇḗḗḗḗķş ȧȧɠǿǿ"}},"months-ago-long":{"_":{"zero":"ŧħīīş ḿǿǿƞŧħ","one":"ŀȧȧşŧ ḿǿǿƞŧħ","two":"{{value}} ḿǿǿƞŧħş ȧȧɠǿǿ","few":"{{value}} ḿǿǿƞŧħş ȧȧɠǿǿ","many":"{{value}} ḿǿǿƞŧħş ȧȧɠǿǿ","other":"{{value}} ḿǿǿƞŧħş ȧȧɠǿǿ"}},"years-ago-long":{"_":{"zero":"ŧħīīş ẏḗḗȧȧř","one":"ŀȧȧşŧ ẏḗḗȧȧř","two":"{{value}} ẏḗḗȧȧřş ȧȧɠǿǿ","few":"{{value}} ẏḗḗȧȧřş ȧȧɠǿǿ","many":"{{value}} ẏḗḗȧȧřş ȧȧɠǿǿ","other":"{{value}} ẏḗḗȧȧřş ȧȧɠǿǿ"}},"minutes-until-long":{"_":{"zero":"ƞǿǿẇ","one":"īīƞ ȧȧ ḿīīƞŭŭŧḗḗ","two":"īīƞ {{value}} ḿīīƞŭŭŧḗḗş","few":"īīƞ {{value}} ḿīīƞŭŭŧḗḗş","many":"īīƞ {{value}} ḿīīƞŭŭŧḗḗş","other":"īīƞ {{value}} ḿīīƞŭŭŧḗḗş"}},"hours-until-long":{"_":{"zero":"ƞǿǿẇ","one":"īīƞ ȧȧƞ ħǿǿŭŭř","two":"īīƞ {{value}} ħǿǿŭŭřş","few":"īīƞ {{value}} ħǿǿŭŭřş","many":"īīƞ {{value}} ħǿǿŭŭřş","other":"īīƞ {{value}} ħǿǿŭŭřş"}},"days-until-long":{"_":{"zero":"ŧǿǿḓȧȧẏ","one":"ŧǿǿḿǿǿřřǿǿẇ","two":"īīƞ {{value}} ḓȧȧẏş","few":"īīƞ {{value}} ḓȧȧẏş","many":"īīƞ {{value}} ḓȧȧẏş","other":"īīƞ {{value}} ḓȧȧẏş"}},"weeks-until-long":{"_":{"zero":"ŧħīīş ẇḗḗḗḗķ","one":"ƞḗḗẋŧ ẇḗḗḗḗķ","two":"īīƞ {{value}} ẇḗḗḗḗķş","few":"īīƞ {{value}} ẇḗḗḗḗķş","many":"īīƞ {{value}} ẇḗḗḗḗķş","other":"īīƞ {{value}} ẇḗḗḗḗķş"}},"months-until-long":{"_":{"zero":"ŧħīīş ḿǿǿƞŧħ","one":"ƞḗḗẋŧ ḿǿǿƞŧħ","two":"īīƞ {{value}} ḿǿǿƞŧħş","few":"īīƞ {{value}} ḿǿǿƞŧħş","many":"īīƞ {{value}} ḿǿǿƞŧħş","other":"īīƞ {{value}} ḿǿǿƞŧħş"}},"years-until-long":{"_":{"zero":"ŧħīīş ẏḗḗȧȧř","one":"ƞḗḗẋŧ ẏḗḗȧȧř","two":"īīƞ {{value}} ẏḗḗȧȧřş","few":"īīƞ {{value}} ẏḗḗȧȧřş","many":"īīƞ {{value}} ẏḗḗȧȧřş","other":"īīƞ {{value}} ẏḗḗȧȧřş"}},"minutes-ago-short":{"_":{"zero":"ĵŭŭşŧ ƞǿǿẇ","other":"{{value}}ḿ ȧȧɠǿǿ"}},"hours-ago-short":{"_":{"zero":"ĵŭŭşŧ ƞǿǿẇ","other":"{{value}}ħ ȧȧɠǿǿ"}},"days-ago-short":{"_":{"zero":"ŧǿǿḓȧȧẏ","other":"{{value}}ḓ ȧȧɠǿǿ"}},"minutes-until-short":{"_":{"zero":"ƞǿǿẇ","other":"īīƞ {{value}}ḿ"}},"hours-until-short":{"_":{"zero":"ƞǿǿẇ","other":"īīƞ {{value}}ħ"}},"days-until-short":{"_":{"zero":"ŧǿǿḓȧȧẏ","other":"īīƞ {{value}}ḓ"}},"incorrectDate":"(īīƞƈǿǿřřḗḗƈŧ ḓȧȧŧḗḗ)","dateTimeFormat_%c":"%a %b %e %Y %I:%M:%S %p","dateTimeFormat_%x":"%m/%d/%Y","dateTimeFormat_%X":"%I:%M:%S %p","shortTimeFormat":"%I:%M %p","shortDateTimeFormat":"%x %I:%M %p","weekStartsOnMonday":"0","time_am":"ȦȧḾ","time_pm":"ƤḾ"}