{"back":"‮Ԑɐɔʞ‬","save":"‮Sɐʌǝ‬","hide":"‮Hıpǝ‬","cancel":"‮Ↄɐuɔǝʅ‬","confirm":"‮Ↄouɟıɹɯ‬","done":"‮pouǝ‬","events":"‮Ǝʌǝuʇs‬","edit":"‮Ǝpıʇ‬","allday-events":"‮∀ʅʅ‬-‮pɐʎ‬ ‮Ǝʌǝuʇs‬","no-events":"‮No‬ ‮Ǝʌǝuʇs‬","hint-swipe-action":"‮Sʍıdǝ‬","hint-swipe-to-navigate":"‮ʇo‬ ‮uɐʌıƃɐʇǝ‬ ‮qǝʇʍǝǝu‬ ‮ɔɐʅǝupɐɹ‬ ‮pɐʇǝs‬.","show-today":"‮⊥opɐʎ‬","show-month-view":"‮Wouʇɥ‬","show-week-view":"‮Ｍǝǝʞ‬","show-day-view":"‮pɐʎ‬","settings-show":"‮Sǝʇʇıuƃs‬","settings-hide":"‮Hıpǝ‬ ‮sǝʇʇıuƃs‬","add-account":"‮∀pp‬ ‮ɐu‬ ‮ɐɔɔonuʇ‬","new-event":"‮∀pp‬ ‮ǝʌǝuʇ‬","view-event-header":"‮Ǝʌǝuʇ‬","new-event-header":"‮∀pp‬ ‮Ǝʌǝuʇ‬","edit-event-header":"‮Ǝpıʇ‬ ‮Ǝʌǝuʇ‬","account-header":"‮∀ɔɔonuʇ‬","account-list-header":"‮∀ɔɔonuʇs‬","advanced-settings-short":"‮Sǝʇʇıuƃs‬","advanced-settings-header":"‮Ↄɐʅǝupɐɹ‬ ‮Sǝʇʇıuƃs‬","advanced-settings-personalization":"‮Ԁǝɹsouɐʅızɐʇıou‬","advanced-settings-reminders":"‮ᴚǝɯıupǝɹs‬","advanced-settings-add-account":"‮∀pp‬ ‮∀ɔɔonuʇ‬","field-user":{"placeholder":"‮∩sǝɹuɐɯǝ‬"},"field-password":{"placeholder":"‮Ԁɐssʍoɹp‬"},"field-full-url":{"placeholder":"‮∩ᴚ˥‬"},"modify-account-setting-up":"‮Ԁʅǝɐsǝ‬ ‮ʍɐıʇ‬ ‮ʍɥıʅǝ‬ ‮ʎonɹ‬ ‮ɐɔɔonuʇ‬ ‮ıs‬ ‮sǝʇ‬ ‮nd‬","modify-account-unable-to-sync":"‮∩uɐqʅǝ‬ ‮ʇo‬ ‮sʎuɔ‬","modify-account-sign-in":"‮Sıƃu‬ ‮ıu‬","preset-caldav":"‮Ↄɐʅpɐʌ‬","preset-yahoo":"‮ʎɐɥoo‬!","preset-google":"‮פooƃʅǝ‬","preset-local":"‮Oɟɟʅıuǝ‬ ‮ɔɐʅǝupɐɹ‬","preset-mozilla":"‮Wozıʅʅɐ‬ ‮Zıɯqɹɐ‬","calendar-local":"‮Oɟɟʅıuǝ‬ ‮ɔɐʅǝupɐɹ‬","event-title":{"placeholder":"‮⊥ıʇʅǝ‬"},"event-location":{"placeholder":"‮Ｍɥǝɹǝ‬?"},"event-description":{"placeholder":"‮Noʇǝs‬"},"event-is-allday":"‮∀ʅʅ‬ ‮pɐʎ‬ ‮ǝʌǝuʇ‬?","event-start-date":{"placeholder":"‮Sʇɐɹʇ‬ ‮pɐʇǝ‬"},"event-end-date":{"placeholder":"‮Ǝup‬ ‮pɐʇǝ‬"},"event-start-time":{"placeholder":"‮Sʇɐɹʇ‬ ‮ʇıɯǝ‬"},"event-end-time":{"placeholder":"‮Ǝup‬ ‮ʇıɯǝ‬"},"event-delete":"‮pǝʅǝʇǝ‬ ‮ǝʌǝuʇ‬","remove-account-data":"‮ᴚǝɯoʌǝ‬ ‮ʅoɔɐʅ‬ ‮pɐʇɐ‬","remove-account-dialog":"‮ᴚǝɯoʌǝ‬ ‮ɐɔɔonuʇ‬","remove-account-dialog-details":"‮ᴚǝɯoʌıuƃ‬ ‮ʇɥıs‬ ‮ɐɔɔonuʇ‬ ‮ʍıʅʅ‬ ‮ɐʅso‬ ‮ɹǝɯoʌǝ‬ ‮ʎonɹ‬ ‮ʅoɔɐʅ‬ ‮ɔodʎ‬ ‮oɟ‬ ‮ɐssoɔıɐʇǝp‬ ‮ɔɐʅǝupɐɹs‬ ‮ɐup‬ ‮ǝʌǝuʇs‬.","drawer-sync-button":"‮Sʎuɔ‬","sync-frequency":"‮Sʎuɔ‬ ‮Ↄɐʅǝupɐɹ‬","sync-frequency-manual":{"textContent":"‮Wɐunɐʅʅʎ‬"},"sync-frequency-15min":{"textContent":"15 ‮ɯıu‬"},"sync-frequency-30min":{"textContent":"30 ‮ɯıu‬"},"sync-frequency-hourly":{"textContent":"‮Ǝɐɔɥ‬ ‮ɥonɹ‬"},"one-day-duration":"{{startDate}}<‮qɹ‬>‮ɟɹoɯ‬ {{startTime}} ‮ʇo‬ {{endTime}}","multiple-day-duration":"‮ɟɹoɯ‬ {{startTime}} {{startDate}}<‮qɹ‬>‮ʇo‬ {{endTime}} {{endDate}}","one-all-day-duration":"‮∀ʅʅ‬ ‮pɐʎ‬<‮qɹ‬>{{startDate}}","multiple-all-day-duration":"‮∀ʅʅ‬ ‮pɐʎ‬ ‮ɟɹoɯ‬ {{startDate}}<‮qɹ‬>‮ʇo‬ {{endDate}}","none":"‮Nouǝ‬","reminder":"‮ᴚǝɯıupǝɹ‬:","remind-me":"‮ᴚǝɯıup‬ ‮ɯǝ‬","alarm-at-event-standard":"‮∀ʇ‬ ‮ʇıɯǝ‬ ‮oɟ‬ ‮ǝʌǝuʇ‬","alarm-at-event-allday":"‮Ou‬ ‮pɐʎ‬ ‮oɟ‬ ‮ǝʌǝuʇ‬","alarm-start-notice":"{{title}} ‮sʇɐɹʇıuƃ‬ {{distance}}","alarm-started-notice":"{{title}} ‮sʇɐɹʇǝp‬ {{distance}}","minutes-before":{"_":{"zero":"0 ‮ɯıunʇǝs‬ ‮qǝɟoɹǝ‬","one":"1 ‮ɯıunʇǝ‬ ‮qǝɟoɹǝ‬","two":"{{value}} ‮ɯıunʇǝs‬ ‮qǝɟoɹǝ‬","few":"{{value}} ‮ɯıunʇǝs‬ ‮qǝɟoɹǝ‬","many":"{{value}} ‮ɯıunʇǝs‬ ‮qǝɟoɹǝ‬","other":"{{value}} ‮ɯıunʇǝs‬ ‮qǝɟoɹǝ‬"}},"hours-before":{"_":{"zero":"0 ‮ɥonɹs‬ ‮qǝɟoɹǝ‬","one":"1 ‮ɥonɹ‬ ‮qǝɟoɹǝ‬","two":"{{value}} ‮ɥonɹs‬ ‮qǝɟoɹǝ‬","few":"{{value}} ‮ɥonɹs‬ ‮qǝɟoɹǝ‬","many":"{{value}} ‮ɥonɹs‬ ‮qǝɟoɹǝ‬","other":"{{value}} ‮ɥonɹs‬ ‮qǝɟoɹǝ‬"}},"days-before":{"_":{"zero":"0 ‮pɐʎs‬ ‮qǝɟoɹǝ‬","one":"1 ‮pɐʎ‬ ‮qǝɟoɹǝ‬","two":"{{value}} ‮pɐʎs‬ ‮qǝɟoɹǝ‬","few":"{{value}} ‮pɐʎs‬ ‮qǝɟoɹǝ‬","many":"{{value}} ‮pɐʎs‬ ‮qǝɟoɹǝ‬","other":"{{value}} ‮pɐʎs‬ ‮qǝɟoɹǝ‬"}},"weeks-before":{"_":{"zero":"0 ‮ʍǝǝʞs‬ ‮qǝɟoɹǝ‬","one":"1 ‮ʍǝǝʞ‬ ‮qǝɟoɹǝ‬","two":"{{value}} ‮ʍǝǝʞs‬ ‮qǝɟoɹǝ‬","few":"{{value}} ‮ʍǝǝʞs‬ ‮qǝɟoɹǝ‬","many":"{{value}} ‮ʍǝǝʞs‬ ‮qǝɟoɹǝ‬","other":"{{value}} ‮ʍǝǝʞs‬ ‮qǝɟoɹǝ‬"}},"months-before":{"_":{"zero":"0 ‮ɯouʇɥs‬ ‮qǝɟoɹǝ‬","one":"1 ‮ɯouʇɥ‬ ‮qǝɟoɹǝ‬","two":"{{value}} ‮ɯouʇɥs‬ ‮qǝɟoɹǝ‬","few":"{{value}} ‮ɯouʇɥs‬ ‮qǝɟoɹǝ‬","many":"{{value}} ‮ɯouʇɥs‬ ‮qǝɟoɹǝ‬","other":"{{value}} ‮ɯouʇɥs‬ ‮qǝɟoɹǝ‬"}},"years-before":{"_":{"zero":"0 ‮ʎǝɐɹs‬ ‮qǝɟoɹǝ‬","one":"1 ‮ʎǝɐɹ‬ ‮qǝɟoɹǝ‬","two":"{{value}} ‮ʎǝɐɹs‬ ‮qǝɟoɹǝ‬","few":"{{value}} ‮ʎǝɐɹs‬ ‮qǝɟoɹǝ‬","many":"{{value}} ‮ʎǝɐɹs‬ ‮qǝɟoɹǝ‬","other":"{{value}} ‮ʎǝɐɹs‬ ‮qǝɟoɹǝ‬"}},"minutes-after":{"_":{"zero":"0 ‮ɯıunʇǝs‬ ‮ɐɟʇǝɹ‬","one":"1 ‮ɯıunʇǝ‬ ‮ɐɟʇǝɹ‬","two":"{{value}} ‮ɯıunʇǝs‬ ‮ɐɟʇǝɹ‬","few":"{{value}} ‮ɯıunʇǝs‬ ‮ɐɟʇǝɹ‬","many":"{{value}} ‮ɯıunʇǝs‬ ‮ɐɟʇǝɹ‬","other":"{{value}} ‮ɯıunʇǝs‬ ‮ɐɟʇǝɹ‬"}},"hours-after":{"_":{"zero":"0 ‮ɥonɹs‬ ‮ɐɟʇǝɹ‬","one":"1 ‮ɥonɹ‬ ‮ɐɟʇǝɹ‬","two":"{{value}} ‮ɥonɹs‬ ‮ɐɟʇǝɹ‬","few":"{{value}} ‮ɥonɹs‬ ‮ɐɟʇǝɹ‬","many":"{{value}} ‮ɥonɹs‬ ‮ɐɟʇǝɹ‬","other":"{{value}} ‮ɥonɹs‬ ‮ɐɟʇǝɹ‬"}},"days-after":{"_":{"zero":"0 ‮pɐʎs‬ ‮ɐɟʇǝɹ‬","one":"1 ‮pɐʎ‬ ‮ɐɟʇǝɹ‬","two":"{{value}} ‮pɐʎs‬ ‮ɐɟʇǝɹ‬","few":"{{value}} ‮pɐʎs‬ ‮ɐɟʇǝɹ‬","many":"{{value}} ‮pɐʎs‬ ‮ɐɟʇǝɹ‬","other":"{{value}} ‮pɐʎs‬ ‮ɐɟʇǝɹ‬"}},"weeks-after":{"_":{"zero":"0 ‮ʍǝǝʞs‬ ‮ɐɟʇǝɹ‬","one":"1 ‮ʍǝǝʞ‬ ‮ɐɟʇǝɹ‬","two":"{{value}} ‮ʍǝǝʞs‬ ‮ɐɟʇǝɹ‬","few":"{{value}} ‮ʍǝǝʞs‬ ‮ɐɟʇǝɹ‬","many":"{{value}} ‮ʍǝǝʞs‬ ‮ɐɟʇǝɹ‬","other":"{{value}} ‮ʍǝǝʞs‬ ‮ɐɟʇǝɹ‬"}},"months-after":{"_":{"zero":"0 ‮ɯouʇɥs‬ ‮ɐɟʇǝɹ‬","one":"1 ‮ɯouʇɥ‬ ‮ɐɟʇǝɹ‬","two":"{{value}} ‮ɯouʇɥs‬ ‮ɐɟʇǝɹ‬","few":"{{value}} ‮ɯouʇɥs‬ ‮ɐɟʇǝɹ‬","many":"{{value}} ‮ɯouʇɥs‬ ‮ɐɟʇǝɹ‬","other":"{{value}} ‮ɯouʇɥs‬ ‮ɐɟʇǝɹ‬"}},"years-after":{"_":{"zero":"0 ‮ʎǝɐɹs‬ ‮ɐɟʇǝɹ‬","one":"1 ‮ʎǝɐɹ‬ ‮ɐɟʇǝɹ‬","two":"{{value}} ‮ʎǝɐɹs‬ ‮ɐɟʇǝɹ‬","few":"{{value}} ‮ʎǝɐɹs‬ ‮ɐɟʇǝɹ‬","many":"{{value}} ‮ʎǝɐɹs‬ ‮ɐɟʇǝɹ‬","other":"{{value}} ‮ʎǝɐɹs‬ ‮ɐɟʇǝɹ‬"}},"hour-format":"%I %p","hour-allday":"‮∀ʅʅ‬ ‮pɐʎ‬","current-time":"%I:%M","multi-month-view-header-format":"%b %Y","day-view-header-format":"%b %e, %A","months-day-view-header-format":"%A, %b %e","longDateFormat":"%A, %B %d, %Y","error-start-after-end":"‮Ǝup‬ ‮pɐʇǝ‬ ‮ɯnsʇ‬ ‮ɔoɯǝ‬ ‮ɐɟʇǝɹ‬ ‮sʇɐɹʇ‬ ‮pɐʇǝ‬","error-unauthenticated":"‮Ｍɹouƃ‬ ‮ʅoƃıu‬ ‮ɐup‬/‮oɹ‬ ‮dɐssʍoɹp‬","error-internal-server-error":"‮Sǝɹʌǝɹ‬ ‮ǝɹɹoɹ‬. ‮Ↄɥǝɔʞ‬ ‮ʎonɹ‬ ‮ʅoƃıu‬ ‮ɐup‬ ‮ʇɹʎ‬ ‮ɐƃɐıu‬.","error-default":"‮Soɯǝʇɥıuƃ‬ ‮ıs‬ ‮ʍɹouƃ‬. ‮⊥ɹʎ‬ ‮ɐƃɐıu‬ ‮ʅɐʇǝɹ‬.","error-offline":"‮No‬ ‮ɔouuǝɔʇıou‬. ‮Ↄɥǝɔʞ‬ ‮ʎonɹ‬ ‮uǝʇʍoɹʞ‬ ‮ɔouɟıƃnɹɐʇıou‬ ‮ɐup‬ ‮ʇɹʎ‬ ‮ɐƃɐıu‬.","error-account-exist":"‮⊥ɥıs‬ ‮ɐɔɔonuʇ‬ ‮ɐʅɹǝɐpʎ‬ ‮ǝxısʇs‬.","notification-error-sync-title":"‮Ↄɐʅǝupɐɹ‬ ‮sʎuɔ‬ ‮ǝɹɹoɹ‬","notification-error-sync-description":"‮⊥ɐd‬ ‮ɟoɹ‬ ‮ɯoɹǝ‬ ‮ıuɟo‬","weekday-0-long":"‮Snupɐʎ‬","weekday-1-long":"‮Woupɐʎ‬","weekday-2-long":"‮⊥nǝspɐʎ‬","weekday-3-long":"‮Ｍǝpuǝspɐʎ‬","weekday-4-long":"‮⊥ɥnɹspɐʎ‬","weekday-5-long":"‮ɟɹıpɐʎ‬","weekday-6-long":"‮Sɐʇnɹpɐʎ‬","weekday-0-short":"‮Snu‬","weekday-1-short":"‮Wou‬","weekday-2-short":"‮⊥nǝ‬","weekday-3-short":"‮Ｍǝp‬","weekday-4-short":"‮⊥ɥn‬","weekday-5-short":"‮ɟɹı‬","weekday-6-short":"‮Sɐʇ‬","month-0-long":"‮ſɐunɐɹʎ‬","month-1-long":"‮ɟǝqɹnɐɹʎ‬","month-2-long":"‮Wɐɹɔɥ‬","month-3-long":"‮∀dɹıʅ‬","month-4-long":"‮Wɐʎ‬","month-5-long":"‮ſnuǝ‬","month-6-long":"‮ſnʅʎ‬","month-7-long":"‮∀nƃnsʇ‬","month-8-long":"‮Sǝdʇǝɯqǝɹ‬","month-9-long":"‮Oɔʇoqǝɹ‬","month-10-long":"‮Noʌǝɯqǝɹ‬","month-11-long":"‮pǝɔǝɯqǝɹ‬","month-0-genitive":"‮ſɐunɐɹʎ‬","month-1-genitive":"‮ɟǝqɹnɐɹʎ‬","month-2-genitive":"‮Wɐɹɔɥ‬","month-3-genitive":"‮∀dɹıʅ‬","month-4-genitive":"‮Wɐʎ‬","month-5-genitive":"‮ſnuǝ‬","month-6-genitive":"‮ſnʅʎ‬","month-7-genitive":"‮∀nƃnsʇ‬","month-8-genitive":"‮Sǝdʇǝɯqǝɹ‬","month-9-genitive":"‮Oɔʇoqǝɹ‬","month-10-genitive":"‮Noʌǝɯqǝɹ‬","month-11-genitive":"‮pǝɔǝɯqǝɹ‬","month-0-short":"‮ſɐu‬","month-1-short":"‮ɟǝq‬","month-2-short":"‮Wɐɹ‬","month-3-short":"‮∀dɹ‬","month-4-short":"‮Wɐʎ‬","month-5-short":"‮ſnu‬","month-6-short":"‮ſnʅ‬","month-7-short":"‮∀nƃ‬","month-8-short":"‮Sǝd‬","month-9-short":"‮Oɔʇ‬","month-10-short":"‮Noʌ‬","month-11-short":"‮pǝɔ‬","minutes-ago-long":{"_":{"zero":"‮ɾnsʇ‬ ‮uoʍ‬","one":"‮ɐ‬ ‮ɯıunʇǝ‬ ‮ɐƃo‬","two":"{{value}} ‮ɯıunʇǝs‬ ‮ɐƃo‬","few":"{{value}} ‮ɯıunʇǝs‬ ‮ɐƃo‬","many":"{{value}} ‮ɯıunʇǝs‬ ‮ɐƃo‬","other":"{{value}} ‮ɯıunʇǝs‬ ‮ɐƃo‬"}},"hours-ago-long":{"_":{"zero":"‮ɾnsʇ‬ ‮uoʍ‬","one":"‮ɐu‬ ‮ɥonɹ‬ ‮ɐƃo‬","two":"{{value}} ‮ɥonɹs‬ ‮ɐƃo‬","few":"{{value}} ‮ɥonɹs‬ ‮ɐƃo‬","many":"{{value}} ‮ɥonɹs‬ ‮ɐƃo‬","other":"{{value}} ‮ɥonɹs‬ ‮ɐƃo‬"}},"days-ago-long":{"_":{"zero":"‮ʇopɐʎ‬","one":"‮ʎǝsʇǝɹpɐʎ‬","two":"{{value}} ‮pɐʎs‬ ‮ɐƃo‬","few":"{{value}} ‮pɐʎs‬ ‮ɐƃo‬","many":"{{value}} ‮pɐʎs‬ ‮ɐƃo‬","other":"{{value}} ‮pɐʎs‬ ‮ɐƃo‬"}},"weeks-ago-long":{"_":{"zero":"‮ʇɥıs‬ ‮ʍǝǝʞ‬","one":"‮ʅɐsʇ‬ ‮ʍǝǝʞ‬","two":"{{value}} ‮ʍǝǝʞs‬ ‮ɐƃo‬","few":"{{value}} ‮ʍǝǝʞs‬ ‮ɐƃo‬","many":"{{value}} ‮ʍǝǝʞs‬ ‮ɐƃo‬","other":"{{value}} ‮ʍǝǝʞs‬ ‮ɐƃo‬"}},"months-ago-long":{"_":{"zero":"‮ʇɥıs‬ ‮ɯouʇɥ‬","one":"‮ʅɐsʇ‬ ‮ɯouʇɥ‬","two":"{{value}} ‮ɯouʇɥs‬ ‮ɐƃo‬","few":"{{value}} ‮ɯouʇɥs‬ ‮ɐƃo‬","many":"{{value}} ‮ɯouʇɥs‬ ‮ɐƃo‬","other":"{{value}} ‮ɯouʇɥs‬ ‮ɐƃo‬"}},"years-ago-long":{"_":{"zero":"‮ʇɥıs‬ ‮ʎǝɐɹ‬","one":"‮ʅɐsʇ‬ ‮ʎǝɐɹ‬","two":"{{value}} ‮ʎǝɐɹs‬ ‮ɐƃo‬","few":"{{value}} ‮ʎǝɐɹs‬ ‮ɐƃo‬","many":"{{value}} ‮ʎǝɐɹs‬ ‮ɐƃo‬","other":"{{value}} ‮ʎǝɐɹs‬ ‮ɐƃo‬"}},"minutes-until-long":{"_":{"zero":"‮uoʍ‬","one":"‮ıu‬ ‮ɐ‬ ‮ɯıunʇǝ‬","two":"‮ıu‬ {{value}} ‮ɯıunʇǝs‬","few":"‮ıu‬ {{value}} ‮ɯıunʇǝs‬","many":"‮ıu‬ {{value}} ‮ɯıunʇǝs‬","other":"‮ıu‬ {{value}} ‮ɯıunʇǝs‬"}},"hours-until-long":{"_":{"zero":"‮uoʍ‬","one":"‮ıu‬ ‮ɐu‬ ‮ɥonɹ‬","two":"‮ıu‬ {{value}} ‮ɥonɹs‬","few":"‮ıu‬ {{value}} ‮ɥonɹs‬","many":"‮ıu‬ {{value}} ‮ɥonɹs‬","other":"‮ıu‬ {{value}} ‮ɥonɹs‬"}},"days-until-long":{"_":{"zero":"‮ʇopɐʎ‬","one":"‮ʇoɯoɹɹoʍ‬","two":"‮ıu‬ {{value}} ‮pɐʎs‬","few":"‮ıu‬ {{value}} ‮pɐʎs‬","many":"‮ıu‬ {{value}} ‮pɐʎs‬","other":"‮ıu‬ {{value}} ‮pɐʎs‬"}},"weeks-until-long":{"_":{"zero":"‮ʇɥıs‬ ‮ʍǝǝʞ‬","one":"‮uǝxʇ‬ ‮ʍǝǝʞ‬","two":"‮ıu‬ {{value}} ‮ʍǝǝʞs‬","few":"‮ıu‬ {{value}} ‮ʍǝǝʞs‬","many":"‮ıu‬ {{value}} ‮ʍǝǝʞs‬","other":"‮ıu‬ {{value}} ‮ʍǝǝʞs‬"}},"months-until-long":{"_":{"zero":"‮ʇɥıs‬ ‮ɯouʇɥ‬","one":"‮uǝxʇ‬ ‮ɯouʇɥ‬","two":"‮ıu‬ {{value}} ‮ɯouʇɥs‬","few":"‮ıu‬ {{value}} ‮ɯouʇɥs‬","many":"‮ıu‬ {{value}} ‮ɯouʇɥs‬","other":"‮ıu‬ {{value}} ‮ɯouʇɥs‬"}},"years-until-long":{"_":{"zero":"‮ʇɥıs‬ ‮ʎǝɐɹ‬","one":"‮uǝxʇ‬ ‮ʎǝɐɹ‬","two":"‮ıu‬ {{value}} ‮ʎǝɐɹs‬","few":"‮ıu‬ {{value}} ‮ʎǝɐɹs‬","many":"‮ıu‬ {{value}} ‮ʎǝɐɹs‬","other":"‮ıu‬ {{value}} ‮ʎǝɐɹs‬"}},"minutes-ago-short":{"_":{"zero":"‮ɾnsʇ‬ ‮uoʍ‬","other":"{{value}}‮ɯ‬ ‮ɐƃo‬"}},"hours-ago-short":{"_":{"zero":"‮ɾnsʇ‬ ‮uoʍ‬","other":"{{value}}‮ɥ‬ ‮ɐƃo‬"}},"days-ago-short":{"_":{"zero":"‮ʇopɐʎ‬","other":"{{value}}‮p‬ ‮ɐƃo‬"}},"minutes-until-short":{"_":{"zero":"‮uoʍ‬","other":"‮ıu‬ {{value}}‮ɯ‬"}},"hours-until-short":{"_":{"zero":"‮uoʍ‬","other":"‮ıu‬ {{value}}‮ɥ‬"}},"days-until-short":{"_":{"zero":"‮ʇopɐʎ‬","other":"‮ıu‬ {{value}}‮p‬"}},"incorrectDate":"(‮ıuɔoɹɹǝɔʇ‬ ‮pɐʇǝ‬)","dateTimeFormat_%c":"%a %b %e %Y %I:%M:%S %p","dateTimeFormat_%x":"%m/%d/%Y","dateTimeFormat_%X":"%I:%M:%S %p","shortTimeFormat":"%I:%M %p","shortDateTimeFormat":"%x %I:%M %p","weekStartsOnMonday":"0","time_am":"‮∀W‬","time_pm":"‮ԀW‬"}