{
  "default": {
    "steps": [
      {
        "image": "/style/images/tutorial/1_large.png",
        "l10nKey": "tutorial-step1-large-2"
      },
      {
        "image": "/style/images/tutorial/2_large.png",
        "l10nKey": "tutorial-step2-large-2"
      },
      {
        "image": "/style/images/tutorial/3_large.png",
        "l10nKey": "tutorial-step3-large-2"
      },
      {
        "image": "/style/images/tutorial/4_large.png",
        "l10nKey": "tutorial-step4-large-2"
      }
    ]
  }
}
