{
  "default": {
    "steps": [
      {
        "video": "/style/images/tutorial/VerticalScroll.mp4",
        "l10nKey": "tutorial-vertical-scroll-tiny"
      },
      {
        "video": "/style/images/tutorial/Notifications.mp4",
        "l10nKey": "tutorial-notifications-tiny"
      },
      {
        "video": "/style/images/tutorial/Sheets.mp4",
        "l10nKey": "tutorial-sheets-tiny"
      }
    ]
  },
  "1.4..2.0": {
    "steps": [
      {
        "video": "/style/images/tutorial/VerticalScroll.mp4",
        "l10nKey": "tutorial-vertical-scroll-tiny"
      },
      {
        "video": "/style/images/tutorial/Sheets.mp4",
        "l10nKey": "tutorial-sheets-tiny"
      }
    ]
  },
  "1.3..2.0": {
    "steps": [
      {
        "video": "/style/images/tutorial/VerticalScroll.mp4",
        "l10nKey": "tutorial-vertical-scroll-tiny"
      },
      {
        "video": "/style/images/tutorial/Sheets.mp4",
        "l10nKey": "tutorial-sheets-tiny"
      }
    ]
  },
  "1.4..2.1": {
    "steps": [
      {
        "video": "/style/images/tutorial/VerticalScroll.mp4",
        "l10nKey": "tutorial-vertical-scroll-tiny"
      },
      {
        "video": "/style/images/tutorial/Sheets.mp4",
        "l10nKey": "tutorial-sheets-tiny"
      }
    ]
  },
  "1.3..2.1": {
    "steps": [
      {
        "video": "/style/images/tutorial/VerticalScroll.mp4",
        "l10nKey": "tutorial-vertical-scroll-tiny"
      },
      {
        "video": "/style/images/tutorial/Sheets.mp4",
        "l10nKey": "tutorial-sheets-tiny"
      }
    ]
  }
}
