{"close":"‮Ↄʅosǝ‬","import":"‮Iɯdoɹʇ‬","update":"‮∩dpɐʇǝ‬","fbFriends":"‮ɟɐɔǝqooʞ‬ ‮ɟɹıǝups‬","live-serviceName":"‮Onʇʅooʞ‬","gmail-serviceName":"‮פɯɐıʅ‬","facebook-serviceName":"‮ɟɐɔǝqooʞ‬ ‮ɟɹıǝups‬","selectAll":"‮Sǝʅǝɔʇ‬ ‮ɐʅʅ‬","deselectAll":"‮pǝsǝʅǝɔʇ‬ ‮ɐʅʅ‬","viewAll":"‮Ʌıǝʍ‬ ‮∀ʅʅ‬ ‮ɟɐɔǝqooʞ‬ ‮ɟɹıǝups‬","viewRecommend":"‮Ʌıǝʍ‬ ‮Ouʅʎ‬ ‮ᴚǝɔoɯɯǝupǝp‬","linkProposal":{"_":{"zero":"‮No‬ ‮ɯɐʇɔɥıuƃ‬ ‮ɟɹıǝups‬. ‮Sɥoʍıuƃ‬ ‮ɐʅʅ‬","one":"‮Sǝʅǝɔʇ‬ ‮ʇɥǝ‬ ‮ɹǝɔoɯɯǝupǝp‬ ‮ouǝ‬","two":"‮Sǝʅǝɔʇ‬ ‮ɐ‬ ‮ɹǝɔoɯɯǝupǝp‬ ‮ouǝ‬","few":"‮Sǝʅǝɔʇ‬ ‮ɐ‬ ‮ɹǝɔoɯɯǝupǝp‬ ‮ouǝ‬","many":"‮Sǝʅǝɔʇ‬ ‮ɐ‬ ‮ɹǝɔoɯɯǝupǝp‬ ‮ouǝ‬","other":"‮Sǝʅǝɔʇ‬ ‮ɐ‬ ‮ɹǝɔoɯɯǝupǝp‬ ‮ouǝ‬"}},"fbFriendsFound":{"_":{"zero":"‮∀ʅʅ‬ ‮ʎonɹ‬ ‮ɟɹıǝups‬ ‮ɐɹǝ‬ ‮ıɯdoɹʇǝp‬","one":"‮ɟonup‬ ‮ouǝ‬ ‮ɟɹıǝup‬ ‮ʇo‬ ‮ıɯdoɹʇ‬","two":"‮ɟonup‬ {{numFriends}} ‮ɟɹıǝups‬ ‮ʇo‬ ‮ıɯdoɹʇ‬","few":"‮ɟonup‬ {{numFriends}} ‮ɟɹıǝups‬ ‮ʇo‬ ‮ıɯdoɹʇ‬","many":"‮ɟonup‬ {{numFriends}} ‮ɟɹıǝups‬ ‮ʇo‬ ‮ıɯdoɹʇ‬","other":"‮ɟonup‬ {{numFriends}} ‮ɟɹıǝups‬ ‮ʇo‬ ‮ıɯdoɹʇ‬"}},"facebook":"‮ɟɐɔǝqooʞ‬","search-contact":{"placeholder":"‮Sǝɐɹɔɥ‬"},"noResults":"‮No‬ ‮ɔouʇɐɔʇs‬ ‮ɟonup‬","done-search":"‮pouǝ‬","progressFB3ImportTitle":"‮Iɯdoɹʇıuƃ‬ ‮ɟɹıǝups‬ ‮ʇo‬ ‮Ↄouʇɐɔʇs‬","progressFB":"{{current}}/{{total}}","progressFB3UpdateTitle":"‮∩dpɐʇıuƃ‬ ‮ɟɹıǝups‬ ‮ıu‬ ‮Ↄouʇɐɔʇs‬","message2":"‮⊥ɥıs‬ ‮ɯɐʎ‬ ‮ʇɐʞǝ‬ ‮ɐ‬ ‮ɔondʅǝ‬ ‮oɟ‬ ‮ɯıunʇǝs‬","messageLinking":"‮Ԁʅǝɐsǝ‬ ‮ɥoʅp‬ ‮ou‬. ‮Ｍǝ‬ ‮ɐɹǝ‬ ‮ʅıuʞıuƃ‬ ‮ʎonɹ‬ ‮ɟɹıǝup‬ ‮ɐup‬ ‮ʎonɹ‬ ‮ɔouʇɐɔʇ‬.","messageCanceling":"‮Ԁʅǝɐsǝ‬ ‮ɥoʅp‬ ‮ou‬. ‮Ｍǝ‬ ‮ɐɹǝ‬ ‮ɔɐuɔǝʅıuƃ‬ ‮ʇɥǝ‬ ‮ouƃoıuƃ‬ ‮odǝɹɐʇıou‬.","error1":"‮Ǝɹɹoɹ‬ {{from}}","error2":"‮po‬ ‮ʎon‬ ‮ʍɐuʇ‬ ‮ʇo‬ ‮ɹǝʇɹʎ‬?","errorProposal":"‮ɔɐʅɔnʅɐʇıuƃ‬ ‮dɹodosɐʅs‬","errorFriends":"‮ɹǝʇɹıǝʌıuƃ‬ ‮ɟɹıǝups‬","errorLinking":"‮ʅıuʞıuƃ‬ ‮ɔouʇɐɔʇ‬","timeout1":"‮Ǝxɔǝǝpǝp‬ ‮ʇıɯǝonʇ‬ {{from}}","timeout2":"‮po‬ ‮ʎon‬ ‮ʍɐuʇ‬ ‮ʇo‬ ‮ɹǝʇɹʎ‬?","timeoutProposal":"‮ɔɐʅɔnʅɐʇıuƃ‬ ‮dɹodosɐʅs‬","timeoutFriends":"‮ɹǝʇɹıǝʌıuƃ‬ ‮ɟɹıǝups‬","timeoutLinking":"‮ʅıuʞıuƃ‬ ‮ɔouʇɐɔʇs‬","wait1":"‮Ԁʅǝɐsǝ‬ ‮ɥoʅp‬ ‮ou‬","wait2":"‮⊥ɥıs‬ ‮ɯɐʎ‬ ‮ʇɐʞǝ‬ ‮ɐ‬ ‮ɔondʅǝ‬ ‮oɟ‬ ‮ɯıunʇǝs‬","waitProposal":"‮Ԁʅǝɐsǝ‬ ‮ɥoʅp‬ ‮ou‬. ‮Ｍǝ‬ ‮ɐɹǝ‬ ‮ɔɐʅɔnʅɐʇıuƃ‬ ‮ɐ‬ ‮dɹodosɐʅ‬.","waitFriends":"‮Ԁʅǝɐsǝ‬ ‮ɥoʅp‬ ‮ou‬. ‮Ｍǝ‬ ‮ɐɹǝ‬ ‮ɔouuǝɔʇıuƃ‬ ‮ʇo‬ ‮oqʇɐıu‬ ‮ʎonɹ‬ ‮ɟɹıǝup‬ ‮ʅısʇ‬.","curtainCancel":"‮Ↄɐuɔǝʅ‬","curtainRetry":"‮ᴚǝʇɹʎ‬","curtainOK":"‮OӼ‬","connectionLost":"‮No‬ ‮Iuʇǝɹuǝʇ‬ ‮ɔouuǝɔʇıou‬","connectionLostMsg":"‮ɟɹıǝups‬’ ‮dɥoʇos‬ ‮ʍıʅʅ‬ ‮uoʇ‬ ‮qǝ‬ ‮ɐppǝp‬ ‮ʇo‬ ‮ʎonɹ‬ ‮ɔouʇɐɔʇs‬. ‮Ↄouʇıunǝ‬ ‮ɐuʎʍɐʎ‬?","yesOption":"‮OӼ‬","noOption":"‮Ↄɐuɔǝʅ‬","friendsUpdated":{"_":{"zero":"‮No‬ ‮ɟɹıǝups‬ ‮ndpɐʇǝp‬","one":"‮∩dpɐʇǝp‬ ‮ouǝ‬ ‮ɟɹıǝup‬","two":"‮∩dpɐʇǝp‬ {{numFriends}} ‮ɟɹıǝups‬","few":"‮∩dpɐʇǝp‬ {{numFriends}} ‮ɟɹıǝups‬","many":"‮∩dpɐʇǝp‬ {{numFriends}} ‮ɟɹıǝups‬","other":"‮∩dpɐʇǝp‬ {{numFriends}} ‮ɟɹıǝups‬"}},"friendsMerged":{"_":{"zero":"‮No‬ ‮pndʅıɔɐʇǝp‬ ‮ɟɹıǝups‬ ‮ɯǝɹƃǝp‬","one":"‮Ouǝ‬ ‮pndʅıɔɐʇǝp‬ ‮ɟɹıǝup‬ ‮ɯǝɹƃǝp‬","two":"{{numDups}} ‮ɟɹıǝups‬ ‮ɯǝɹƃǝp‬","few":"{{numDups}} ‮ɟɹıǝups‬ ‮ɯǝɹƃǝp‬","many":"{{numDups}} ‮ɟɹıǝups‬ ‮ɯǝɹƃǝp‬","other":"{{numDups}} ‮ɟɹıǝups‬ ‮ɯǝɹƃǝp‬"}},"notificationLogin":"‮ʎonɹ‬ ‮ɟɐɔǝqooʞ‬ ‮sǝssıou‬ ‮ıs‬ ‮ıuʌɐʅıp‬. ‮Ԁʅǝɐsǝ‬ ‮sıƃu‬ ‮ıu‬.","syncError":"‮⊥ɥǝɹǝ‬ ‮ʍɐs‬ ‮ɐu‬ ‮ǝɹɹoɹ‬ ‮sʎuɔɥɹouızıuƃ‬ ‮ʎonɹ‬ ‮ɟɹıǝup‬’‮s‬ ‮pɐʇɐ‬","brandShortName":"‮Ԑ‬2‮פ‬ ‮OS‬","browserBrandShortName":"‮Ｍǝq‬ ‮Ԑɹoʍsǝɹ‬","browserBrandFullName":"‮Wozıʅʅɐ‬ ‮Ｍǝq‬ ‮Ԑɹoʍsǝɹ‬","back":"‮Ԑɐɔʞ‬","noSimMsg":"‮⊥o‬ ‮ıɯdoɹʇ‬ ‮ɔouʇɐɔʇs‬ ‮ıusǝɹʇ‬ ‮oɹ‬ ‮nuʅoɔʞ‬ ‮ʎonɹ‬ ‮SIW‬ ‮ɔɐɹp‬","noMemoryCardMsg":"‮⊥o‬ ‮ıɯdoɹʇ‬ ‮ɔouʇɐɔʇs‬ ‮ıusǝɹʇ‬ ‮ɐ‬ ‮ɯǝɯoɹʎ‬ ‮ɔɐɹp‬","importMemoryCard":"‮Wǝɯoɹʎ‬ ‮ɔɐɹp‬","noConnection11":"‮⊥o‬ ‮ıɯdoɹʇ‬ ‮ɟɐɔǝqooʞ‬ ‮ɟɹıǝups‬ ‮oɹ‬ ‮ɔouʇɐɔʇs‬ ‮ɔouuǝɔʇ‬ ‮ʇo‬ ‮Ｍı‬-‮ɟı‬ ‮oɹ‬ ‮pɐʇɐ‬ ‮uǝʇʍoɹʞ‬","simContacts-import":"‮Iɯdoɹʇ‬ ‮SIW‬ ‮ɔouʇɐɔʇs‬","simContacts-importing":"‮Iɯdoɹʇıuƃ‬ ‮SIW‬ ‮ɔouʇɐɔʇs‬…","simContacts-reading":"‮ᴚǝɐpıuƃ‬ ‮ɟɹoɯ‬ ‮SIW‬ ‮ɔɐɹp‬…","simContacts-error":"‮Ↄonʅp‬ ‮uoʇ‬ ‮ıɯdoɹʇ‬ ‮ɔouʇɐɔʇs‬ ‮ɟɹoɯ‬ ‮SIW‬","simContacts-imported3":{"_":{"zero":"‮No‬ ‮ɔouʇɐɔʇs‬ ‮pǝʇǝɔʇǝp‬ ‮ou‬ ‮SIW‬ ‮ʇo‬ ‮ıɯdoɹʇ‬","one":"‮Iɯdoɹʇǝp‬ ‮ouǝ‬ ‮ɔouʇɐɔʇ‬","two":"‮Iɯdoɹʇǝp‬ {{n}} ‮ɔouʇɐɔʇs‬","few":"‮Iɯdoɹʇǝp‬ {{n}} ‮ɔouʇɐɔʇs‬","many":"‮Iɯdoɹʇǝp‬ {{n}} ‮ɔouʇɐɔʇs‬","other":"‮Iɯdoɹʇǝp‬ {{n}} ‮ɔouʇɐɔʇs‬"}},"memoryCardContacts-import":"‮Iɯdoɹʇ‬ ‮ɔouʇɐɔʇs‬ ‮ɟɹoɯ‬ ‮ɯǝɯoɹʎ‬ ‮ɔɐɹp‬","memoryCardContacts-importing":"‮Iɯdoɹʇıuƃ‬ ‮ɔouʇɐɔʇs‬ ‮ɟɹoɯ‬ ‮ɯǝɯoɹʎ‬ ‮ɔɐɹp‬…","memoryCardContacts-reading":"‮ᴚǝɐpıuƃ‬ ‮ɟɹoɯ‬ ‮ɯǝɯoɹʎ‬ ‮ɔɐɹp‬…","memoryCardContacts-error":"‮Ↄonʅp‬ ‮uoʇ‬ ‮ıɯdoɹʇ‬ ‮ɔouʇɐɔʇs‬ ‮ɟɹoɯ‬ ‮ɯǝɯoɹʎ‬ ‮ɔɐɹp‬","memoryCardContacts-imported3":{"_":{"zero":"‮No‬ ‮ɔouʇɐɔʇs‬ ‮pǝʇǝɔʇǝp‬ ‮ou‬ ‮ɯǝɯoɹʎ‬ ‮ɔɐɹp‬ ‮ʇo‬ ‮ıɯdoɹʇ‬","one":"‮Iɯdoɹʇǝp‬ ‮ouǝ‬ ‮ɔouʇɐɔʇ‬","two":"‮Iɯdoɹʇǝp‬ {{n}} ‮ɔouʇɐɔʇs‬","few":"‮Iɯdoɹʇǝp‬ {{n}} ‮ɔouʇɐɔʇs‬","many":"‮Iɯdoɹʇǝp‬ {{n}} ‮ɔouʇɐɔʇs‬","other":"‮Iɯdoɹʇǝp‬ {{n}} ‮ɔouʇɐɔʇs‬"}},"genericProgress":"{{current}}/{{total}}","facebook-import-msg":{"_":{"zero":"‮No‬ ‮ɟɹıǝups‬ ‮ıɯdoɹʇǝp‬ (‮onʇ‬ ‮oɟ‬ {{total}})","one":"‮Ouǝ‬ ‮ɟɹıǝup‬ ‮ıɯdoɹʇǝp‬ (‮onʇ‬ ‮oɟ‬ {{total}})","two":"{{imported}}/{{total}} ‮ɟɹıǝups‬ ‮ıɯdoɹʇǝp‬","few":"{{imported}}/{{total}} ‮ɟɹıǝups‬ ‮ıɯdoɹʇǝp‬","many":"{{imported}}/{{total}} ‮ɟɹıǝups‬ ‮ıɯdoɹʇǝp‬","other":"{{imported}}/{{total}} ‮ɟɹıǝups‬ ‮ıɯdoɹʇǝp‬"}},"contactsMerged":{"_":{"zero":"‮No‬ ‮pndʅıɔɐʇǝp‬ ‮ɔouʇɐɔʇs‬ ‮ɯǝɹƃǝp‬","one":"‮Ouǝ‬ ‮pndʅıɔɐʇǝp‬ ‮ɔouʇɐɔʇ‬ ‮ɯǝɹƃǝp‬","two":"{{numDups}} ‮ɔouʇɐɔʇs‬ ‮ɯǝɹƃǝp‬","few":"{{numDups}} ‮ɔouʇɐɔʇs‬ ‮ɯǝɹƃǝp‬","many":"{{numDups}} ‮ɔouʇɐɔʇs‬ ‮ɯǝɹƃǝp‬","other":"{{numDups}} ‮ɔouʇɐɔʇs‬ ‮ɯǝɹƃǝp‬"}},"pincode2":"‮Ǝuʇǝɹ‬ ‮ԀIN‬ ‮ɔopǝ‬","type_pin":"‮⊥ʎdǝ‬ ‮ʎonɹ‬ ‮ԀIN‬ ‮ɔopǝ‬","pincodeLabel":"‮SIW‬ {{n}} ‮ԀIN‬","pinValidation":"‮ԀIN‬ ‮ɯnsʇ‬ ‮ɥɐʌǝ‬ ‮qǝʇʍǝǝu‬ 4 ‮ɐup‬ 8 ‮ɔɥɐɹɐɔʇǝɹs‬.","pinError":"‮⊥ɥǝ‬ ‮ԀIN‬ ‮ʍɐs‬ ‮ıuɔoɹɹǝɔʇ‬.","pinAttemptMsg2":{"_":{"one":"‮ʎon‬ ‮ɥɐʌǝ‬ ‮ouǝ‬ ‮ʇɹʎ‬ ‮ʅǝɟʇ‬ ‮ʇo‬ ‮ǝuʇǝɹ‬ ‮ʇɥǝ‬ ‮ɔoɹɹǝɔʇ‬ ‮ɔopǝ‬ ‮qǝɟoɹǝ‬ ‮ʅoɔʞıuƃ‬ ‮ʇɥǝ‬ ‮SIW‬ ‮ɔɐɹp‬.","two":"‮ʎon‬ ‮ɥɐʌǝ‬ {{n}} ‮ʇɹıǝs‬ ‮ʅǝɟʇ‬ ‮ʇo‬ ‮ǝuʇǝɹ‬ ‮ʇɥǝ‬ ‮ɔoɹɹǝɔʇ‬ ‮ɔopǝ‬ ‮qǝɟoɹǝ‬ ‮ʅoɔʞıuƃ‬ ‮ʇɥǝ‬ ‮SIW‬ ‮ɔɐɹp‬.","few":"‮ʎon‬ ‮ɥɐʌǝ‬ {{n}} ‮ʇɹıǝs‬ ‮ʅǝɟʇ‬ ‮ʇo‬ ‮ǝuʇǝɹ‬ ‮ʇɥǝ‬ ‮ɔoɹɹǝɔʇ‬ ‮ɔopǝ‬ ‮qǝɟoɹǝ‬ ‮ʅoɔʞıuƃ‬ ‮ʇɥǝ‬ ‮SIW‬ ‮ɔɐɹp‬.","many":"‮ʎon‬ ‮ɥɐʌǝ‬ {{n}} ‮ʇɹıǝs‬ ‮ʅǝɟʇ‬ ‮ʇo‬ ‮ǝuʇǝɹ‬ ‮ʇɥǝ‬ ‮ɔoɹɹǝɔʇ‬ ‮ɔopǝ‬ ‮qǝɟoɹǝ‬ ‮ʅoɔʞıuƃ‬ ‮ʇɥǝ‬ ‮SIW‬ ‮ɔɐɹp‬.","other":"‮ʎon‬ ‮ɥɐʌǝ‬ {{n}} ‮ʇɹıǝs‬ ‮ʅǝɟʇ‬ ‮ʇo‬ ‮ǝuʇǝɹ‬ ‮ʇɥǝ‬ ‮ɔoɹɹǝɔʇ‬ ‮ɔopǝ‬ ‮qǝɟoɹǝ‬ ‮ʅoɔʞıuƃ‬ ‮ʇɥǝ‬ ‮SIW‬ ‮ɔɐɹp‬."}},"pinLastChanceMsg":"‮⊥ɥıs‬ ‮ıs‬ ‮ʎonɹ‬ ‮ʅɐsʇ‬ ‮ɔɥɐuɔǝ‬ ‮ʇo‬ ‮ǝuʇǝɹ‬ ‮ʇɥǝ‬ ‮ɔoɹɹǝɔʇ‬ ‮ԀIN‬. ‮Oʇɥǝɹʍısǝ‬, ‮ʎon‬ ‮ɯnsʇ‬ ‮ǝuʇǝɹ‬ ‮ʇɥǝ‬ ‮Ԁ∩Ӽ‬ ‮ɔopǝ‬ ‮ʇo‬ ‮nsǝ‬ ‮ʇɥıs‬ ‮SIW‬ ‮ɔɐɹp‬.","pukcode":"‮Ǝuʇǝɹ‬ ‮Ԁ∩Ӽ‬ ‮ɔopǝ‬","pukcodeTitle":"‮Ǝuʇǝɹ‬ ‮SIW‬ {{n}} ‮Ԁ∩Ӽ‬","pukcodeLabel":"‮SIW‬ {{n}} ‮Ԁ∩Ӽ‬","type_puk":"‮Ԁ∩Ӽ‬ ‮ɔopǝ‬","pukValidation":"‮Ԁ∩Ӽ‬ ‮ɔopǝ‬ ‮ɯnsʇ‬ ‮ɥɐʌǝ‬ ‮ǝxɐɔʇʅʎ‬ 8 ‮ɔɥɐɹɐɔʇǝɹs‬.","pukInfo":"‮ʎon‬ ‮ɯnsʇ‬ ‮ǝuʇǝɹ‬ ‮ʇɥǝ‬ ‮Ԁǝɹsouɐʅ‬ ‮∩uʅoɔʞıuƃ‬ ‮Ӽǝʎ‬ (‮Ԁ∩Ӽ‬) ‮Ↄopǝ‬ ‮ɟoɹ‬ ‮ʇɥǝ‬ ‮SIW‬ ‮ɔɐɹp‬. ‮ᴚǝɟǝɹ‬ ‮ʇo‬ ‮ʎonɹ‬ ‮SIW‬ ‮ɔɐɹp‬ ‮poɔnɯǝuʇɐʇıou‬ ‮oɹ‬ ‮ɔouʇɐɔʇ‬ ‮ʎonɹ‬ ‮ɔɐɹɹıǝɹ‬ ‮ɟoɹ‬ ‮ɯoɹǝ‬ ‮ıuɟoɹɯɐʇıou‬.","pukError":"‮⊥ɥǝ‬ ‮Ԁ∩Ӽ‬ ‮ʍɐs‬ ‮ıuɔoɹɹǝɔʇ‬.","pukAttemptMsg2":{"_":{"one":"‮ʎon‬ ‮ɥɐʌǝ‬ ‮ouǝ‬ ‮ʇɹʎ‬ ‮ʅǝɟʇ‬ ‮ʇo‬ ‮ǝuʇǝɹ‬ ‮ʇɥǝ‬ ‮ɔoɹɹǝɔʇ‬ ‮ɔopǝ‬ ‮qǝɟoɹǝ‬ ‮ʇɥıs‬ ‮SIW‬ ‮ɔɐɹp‬ ‮ʍıʅʅ‬ ‮qǝ‬ ‮dǝɹɯɐuǝuʇʅʎ‬ ‮nunsɐqʅǝ‬. ‮ᴚǝɟǝɹ‬ ‮ʇo‬ ‮ʎonɹ‬ ‮SIW‬ ‮ɔɐɹp‬ ‮poɔnɯǝuʇɐʇıou‬ ‮oɹ‬ ‮ɔouʇɐɔʇ‬ ‮ʎonɹ‬ ‮ɔɐɹɹıǝɹ‬ ‮ɟoɹ‬ ‮ɯoɹǝ‬ ‮ıuɟoɹɯɐʇıou‬.","two":"‮ʎon‬ ‮ɥɐʌǝ‬ {{n}} ‮ʇɹıǝs‬ ‮ʅǝɟʇ‬ ‮ʇo‬ ‮ǝuʇǝɹ‬ ‮ʇɥǝ‬ ‮ɔoɹɹǝɔʇ‬ ‮ɔopǝ‬ ‮qǝɟoɹǝ‬ ‮ʇɥıs‬ ‮SIW‬ ‮ɔɐɹp‬ ‮ʍıʅʅ‬ ‮qǝ‬ ‮dǝɹɯɐuǝuʇʅʎ‬ ‮nunsɐqʅǝ‬. ‮ᴚǝɟǝɹ‬ ‮ʇo‬ ‮ʎonɹ‬ ‮SIW‬ ‮ɔɐɹp‬ ‮poɔnɯǝuʇɐʇıou‬ ‮oɹ‬ ‮ɔouʇɐɔʇ‬ ‮ʎonɹ‬ ‮ɔɐɹɹıǝɹ‬ ‮ɟoɹ‬ ‮ɯoɹǝ‬ ‮ıuɟoɹɯɐʇıou‬.","few":"‮ʎon‬ ‮ɥɐʌǝ‬ {{n}} ‮ʇɹıǝs‬ ‮ʅǝɟʇ‬ ‮ʇo‬ ‮ǝuʇǝɹ‬ ‮ʇɥǝ‬ ‮ɔoɹɹǝɔʇ‬ ‮ɔopǝ‬ ‮qǝɟoɹǝ‬ ‮ʇɥıs‬ ‮SIW‬ ‮ɔɐɹp‬ ‮ʍıʅʅ‬ ‮qǝ‬ ‮dǝɹɯɐuǝuʇʅʎ‬ ‮nunsɐqʅǝ‬. ‮ᴚǝɟǝɹ‬ ‮ʇo‬ ‮ʎonɹ‬ ‮SIW‬ ‮ɔɐɹp‬ ‮poɔnɯǝuʇɐʇıou‬ ‮oɹ‬ ‮ɔouʇɐɔʇ‬ ‮ʎonɹ‬ ‮ɔɐɹɹıǝɹ‬ ‮ɟoɹ‬ ‮ɯoɹǝ‬ ‮ıuɟoɹɯɐʇıou‬.","many":"‮ʎon‬ ‮ɥɐʌǝ‬ {{n}} ‮ʇɹıǝs‬ ‮ʅǝɟʇ‬ ‮ʇo‬ ‮ǝuʇǝɹ‬ ‮ʇɥǝ‬ ‮ɔoɹɹǝɔʇ‬ ‮ɔopǝ‬ ‮qǝɟoɹǝ‬ ‮ʇɥıs‬ ‮SIW‬ ‮ɔɐɹp‬ ‮ʍıʅʅ‬ ‮qǝ‬ ‮dǝɹɯɐuǝuʇʅʎ‬ ‮nunsɐqʅǝ‬. ‮ᴚǝɟǝɹ‬ ‮ʇo‬ ‮ʎonɹ‬ ‮SIW‬ ‮ɔɐɹp‬ ‮poɔnɯǝuʇɐʇıou‬ ‮oɹ‬ ‮ɔouʇɐɔʇ‬ ‮ʎonɹ‬ ‮ɔɐɹɹıǝɹ‬ ‮ɟoɹ‬ ‮ɯoɹǝ‬ ‮ıuɟoɹɯɐʇıou‬.","other":"‮ʎon‬ ‮ɥɐʌǝ‬ {{n}} ‮ʇɹıǝs‬ ‮ʅǝɟʇ‬ ‮ʇo‬ ‮ǝuʇǝɹ‬ ‮ʇɥǝ‬ ‮ɔoɹɹǝɔʇ‬ ‮ɔopǝ‬ ‮qǝɟoɹǝ‬ ‮ʇɥıs‬ ‮SIW‬ ‮ɔɐɹp‬ ‮ʍıʅʅ‬ ‮qǝ‬ ‮dǝɹɯɐuǝuʇʅʎ‬ ‮nunsɐqʅǝ‬. ‮ᴚǝɟǝɹ‬ ‮ʇo‬ ‮ʎonɹ‬ ‮SIW‬ ‮ɔɐɹp‬ ‮poɔnɯǝuʇɐʇıou‬ ‮oɹ‬ ‮ɔouʇɐɔʇ‬ ‮ʎonɹ‬ ‮ɔɐɹɹıǝɹ‬ ‮ɟoɹ‬ ‮ɯoɹǝ‬ ‮ıuɟoɹɯɐʇıou‬."}},"pukLastChanceMsg":"‮⊥ɥıs‬ ‮ıs‬ ‮ʎonɹ‬ ‮ʅɐsʇ‬ ‮ɔɥɐuɔǝ‬ ‮ʇo‬ ‮ǝuʇǝɹ‬ ‮ʇɥǝ‬ ‮ɔoɹɹǝɔʇ‬ ‮Ԁ∩Ӽ‬ ‮ɔopǝ‬. ‮ʎonɹ‬ ‮SIW‬ ‮ɔɐɹp‬ ‮ʍıʅʅ‬ ‮qǝ‬ ‮dǝɹɯɐuǝuʇʅʎ‬ ‮nunsɐqʅǝ‬ ‮ıɟ‬ ‮ʎon‬ ‮ǝuʇǝɹ‬ ‮ıu‬ ‮ʇɥǝ‬ ‮ʍɹouƃ‬ ‮Ԁ∩Ӽ‬ ‮ɔopǝ‬.","create_newpin":"‮Ↄɹǝɐʇǝ‬ ‮uǝʍ‬ ‮ԀIN‬ (4 ‮ʇo‬ 8 ‮pıƃıʇs‬)","confirm_newpin":"‮Ↄouɟıɹɯ‬ ‮uǝʍ‬ ‮ԀIN‬","newpinConfirmation":"‮ԀINs‬ ‮pou‬’‮ʇ‬ ‮ɯɐʇɔɥ‬","nckcode":"‮Ǝuʇǝɹ‬ ‮NↃӼ‬ ‮ɔopǝ‬","cckcode":"‮Ǝuʇǝɹ‬ ‮ↃↃӼ‬ ‮ɔopǝ‬","spckcode":"‮Ǝuʇǝɹ‬ ‮SԀↃӼ‬ ‮ɔopǝ‬","nck1code":"‮Ǝuʇǝɹ‬ ‮NↃӼ‬1 ‮ɔopǝ‬","nck2code":"‮Ǝuʇǝɹ‬ ‮NↃӼ‬2 ‮ɔopǝ‬","hnckcode":"‮Ǝuʇǝɹ‬ ‮HNↃӼ‬ ‮ɔopǝ‬","rcckcode":"‮Ǝuʇǝɹ‬ ‮ᴚↃↃӼ‬ ‮ɔopǝ‬","rspckcode":"‮Ǝuʇǝɹ‬ ‮ᴚSԀↃӼ‬ ‮ɔopǝ‬","nckcodeTitle":"‮Ǝuʇǝɹ‬ ‮SIW‬ {{n}} ‮NↃӼ‬","cckcodeTitle":"‮Ǝuʇǝɹ‬ ‮SIW‬ {{n}} ‮ↃↃӼ‬","spckcodeTitle":"‮Ǝuʇǝɹ‬ ‮SIW‬ {{n}} ‮SԀↃӼ‬","nck1codeTitle":"‮Ǝuʇǝɹ‬ ‮SIW‬ {{n}} ‮NↃӼ‬1","nck2codeTitle":"‮Ǝuʇǝɹ‬ ‮SIW‬ {{n}} ‮NↃӼ‬2","hnckcodeTitle":"‮Ǝuʇǝɹ‬ ‮SIW‬ {{n}} ‮HNↃӼ‬","rcckcodeTitle":"‮Ǝuʇǝɹ‬ ‮SIW‬ {{n}} ‮ᴚↃↃӼ‬","rspckcodeTitle":"‮Ǝuʇǝɹ‬ ‮SIW‬ {{n}} ‮ᴚSԀↃӼ‬","nckcodeLabel":"‮SIW‬ {{n}} ‮NↃӼ‬","cckcodeLabel":"‮SIW‬ {{n}} ‮ↃↃӼ‬","spckcodeLabel":"‮SIW‬ {{n}} ‮SԀↃӼ‬","nck1codeLabel":"‮SIW‬ {{n}} ‮NↃӼ‬1","nck2codeLabel":"‮SIW‬ {{n}} ‮NↃӼ‬2","hnckcodeLabel":"‮SIW‬ {{n}} ‮HNↃӼ‬","rcckcodeLabel":"‮SIW‬ {{n}} ‮ᴚↃↃӼ‬","rspckcodeLabel":"‮SIW‬ {{n}} ‮ᴚSԀↃӼ‬","type_nck":"‮⊥ʎdǝ‬ ‮ʎonɹ‬ ‮NↃӼ‬ ‮ɔopǝ‬","type_cck":"‮⊥ʎdǝ‬ ‮ʎonɹ‬ ‮ↃↃӼ‬ ‮ɔopǝ‬","type_spck":"‮⊥ʎdǝ‬ ‮ʎonɹ‬ ‮SԀↃӼ‬ ‮ɔopǝ‬","type_nck1":"‮⊥ʎdǝ‬ ‮ʎonɹ‬ ‮NↃӼ‬1 ‮ɔopǝ‬","type_nck2":"‮⊥ʎdǝ‬ ‮ʎonɹ‬ ‮NↃӼ‬2 ‮ɔopǝ‬","type_hnck":"‮⊥ʎdǝ‬ ‮ʎonɹ‬ ‮HNↃӼ‬ ‮ɔopǝ‬","type_rcck":"‮⊥ʎdǝ‬ ‮ʎonɹ‬ ‮ᴚↃↃӼ‬ ‮ɔopǝ‬","type_rspck":"‮⊥ʎdǝ‬ ‮ʎonɹ‬ ‮ᴚSԀↃӼ‬ ‮ɔopǝ‬","nckValidation":"‮NↃӼ‬ ‮ɯnsʇ‬ ‮ɥɐʌǝ‬ ‮qǝʇʍǝǝu‬ 8 ‮ɐup‬ 16 ‮ɔɥɐɹɐɔʇǝɹs‬.","cckValidation":"‮ↃↃӼ‬ ‮ɯnsʇ‬ ‮ɥɐʌǝ‬ ‮qǝʇʍǝǝu‬ 8 ‮ɐup‬ 16 ‮ɔɥɐɹɐɔʇǝɹs‬.","spckValidation":"‮SԀↃӼ‬ ‮ɯnsʇ‬ ‮ɥɐʌǝ‬ ‮qǝʇʍǝǝu‬ 8 ‮ɐup‬ 16 ‮ɔɥɐɹɐɔʇǝɹs‬.","nck1Validation":"‮NↃӼ‬1 ‮ɯnsʇ‬ ‮ɥɐʌǝ‬ ‮qǝʇʍǝǝu‬ 8 ‮ɐup‬ 16 ‮ɔɥɐɹɐɔʇǝɹs‬.","nck2Validation":"‮NↃӼ‬2 ‮ɯnsʇ‬ ‮ɥɐʌǝ‬ ‮qǝʇʍǝǝu‬ 8 ‮ɐup‬ 16 ‮ɔɥɐɹɐɔʇǝɹs‬.","hnckValidation":"‮HNↃӼ‬ ‮ɯnsʇ‬ ‮ɥɐʌǝ‬ ‮qǝʇʍǝǝu‬ 8 ‮ɐup‬ 16 ‮ɔɥɐɹɐɔʇǝɹs‬.","rcckValidation":"‮ᴚↃↃӼ‬ ‮ɯnsʇ‬ ‮ɥɐʌǝ‬ ‮qǝʇʍǝǝu‬ 8 ‮ɐup‬ 16 ‮ɔɥɐɹɐɔʇǝɹs‬.","rspckValidation":"‮ᴚSԀↃӼ‬ ‮ɯnsʇ‬ ‮ɥɐʌǝ‬ ‮qǝʇʍǝǝu‬ 8 ‮ɐup‬ 16 ‮ɔɥɐɹɐɔʇǝɹs‬.","nckErrorMsg":"‮⊥ɥǝ‬ ‮NↃӼ‬ ‮ɔopǝ‬ ‮ıs‬ ‮ıuɔoɹɹǝɔʇ‬.","nckAttemptMsg2":{"_":{"one":"‮Nǝʇʍoɹʞ‬ ‮pǝdǝɹsouɐʅızɐʇıou‬ ‮ɹǝbnǝsʇ‬ ‮ɟɐıʅnɹǝ‬. ‮ʎon‬ ‮ɥɐʌǝ‬ ‮ouǝ‬ ‮ʇɹʎ‬ ‮ʅǝɟʇ‬ ‮ʇo‬ ‮ǝuʇǝɹ‬ ‮ʇɥǝ‬ ‮ɔoɹɹǝɔʇ‬ ‮ɔopǝ‬. ‮ᴚǝɟǝɹ‬ ‮ʇo‬ ‮ʎonɹ‬ ‮pǝʌıɔǝ‬ ‮poɔnɯǝuʇɐʇıou‬ ‮oɹ‬ ‮ɔouʇɐɔʇ‬ ‮ʎonɹ‬ ‮ɔɐɹɹıǝɹ‬ ‮ɟoɹ‬ ‮ɯoɹǝ‬ ‮ıuɟoɹɯɐʇıou‬.","two":"‮Nǝʇʍoɹʞ‬ ‮pǝdǝɹsouɐʅızɐʇıou‬ ‮ɹǝbnǝsʇ‬ ‮ɟɐıʅnɹǝ‬. ‮ʎon‬ ‮ɥɐʌǝ‬ {{n}} ‮ʇɹıǝs‬ ‮ʅǝɟʇ‬ ‮ʇo‬ ‮ǝuʇǝɹ‬ ‮ʇɥǝ‬ ‮ɔoɹɹǝɔʇ‬ ‮ɔopǝ‬. ‮ᴚǝɟǝɹ‬ ‮ʇo‬ ‮ʎonɹ‬ ‮pǝʌıɔǝ‬ ‮poɔnɯǝuʇɐʇıou‬ ‮oɹ‬ ‮ɔouʇɐɔʇ‬ ‮ʎonɹ‬ ‮ɔɐɹɹıǝɹ‬ ‮ɟoɹ‬ ‮ɯoɹǝ‬ ‮ıuɟoɹɯɐʇıou‬.","few":"‮Nǝʇʍoɹʞ‬ ‮pǝdǝɹsouɐʅızɐʇıou‬ ‮ɹǝbnǝsʇ‬ ‮ɟɐıʅnɹǝ‬. ‮ʎon‬ ‮ɥɐʌǝ‬ {{n}} ‮ʇɹıǝs‬ ‮ʅǝɟʇ‬ ‮ʇo‬ ‮ǝuʇǝɹ‬ ‮ʇɥǝ‬ ‮ɔoɹɹǝɔʇ‬ ‮ɔopǝ‬. ‮ᴚǝɟǝɹ‬ ‮ʇo‬ ‮ʎonɹ‬ ‮pǝʌıɔǝ‬ ‮poɔnɯǝuʇɐʇıou‬ ‮oɹ‬ ‮ɔouʇɐɔʇ‬ ‮ʎonɹ‬ ‮ɔɐɹɹıǝɹ‬ ‮ɟoɹ‬ ‮ɯoɹǝ‬ ‮ıuɟoɹɯɐʇıou‬.","many":"‮Nǝʇʍoɹʞ‬ ‮pǝdǝɹsouɐʅızɐʇıou‬ ‮ɹǝbnǝsʇ‬ ‮ɟɐıʅnɹǝ‬. ‮ʎon‬ ‮ɥɐʌǝ‬ {{n}} ‮ʇɹıǝs‬ ‮ʅǝɟʇ‬ ‮ʇo‬ ‮ǝuʇǝɹ‬ ‮ʇɥǝ‬ ‮ɔoɹɹǝɔʇ‬ ‮ɔopǝ‬. ‮ᴚǝɟǝɹ‬ ‮ʇo‬ ‮ʎonɹ‬ ‮pǝʌıɔǝ‬ ‮poɔnɯǝuʇɐʇıou‬ ‮oɹ‬ ‮ɔouʇɐɔʇ‬ ‮ʎonɹ‬ ‮ɔɐɹɹıǝɹ‬ ‮ɟoɹ‬ ‮ɯoɹǝ‬ ‮ıuɟoɹɯɐʇıou‬.","other":"‮Nǝʇʍoɹʞ‬ ‮pǝdǝɹsouɐʅızɐʇıou‬ ‮ɹǝbnǝsʇ‬ ‮ɟɐıʅnɹǝ‬. ‮ʎon‬ ‮ɥɐʌǝ‬ {{n}} ‮ʇɹıǝs‬ ‮ʅǝɟʇ‬ ‮ʇo‬ ‮ǝuʇǝɹ‬ ‮ʇɥǝ‬ ‮ɔoɹɹǝɔʇ‬ ‮ɔopǝ‬. ‮ᴚǝɟǝɹ‬ ‮ʇo‬ ‮ʎonɹ‬ ‮pǝʌıɔǝ‬ ‮poɔnɯǝuʇɐʇıou‬ ‮oɹ‬ ‮ɔouʇɐɔʇ‬ ‮ʎonɹ‬ ‮ɔɐɹɹıǝɹ‬ ‮ɟoɹ‬ ‮ɯoɹǝ‬ ‮ıuɟoɹɯɐʇıou‬."}},"nckLastChanceMsg":"‮Nǝʇʍoɹʞ‬ ‮pǝdǝɹsouɐʅızɐʇıou‬ ‮ɹǝbnǝsʇ‬ ‮ɟɐıʅnɹǝ‬. ‮˥ɐsʇ‬ ‮ɔɥɐuɔǝ‬ ‮ʇo‬ ‮ǝuʇǝɹ‬ ‮ʇɥǝ‬ ‮ɔoɹɹǝɔʇ‬ ‮NↃӼ‬ ‮ɔopǝ‬. ‮ᴚǝɟǝɹ‬ ‮ʇo‬ ‮ʎonɹ‬ ‮pǝʌıɔǝ‬ ‮poɔnɯǝuʇɐʇıou‬ ‮oɹ‬ ‮ɔouʇɐɔʇ‬ ‮ʎonɹ‬ ‮ɔɐɹɹıǝɹ‬ ‮ɟoɹ‬ ‮ɯoɹǝ‬ ‮ıuɟoɹɯɐʇıou‬.","skip":"‮Sʞıd‬","send":"‮Sǝup‬","ok":"‮OӼ‬","simLocked":"‮⊥ɥǝ‬ ‮SIW‬ ‮ɔɐɹp‬ ‮ıs‬ ‮ʅoɔʞǝp‬","inputCodeRetriesLeft":{"_":{"one":"‮˥ɐsʇ‬ ‮ʇɹʎ‬.","two":"{{n}} ‮ʇɹıǝs‬ ‮ʅǝɟʇ‬.","few":"{{n}} ‮ʇɹıǝs‬ ‮ʅǝɟʇ‬.","many":"{{n}} ‮ʇɹıǝs‬ ‮ʅǝɟʇ‬.","other":"{{n}} ‮ʇɹıǝs‬ ‮ʅǝɟʇ‬."}},"simManager":"‮SIW‬ ‮Wɐuɐƃǝɹ‬","simDetail":"‮SIW‬ {{n}}","simDefault":"(‮pǝɟɐnʅʇ‬)","simDefaultMessage":"‮Onʇƃoıuƃ‬ ‮ɔɐʅʅs‬, ‮onʇƃoıuƃ‬ ‮ɯǝssɐƃǝs‬ ‮ɐup‬ ‮pɐʇɐ‬ ‮ɔouuǝɔʇıou‬ ‮ɐɹǝ‬ ‮sǝʇ‬ ‮ʇo‬ ‮SIW‬ 1 ‮ɐs‬ ‮pǝɟɐnʅʇ‬","simSettingsMessage":"‮ʎon‬ ‮ɔɐu‬ ‮ɔɥɐuƃǝ‬ ‮pǝɟɐnʅʇ‬ ‮sǝʇʇıuƃs‬ ‮ɐʇ‬ ‮Sǝʇʇıuƃs‬ > ‮SIW‬ ‮ɯɐuɐƃǝɹ‬","simPinLocked":"‮SIW‬ ‮ԀIN‬ ‮ʅoɔʞǝp‬","noOperator":"‮No‬ ‮odǝɹɐʇoɹ‬","language":"‮˥ɐuƃnɐƃǝ‬","3g":"‮Ↄǝʅʅnʅɐɹ‬ ‮pɐʇɐ‬","dataConnection":"‮Ǝuɐqʅǝ‬ ‮pɐʇɐ‬","dataConnectionInfo":"‮Ǝuɐqʅıuƃ‬ ‮pɐʇɐ‬ ‮ɔouuǝɔʇıou‬ ‮uoʍ‬ ‮ʍıʅʅ‬ ‮ɐʅʅoʍ‬ ‮ʎon‬ ‮ʇo‬ ‮sǝʇ‬ ‮nd‬ ‮ʎonɹ‬ ‮dɥouǝ‬ ‮ʍıʇɥonʇ‬ ‮ɐ‬ ‮Ｍı‬-‮ɟı‬ ‮ɔouuǝɔʇıou‬. ‮ʎon‬ ‮ɯɐʎ‬ ‮ɐʅso‬ ‮ǝuɐqʅǝ‬ ‮ıʇ‬ ‮ʅɐʇǝɹ‬ ‮ou‬ ‮ıu‬ ‮Sǝʇʇıuƃs‬. ‮ſnsʇ‬ ‮ɯɐʞǝ‬ ‮snɹǝ‬ ‮ʎon‬ ‮ɥɐʌǝ‬ ‮ɐ‬ ‮pɐʇɐ‬ ‮dʅɐu‬ ‮ʍıʇɥ‬ ‮ʎonɹ‬ ‮ɔɐɹɹıǝɹ‬ ‮ʇo‬ ‮ɐʌoıp‬ ‮doʇǝuʇıɐʅʅʎ‬ ‮ɥǝɟʇʎ‬ ‮ɔɥɐɹƃǝs‬.","caution":"‮Ｍɐɹuıuƃ‬","geolocation":"‮פǝoʅoɔɐʇıou‬","geolocationCheckbox":"‮Ǝuɐqʅǝ‬ ‮פǝoʅoɔɐʇıou‬","geolocationInfo2":"{{brandShortName}} ‮nsǝs‬ ‮pɐʇɐ‬ ‮snɔɥ‬ ‮ɐs‬ ‮פԀS‬, ‮Ｍı‬-‮ɟı‬, ‮ɐup‬ ‮ɯoqıʅǝ‬ ‮uǝʇʍoɹʞs‬ ‮uǝɐɹ‬ ‮ʎon‬ ‮ʇo‬ ‮ɥǝʅd‬ ‮pǝʇǝɹɯıuǝ‬ ‮ʎonɹ‬ ‮ɐddɹoxıɯɐʇǝ‬ ‮ʅoɔɐʇıou‬.","geolocationInfoMore":"‮pɐʇɐ‬ ‮ıs‬ ‮sǝuʇ‬ ‮ʇo‬ ‮Wozıʅʅɐ‬ ‮ɐup‬ ‮oʇɥǝɹ‬ ‮sǝɹʌıɔǝ‬ ‮dɹoʌıpǝɹs‬ ‮ɐup‬ ‮ʍıʅʅ‬ ‮qǝ‬ ‮nsǝp‬ ‮ıu‬ ‮ʇɥǝ‬ ‮ɐƃƃɹǝƃɐʇǝ‬ ‮ʇo‬ ‮ıɯdɹoʌǝ‬ ‮ʇɥosǝ‬ ‮ʅoɔɐʇıou‬ ‮pɐʇɐqɐsǝs‬.  ‮pɐʇɐ‬ ‮ɯɐʎ‬ ‮qǝ‬ ‮sʇoɹǝp‬ ‮ou‬ ‮ʎonɹ‬ ‮pǝʌıɔǝ‬ ‮ɐup‬ ‮pɐʇɐ‬ ‮ɔoʅʅǝɔʇıou‬ ‮ɯɐʎ‬ ‮oɔɔnɹ‬ ‮ǝʌǝu‬ ‮ʍɥǝu‬ ‮uo‬ ‮ɐdds‬ ‮ɐɹǝ‬ ‮ɹnuuıuƃ‬.","notice":"‮Noʇıɔǝ‬","aboutYourPrivacy":"‮Woɹǝ‬ ‮ɐqonʇ‬ ‮ʎonɹ‬ ‮dɹıʌɐɔʎ‬","scanningNetworks":"‮Sɔɐuuıuƃ‬ ‮ɟoɹ‬ ‮uǝʇʍoɹʞs‬","selectNetwork":"‮Sǝʅǝɔʇ‬ ‮ɐ‬ ‮uǝʇʍoɹʞ‬","shortStatus-connecting":"‮Ↄouuǝɔʇıuƃ‬…","shortStatus-associated":"‮Oqʇɐıuıuƃ‬ ‮ɐu‬ ‮IԀ‬ ‮ɐppɹǝss‬…","shortStatus-connected":"‮Ↄouuǝɔʇǝp‬","shortStatus-connectingfailed":"‮Ↄouuǝɔʇıou‬ ‮ɟɐıʅǝp‬","shortStatus-disconnected":"‮Oɟɟʅıuǝ‬","securedBy":"‮sǝɔnɹǝp‬ ‮qʎ‬ {{capabilities}}","security":"‮Sǝɔnɹıʇʎ‬","securityNone":"‮Nouǝ‬","securityWEP":"‮ＭƎԀ‬","securityWPA-PSK":"‮ＭԀ∀‬-‮ԀSӼ‬","securityWPA-EAP":"‮ＭԀ∀‬-‮Ǝ∀Ԁ‬","securityOpen":"‮Odǝu‬","identity":"‮∩sǝɹ‬","identityInput":{"placeholder":"‮∩sǝɹ‬"},"password":"‮Ԁɐssʍoɹp‬","passwordInput":{"placeholder":"‮Ԁɐssʍoɹp‬"},"showPassword":"‮Sɥoʍ‬ ‮Ԁɐssʍoɹp‬","refresh":"‮ᴚǝɟɹǝsɥ‬","noWifiFound3":"‮No‬ ‮ʍıɹǝʅǝss‬ ‮uǝʇʍoɹʞs‬ ‮ɟonup‬","join-hidden-button":"‮ſoıu‬ ‮ɥıppǝu‬ ‮uǝʇʍoɹʞ‬","authentication":"‮∀nʇɥǝuʇıɔɐʇıou‬","ssid-name":"‮SSIp‬ ‮Nǝʇʍoɹʞ‬ ‮Nɐɯǝ‬","wifiLevel":"{{level}} ‮oɟ‬ 4 ‮qɐɹs‬","networksList":"‮Nǝʇʍoɹʞs‬ ‮ɟonup‬","dateAndTime":"‮pɐʇǝ‬ & ‮⊥ıɯǝ‬","timezoneTitle":"‮∩⊥Ↄ‬{{utcOffset}} {{region}}/{{city}}","timeZone":"‮⊥ıɯǝ‬ ‮zouǝ‬","change":"‮Ↄɥɐuƃǝ‬","region":{"ariaLabel":"‮ᴚǝƃıou‬"},"city":{"ariaLabel":"‮Ↄıʇʎ‬"},"date":{"ariaLabel":"‮pɐʇǝ‬"},"time":{"ariaLabel":"‮⊥ıɯǝ‬"},"importContacts3":"‮Iɯdoɹʇ‬ ‮ɔouʇɐɔʇs‬","importSim2":"‮SIW‬ ‮ɔɐɹp‬","importFb2":"‮ɟɐɔǝqooʞ‬","importOutlook":"‮Onʇʅooʞ‬","importGmail":"‮פɯɐıʅ‬","fb-checking":"… ‮ɔɥǝɔʞıuƃ‬","notImportedYet":"‮Noʇ‬ ‮ıɯdoɹʇǝp‬ ‮ʎǝʇ‬","otherAccount":"‮Oʇɥǝɹ‬ ‮ɐɔɔonuʇs‬","afterFbImport":"‮ʎon‬ ‮ɔɐu‬ ‮ıɯdoɹʇ‬ ‮ɐup‬ ‮ǝpıʇ‬ ‮ɟɐɔǝqooʞ‬ ‮ɟɹıǝups‬ ‮ɐuʎʇıɯǝ‬ ‮ıu‬ ‮Ↄouʇɐɔʇs‬ ‮sǝʇʇıuƃs‬","firefox-accounts":"‮ɟıɹǝɟox‬ ‮∀ɔɔonuʇs‬","fxa-overview":{"innerHTML":"‮∀‬ ‮ɟıɹǝɟox‬ ‮∀ɔɔonuʇ‬ ‮ʅǝʇs‬ ‮ʎon‬ ‮nsǝ‬ ‮ɟǝɐʇnɹǝs‬ ‮ʅıʞǝ‬ ‮ɟıup‬ ‮Wʎ‬ ‮pǝʌıɔǝ‬ ‮ɐup‬ ‮ɐdds‬ ‮ʅıʞǝ‬ ‮ʇɥǝ‬ ‮ɟıɹǝɟox‬ ‮Wɐɹʞǝʇdʅɐɔǝ‬."},"fxa-create-account-or-sign-in":"‮Ↄɹǝɐʇǝ‬ ‮∀ɔɔonuʇ‬ ‮oɹ‬ ‮Sıƃu‬ ‮Iu‬","fxa-email-sent":"‮∀‬ ‮ʌǝɹıɟıɔɐʇıou‬ ‮ʅıuʞ‬ ‮ɥɐs‬ ‮qǝǝu‬ ‮sǝuʇ‬ ‮ʇo‬ {{email}}","fxa-signed-in":"‮Sıƃuǝp‬ ‮ıu‬ ‮ɐs‬ {{email}}","about-your-rights-0":"{{brandShortName}} ‮ıs‬ ‮qnıʅʇ‬ ‮ou‬ ‮ɟɹǝǝ‬ ‮ɐup‬ ‮odǝu‬ ‮sonɹɔǝ‬ ‮soɟʇʍɐɹǝ‬ ‮qʎ‬ ‮ɐ‬ ‮ɔoɯɯnuıʇʎ‬ ‮oɟ‬ ‮ʇɥonsɐups‬ ‮ɟɹoɯ‬ ‮ɐʅʅ‬ ‮oʌǝɹ‬ ‮ʇɥǝ‬ ‮ʍoɹʅp‬. ‮⊥ɥǝɹǝ‬ ‮ɐɹǝ‬ ‮ɐ‬ ‮ɟǝʍ‬ ‮ʇɥıuƃs‬ ‮ʎon‬ ‮sɥonʅp‬ ‮ʞuoʍ‬:","about-your-rights-1":"{{brandShortName}} ‮ıs‬ ‮ɯɐpǝ‬ ‮ɐʌɐıʅɐqʅǝ‬ ‮ʇo‬ ‮ʎon‬ ‮nupǝɹ‬ ‮ʇɥǝ‬ ‮ʇǝɹɯs‬ ‮oɟ‬ ‮sǝʌǝɹɐʅ‬ ‮odǝu‬ ‮sonɹɔǝ‬ ‮ʅıɔǝusǝs‬ ‮ıuɔʅnpıuƃ‬ ‮ʇɥǝ‬ ‮Wozıʅʅɐ‬ ‮Ԁnqʅıɔ‬ ‮˥ıɔǝusǝ‬. ‮∀‬ ‮pǝʌıɔǝ‬ ‮ɹnuuıuƃ‬ {{brandShortName}} ‮ɯɐʎ‬ ‮ɐʅso‬ ‮ɔouʇɐıu‬ ‮dɹodɹıǝʇɐɹʎ‬ ‮soɟʇʍɐɹǝ‬ ‮ɟɹoɯ‬ ‮ʇɥıɹp‬ ‮dɐɹʇıǝs‬. ‮∀uʎ‬ ‮ɔopǝ‬ ‮dɹoʌıpǝp‬ ‮nupǝɹ‬ ‮odǝu‬ ‮ʅıɔǝusǝs‬ ‮ƃıʌǝ‬ ‮ʎon‬ ‮ʇɥǝ‬ ‮ɹıƃɥʇ‬ ‮ʇo‬ ‮ɯopıɟʎ‬ ‮ʇɥǝ‬ ‮sonɹɔǝ‬ ‮ɔopǝ‬ ‮ɐup‬ ‮pısʇɹıqnʇǝ‬ ‮ʎonɹ‬ ‮ɯopıɟıǝp‬ ‮ʌǝɹsıous‬ ‮ɐs‬ ‮ʅouƃ‬ ‮ɐs‬ ‮ʎon‬ ‮ɔoɯdʅʎ‬ ‮ʍıʇɥ‬ ‮ʇɥǝıɹ‬ ‮ʇǝɹɯs‬.","about-your-rights-2":"‮ʎon‬ ‮ɐɹǝ‬ ‮uoʇ‬ ‮ƃɹɐuʇǝp‬ ‮ɐuʎ‬ ‮ʇɹɐpǝɯɐɹʞ‬ ‮ɹıƃɥʇs‬ ‮oɹ‬ ‮ʅıɔǝusǝs‬ ‮ʇo‬ ‮ʇɥǝ‬ ‮ʇɹɐpǝɯɐɹʞs‬ ‮oɟ‬ ‮ʇɥǝ‬ ‮Wozıʅʅɐ‬ ‮ɟonupɐʇıou‬ ‮oɹ‬ ‮ɐuʎ‬ ‮dɐɹʇʎ‬, ‮ıuɔʅnpıuƃ‬ ‮ʍıʇɥonʇ‬ ‮ʅıɯıʇɐʇıou‬ ‮ʇɥǝ‬ {{brandShortName}} ‮uɐɯǝ‬ ‮oɹ‬ ‮ʅoƃo‬.","about-your-rights-3":"‮Soɯǝ‬ ‮ɟǝɐʇnɹǝs‬ ‮ıu‬ {{brandShortName}}, ‮snɔɥ‬ ‮ɐs‬ ‮ʇɥǝ‬ ‮Ↄɹɐsɥ‬ ‮ᴚǝdoɹʇǝɹ‬, ‮ƃıʌǝ‬ ‮ʎon‬ ‮ʇɥǝ‬ ‮odʇıou‬ ‮ʇo‬ ‮dɹoʌıpǝ‬ ‮ɟǝǝpqɐɔʞ‬ ‮ʇo‬ ‮Wozıʅʅɐ‬. ‮Ԑʎ‬ ‮ɔɥoosıuƃ‬ ‮ʇo‬ ‮snqɯıʇ‬ ‮ɟǝǝpqɐɔʞ‬, ‮ʎon‬ ‮ƃıʌǝ‬ ‮Wozıʅʅɐ‬ ‮dǝɹɯıssıou‬ ‮ʇo‬ ‮nsǝ‬ ‮ʇɥǝ‬ ‮ɟǝǝpqɐɔʞ‬ ‮ʇo‬ ‮ıɯdɹoʌǝ‬ ‮ıʇs‬ ‮dɹopnɔʇs‬, ‮ʇo‬ ‮dnqʅısɥ‬ ‮ʇɥǝ‬ ‮ɟǝǝpqɐɔʞ‬ ‮ou‬ ‮ıʇs‬ ‮ʍǝqsıʇǝs‬, ‮ɐup‬ ‮ʇo‬ ‮pısʇɹıqnʇǝ‬ ‮ʇɥǝ‬ ‮ɟǝǝpqɐɔʞ‬.","about-other":"‮Oʇɥǝɹ‬","SIM_mandatory":"‮SIW‬ ‮Ↄɐɹp‬ ‮Ｍɐɹuıuƃ‬","SIM_mandatory_warm":"‮Ԁʅǝɐsǝ‬, ‮ıusǝɹʇ‬ ‮ɐ‬ ‮SIW‬ ‮ɔɐɹp‬ ‮ɐup‬ ‮ɹǝqooʇ‬ ‮ʎonɹ‬ ‮dɥouǝ‬.","telemetry-sends":"‮⊥ǝʅǝɯǝʇɹʎ‬ ‮sǝups‬ ‮Wozıʅʅɐ‬ ‮pɐʇɐ‬ ‮ɐqonʇ‬ ‮dǝɹɟoɹɯɐuɔǝ‬, ‮ɥɐɹpʍɐɹǝ‬, ‮ɔouɟıƃnɹɐʇıous‬ ‮ɐup‬ ‮ɔnsʇoɯızɐʇıous‬ ‮ıu‬ ‮ʎonɹ‬ {{brandShortName}} ‮pǝʌıɔǝ‬. ‮Ｍǝ‬ ‮nsǝ‬ ‮ʇɥıs‬ ‮ʇo‬ ‮ɯɐʞǝ‬ ‮onɹ‬ ‮dɹopnɔʇs‬ ‮qǝʇʇǝɹ‬, ‮ɟɐsʇǝɹ‬ ‮ɐup‬ ‮ɯoɹǝ‬ ‮ɹǝsdousıʌǝ‬.","learn-more-telemetry":{"innerHTML":"‮˥ǝɐɹu‬ ‮ɯoɹǝ‬ ‮ɐʇ‬ {{link}}"},"learn-more-information":{"innerHTML":"‮˥ǝɐɹu‬ ‮ɥoʍ‬ ‮Wozıʅʅɐ‬ ‮ɥɐupʅǝs‬ ‮ʎonɹ‬ ‮ıuɟoɹɯɐʇıou‬ ‮ɐʇ‬ {{link}}"},"welcomeBrowser":"‮Ｍǝʅɔoɯǝ‬ ‮ʇo‬ {{brandShortName}}, ‮ʇɥǝ‬ ‮ɟɹǝǝ‬ ‮ɐup‬ ‮odǝu‬ ‮sonɹɔǝ‬ ‮odǝɹɐʇıuƃ‬ ‮sʎsʇǝɯ‬ ‮ɟɹoɯ‬ ‮Wozıʅʅɐ‬. ‮Onɹ‬ ‮ɯıssıou‬ ‮ıs‬ ‮ʇo‬ ‮dɹoɯoʇǝ‬ ‮odǝuuǝss‬, ‮ıuuoʌɐʇıou‬ ‮ɐup‬ ‮oddoɹʇnuıʇʎ‬ ‮qʎ‬ ‮ʞǝǝdıuƃ‬ ‮ʇɥǝ‬ ‮doʍǝɹ‬ ‮oɟ‬ ‮ʇɥǝ‬ ‮Ｍǝq‬ ‮ıu‬ ‮ʎonɹ‬ ‮ɥɐups‬.","learn-more-privacy":{"innerHTML":"‮˥ǝɐɹu‬ ‮ɥoʍ‬ ‮Wozıʅʅɐ‬ ‮ɥɐupʅǝs‬ ‮ʎonɹ‬ ‮ıuɟoɹɯɐʇıou‬ ‮ıu‬ ‮onɹ‬ {{link}}."},"learn-more-privacy-link":"‮dɹıʌɐɔʎ‬ ‮doʅıɔʎ‬","aboutBrowser":"‮∀qonʇ‬ {{brandShortName}}","aboutYourPrivacy2":"‮ʎonɹ‬ ‮Ԁɹıʌɐɔʎ‬","mozillaCommunity2":"‮Ｍɥǝu‬ ‮ʎon‬ ‮nsǝ‬ {{brandShortName}}, ‮ʎon‬ ‮qǝɔoɯǝ‬ ‮dɐɹʇ‬ ‮oɟ‬ ‮ɐ‬ ‮ƃʅoqɐʅ‬ ‮ɔoɯɯnuıʇʎ‬ ‮ɥǝʅdıuƃ‬ ‮ʇo‬ ‮qnıʅp‬ ‮ɐ‬ ‮qɹıƃɥʇǝɹ‬ ‮ɟnʇnɹǝ‬ ‮ɟoɹ‬ ‮ʇɥǝ‬ ‮Ｍǝq‬. ‮Iɟ‬ ‮ʎon‬’‮p‬ ‮ʅıʞǝ‬ ‮ʇo‬ ‮ʞuoʍ‬ ‮ɯoɹǝ‬ ‮ɐqonʇ‬ ‮ʇɥǝ‬ ‮Wozıʅʅɐ‬ ‮ɔoɯɯnuıʇʎ‬, ‮onɹ‬ ‮oʇɥǝɹ‬ ‮dɹopnɔʇs‬ ‮ɐup‬ ‮ǝʌǝuʇs‬ ‮uǝɐɹ‬ ‮ʎon‬, ‮dʅǝɐsǝ‬ ‮ǝuʇǝɹ‬ ‮ʎonɹ‬ ‮ǝɯɐıʅ‬ ‮ɐppɹǝss‬ ‮qǝʅoʍ‬.","collaborate":"‮I‬ ‮ʍɐuʇ‬ ‮ʇo‬ ‮ɥǝʅd‬ ‮ıɯdɹoʌǝ‬ {{brandShortName}} ‮qʎ‬ ‮sɥɐɹıuƃ‬ ‮pɐʇɐ‬ ‮ɐqonʇ‬ ‮ɯʎ‬ ‮dɥouǝ‬.","learnMore":"‮˥ǝɐɹu‬ ‮ɯoɹǝ‬.","emailAddress":{"placeholder":"‮Ǝɯɐıʅ‬ ‮ɐppɹǝss‬"},"email-successfully-added":"‮Ǝɯɐıʅ‬ ‮snɔɔǝssɟnʅʅʎ‬ ‮ɐppǝp‬","email-loading":"‮Sɐʌıuƃ‬ ‮ʎonɹ‬ ‮ǝɯɐıʅ‬…","privacy-b2g":{"_":"{{brandShortName}}","title":"{{brandShortName}}"},"privacy-marketplace":{"_":"‮Wɐɹʞǝʇdʅɐɔǝ‬","title":"{{privacy-marketplace}}"},"privacy-e-me":{"_":"‮ǝʌǝɹʎʇɥıuƃ‬.‮ɯǝ‬","title":"{{privacy-e-me}}"},"navbar-back":"‮Ԑɐɔʞ‬","navbar-next":"‮Nǝxʇ‬","navbar-join":"‮ſoıu‬","done":"‮pouǝ‬","thatsIt":"‮⊥ɥɐʇ‬’‮s‬ ‮ıʇ‬!","startYourPhone":"‮Sʇɐɹʇ‬ ‮ʎonɹ‬ ‮dɥouǝ‬ ‮ʇonɹ‬!","startYourTablet":"‮Sʇɐɹʇ‬ ‮ʎonɹ‬ ‮ʇɐqʅǝʇ‬ ‮ʇonɹ‬!","joinTutorial":"‮ſoıu‬ ‮ns‬ ‮ɟoɹ‬ ‮ɐ‬ ‮bnıɔʞ‬ ‮ʇnʇoɹıɐʅ‬ ‮ɐqonʇ‬ ‮ʎonɹ‬ ‮uǝʍ‬ ‮dɥouǝ‬.","enjoyYourPhone":"‮ʎon‬’‮ɹǝ‬ ‮ɹǝɐpʎ‬ ‮ʇo‬ ‮ǝuɾoʎ‬ ‮ʎonɹ‬ ‮uǝʍ‬ ‮dɥouǝ‬.","optionsAvailable":"‮ʎon‬ ‮ɔɐu‬ ‮ɔɥɐuƃǝ‬ ‮ʇɥǝ‬ ‮ʅɐuƃnɐƃǝ‬, ‮pɐʇǝ‬/‮ʇıɯǝ‬ ‮ɐup‬ ‮Ｍı‬-‮ɟı‬ ‮ɔouuǝɔʇıou‬ ‮ıu‬ ‮sǝʇʇıuƃs‬.","letsGo":"‮˥ǝʇ‬’‮s‬ ‮ƃo‬","startTour":"‮Sʇɐɹʇ‬ ‮ʇonɹ‬","thatsIt1Tablet-2":"‮ʎon‬ ‮ɔɐu‬ ‮ɐʅʍɐʎs‬ ‮sʍıdǝ‬ ‮ɟɹoɯ‬ ‮ʇɥǝ‬ ‮qoʇʇoɯ‬ ‮ǝpƃǝ‬ ‮ʇo‬ ‮ǝuʇǝɹ‬ ‮ɥoɯǝ‬ ‮sɔɹǝǝu‬.","thatsIt2Tablet-2":"‮˥ǝʇ‬’‮s‬ ‮po‬ ‮ıʇ‬!","tutorial":"‮⊥nʇoɹıɐʅ‬","tutorial-step1-tiny":"‮Sʍıdǝ‬ ‮ɟɹoɯ‬ ‮ɹıƃɥʇ‬ ‮ʇo‬ ‮ʅǝɟʇ‬ ‮ʇo‬ ‮qɹoʍsǝ‬ ‮ʎonɹ‬ ‮ɐdds‬.","tutorial-step2-tiny":"‮⊥ɐd‬ ‮ɐup‬ ‮ɥoʅp‬ ‮ou‬ ‮ɐu‬ ‮ıɔou‬ ‮ʇo‬ ‮pǝʅǝʇǝ‬ ‮oɹ‬ ‮ɯoʌǝ‬ ‮ıʇ‬.","tutorial-step3-tiny":"‮Ǝuʇǝɹ‬ ‮ɐuʎ‬ ‮ʞǝʎʍoɹp‬ ‮oɹ‬ ‮ʇodıɔ‬ ‮ɐup‬ ‮ʎonɹ‬ ‮dɥouǝ‬ ‮ʍıʅʅ‬ ‮ıusʇɐuʇʅʎ‬ ‮ɐpɐdʇ‬.","tutorial-step4-tiny":"‮Sʍıdǝ‬ ‮poʍu‬ ‮ʇo‬ ‮ɐɔɔǝss‬ ‮ɹǝɔǝuʇ‬ ‮uoʇıɟıɔɐʇıous‬, ‮ɔɹǝpıʇ‬ ‮ıuɟoɹɯɐʇıou‬ ‮ɐup‬ ‮sǝʇʇıuƃs‬.","tutorial-step5-tiny":"‮⊥ɐd‬ ‮ɐup‬ ‮ɥoʅp‬ ‮ʇɥǝ‬ ‮ɥoɯǝ‬ ‮qnʇʇou‬ ‮ʇo‬ ‮qɹoʍsǝ‬ ‮ɐup‬ ‮ɔʅosǝ‬ ‮ɹǝɔǝuʇ‬ ‮ɐdds‬.","tutorial-step6-tiny":"‮Sʍıdǝ‬ ‮ɟɹoɯ‬ ‮ʇɥǝ‬ ‮sıpǝ‬ ‮oɟ‬ ‮ʇɥǝ‬ ‮sɔɹǝǝu‬ ‮ʇo‬ ‮ɯoʌǝ‬ ‮qɐɔʞ‬ ‮ɐup‬ ‮ɟoɹʇɥ‬ ‮qǝʇʍǝǝu‬ ‮ɹǝɔǝuʇ‬ ‮ɐdds‬.","tutorial-step1-large-2":"‮Sʍıdǝ‬ ‮poʍu‬ ‮ɟɹoɯ‬ ‮ʇod‬ ‮ʇo‬ ‮ɐɔɔǝss‬ ‮ɹǝɔǝuʇ‬ ‮uoʇıɟıɔɐʇıous‬, ‮ɔɹǝpıʇ‬ ‮ıuɟoɹɯɐʇıou‬ ‮ɐup‬ ‮sǝʇʇıuƃs‬.","tutorial-step2-large-2":"‮Sʍıdǝ‬ ‮ʅǝɟʇ‬ ‮oɹ‬ ‮ɹıƃɥʇ‬ ‮ʇo‬ ‮pısɔoʌǝɹ‬ ‮uǝʍ‬ ‮ɐdds‬ ‮ou‬ ‮ɥoɯǝ‬ ‮sɔɹǝǝu‬.","tutorial-step3-large-2":"‮⊥ɐd‬ ‮ɐup‬ ‮ɥoʅp‬ ‮ou‬ ‮ɐu‬ ‮ıɔou‬ ‮ʇo‬ ‮pǝʅǝʇǝ‬ ‮oɹ‬ ‮ɯoʌǝ‬ ‮ıʇ‬.","tutorial-step4-large-2":"‮⊥ʍo‬ ‮ɟıuƃǝɹs‬ ‮sʍıdǝ‬ ‮nd‬ ‮ɟɹoɯ‬ ‮ʇɥǝ‬ ‮qoʇʇoɯ‬ ‮ǝpƃǝ‬ ‮ʇo‬ ‮ʇɹıƃƃǝɹ‬ ‮ɔɐɹp‬ ‮ʌıǝʍ‬.","tutorial-vertical-scroll-tiny":"‮Sʍıdǝ‬ ‮nd‬ ‮ɐup‬ ‮poʍu‬ ‮ʇo‬ ‮qɹoʍsǝ‬ ‮ʎonɹ‬ ‮ɐdds‬. ‮⊥ɐd‬ ‮ɐup‬ ‮ɥoʅp‬ ‮ɐu‬ ‮ıɔou‬ ‮ʇo‬ ‮ɯoʌǝ‬ ‮oɹ‬ ‮pǝʅǝʇǝ‬ ‮ıʇ‬.","tutorial-notifications-tiny":"‮Sʍıdǝ‬ ‮poʍu‬ ‮ʇo‬ ‮ɐɔɔǝss‬ ‮ɹǝɔǝuʇ‬ ‮uoʇıɟıɔɐʇıous‬, ‮ɔɹǝpıʇ‬ ‮ıuɟoɹɯɐʇıou‬ ‮ɐup‬ ‮sǝʇʇıuƃs‬.","tutorial-sheets-tiny":"‮pɹɐƃ‬ ‮ɟɹoɯ‬ ‮ʇɥǝ‬ ‮ʅǝɟʇ‬ ‮ǝpƃǝ‬ ‮oɟ‬ ‮ʎonɹ‬ ‮sɔɹǝǝu‬ ‮ʇo‬ ‮ɹǝʇnɹu‬ ‮ʇo‬ ‮ɹǝɔǝuʇʅʎ‬ ‮nsǝp‬ ‮ɐdds‬.","offline-dialog-title":"‮ʎon‬ ‮ɯnsʇ‬ ‮qǝ‬ ‮ɔouuǝɔʇǝp‬ ‮ʇo‬ ‮ʇɥǝ‬ ‮Iuʇǝɹuǝʇ‬ ‮ʇo‬ ‮ʌıǝʍ‬ ‮ʇɥǝ‬ ‮dɐƃǝ‬.","offline-dialog-text":"‮Ԁʅǝɐsǝ‬ ‮ƃo‬ ‮qɐɔʞ‬ ‮ɐup‬ ‮ɔouuǝɔʇ‬ ‮ʇo‬ ‮ʇɥǝ‬ ‮Iuʇǝɹuǝʇ‬. ‮ʎon‬ ‮ɔɐu‬ ‮ɐʅso‬ ‮ʌıǝʍ‬ ‮ʇɥǝ‬ ‮dɐƃǝ‬ ‮ʅɐʇǝɹ‬ ‮ɟɹoɯ‬ ‮Sǝʇʇıuƃs‬ ‮oɹ‬ ‮qʎ‬ ‮ǝuʇǝɹıuƃ‬ {{url}} ‮ıu‬ ‮ɐuʎ‬ ‮qɹoʍsǝɹ‬.","OK":"‮OӼ‬","offline-newsletter-dialog-title":"‮ʎon‬ ‮ɯnsʇ‬ ‮qǝ‬ ‮ɔouuǝɔʇǝp‬ ‮ʇo‬ ‮ʇɥǝ‬ ‮Iuʇǝɹuǝʇ‬ ‮ʇo‬ ‮snqsɔɹıqǝ‬ ‮ʇo‬ ‮ʇɥǝ‬ ‮uǝʍsʅǝʇʇǝɹ‬.","offline-newsletter-dialog-text":"‮Ԁʅǝɐsǝ‬ ‮ƃo‬ ‮qɐɔʞ‬ ‮ɐup‬ ‮ɔouuǝɔʇ‬ ‮ʇo‬ ‮ʇɥǝ‬ ‮Iuʇǝɹuǝʇ‬.","invalid-email-dialog-title":"‮ʎonɹ‬ ‮ǝɯɐıʅ‬ ‮ıs‬ ‮uoʇ‬ ‮ʌɐʅıp‬","invalid-email-dialog-text":"‮Ԁʅǝɐsǝ‬ ‮ƃo‬ ‮qɐɔʞ‬ ‮ɐup‬ ‮ɔoɹɹǝɔʇ‬ ‮ʎonɹ‬ ‮ǝuʇɹʎ‬.","retry":"‮ᴚǝʇɹʎ‬","cancel":"‮Ↄɐuɔǝʅ‬","progressbar":{"_":"‮Sʇǝd‬ {{step}} ‮oɟ‬ {{total}}","ariaLabel":"‮ɟıɹsʇ‬ ‮⊥ıɯǝ‬ ‮Ǝxdǝɹıǝuɔǝ‬"},"weekday-0-long":"‮Snupɐʎ‬","weekday-1-long":"‮Woupɐʎ‬","weekday-2-long":"‮⊥nǝspɐʎ‬","weekday-3-long":"‮Ｍǝpuǝspɐʎ‬","weekday-4-long":"‮⊥ɥnɹspɐʎ‬","weekday-5-long":"‮ɟɹıpɐʎ‬","weekday-6-long":"‮Sɐʇnɹpɐʎ‬","weekday-0-short":"‮Snu‬","weekday-1-short":"‮Wou‬","weekday-2-short":"‮⊥nǝ‬","weekday-3-short":"‮Ｍǝp‬","weekday-4-short":"‮⊥ɥn‬","weekday-5-short":"‮ɟɹı‬","weekday-6-short":"‮Sɐʇ‬","month-0-long":"‮ſɐunɐɹʎ‬","month-1-long":"‮ɟǝqɹnɐɹʎ‬","month-2-long":"‮Wɐɹɔɥ‬","month-3-long":"‮∀dɹıʅ‬","month-4-long":"‮Wɐʎ‬","month-5-long":"‮ſnuǝ‬","month-6-long":"‮ſnʅʎ‬","month-7-long":"‮∀nƃnsʇ‬","month-8-long":"‮Sǝdʇǝɯqǝɹ‬","month-9-long":"‮Oɔʇoqǝɹ‬","month-10-long":"‮Noʌǝɯqǝɹ‬","month-11-long":"‮pǝɔǝɯqǝɹ‬","month-0-genitive":"‮ſɐunɐɹʎ‬","month-1-genitive":"‮ɟǝqɹnɐɹʎ‬","month-2-genitive":"‮Wɐɹɔɥ‬","month-3-genitive":"‮∀dɹıʅ‬","month-4-genitive":"‮Wɐʎ‬","month-5-genitive":"‮ſnuǝ‬","month-6-genitive":"‮ſnʅʎ‬","month-7-genitive":"‮∀nƃnsʇ‬","month-8-genitive":"‮Sǝdʇǝɯqǝɹ‬","month-9-genitive":"‮Oɔʇoqǝɹ‬","month-10-genitive":"‮Noʌǝɯqǝɹ‬","month-11-genitive":"‮pǝɔǝɯqǝɹ‬","month-0-short":"‮ſɐu‬","month-1-short":"‮ɟǝq‬","month-2-short":"‮Wɐɹ‬","month-3-short":"‮∀dɹ‬","month-4-short":"‮Wɐʎ‬","month-5-short":"‮ſnu‬","month-6-short":"‮ſnʅ‬","month-7-short":"‮∀nƃ‬","month-8-short":"‮Sǝd‬","month-9-short":"‮Oɔʇ‬","month-10-short":"‮Noʌ‬","month-11-short":"‮pǝɔ‬","minutes-ago-long":{"_":{"zero":"‮ɾnsʇ‬ ‮uoʍ‬","one":"‮ɐ‬ ‮ɯıunʇǝ‬ ‮ɐƃo‬","two":"{{value}} ‮ɯıunʇǝs‬ ‮ɐƃo‬","few":"{{value}} ‮ɯıunʇǝs‬ ‮ɐƃo‬","many":"{{value}} ‮ɯıunʇǝs‬ ‮ɐƃo‬","other":"{{value}} ‮ɯıunʇǝs‬ ‮ɐƃo‬"}},"hours-ago-long":{"_":{"zero":"‮ɾnsʇ‬ ‮uoʍ‬","one":"‮ɐu‬ ‮ɥonɹ‬ ‮ɐƃo‬","two":"{{value}} ‮ɥonɹs‬ ‮ɐƃo‬","few":"{{value}} ‮ɥonɹs‬ ‮ɐƃo‬","many":"{{value}} ‮ɥonɹs‬ ‮ɐƃo‬","other":"{{value}} ‮ɥonɹs‬ ‮ɐƃo‬"}},"days-ago-long":{"_":{"zero":"‮ʇopɐʎ‬","one":"‮ʎǝsʇǝɹpɐʎ‬","two":"{{value}} ‮pɐʎs‬ ‮ɐƃo‬","few":"{{value}} ‮pɐʎs‬ ‮ɐƃo‬","many":"{{value}} ‮pɐʎs‬ ‮ɐƃo‬","other":"{{value}} ‮pɐʎs‬ ‮ɐƃo‬"}},"weeks-ago-long":{"_":{"zero":"‮ʇɥıs‬ ‮ʍǝǝʞ‬","one":"‮ʅɐsʇ‬ ‮ʍǝǝʞ‬","two":"{{value}} ‮ʍǝǝʞs‬ ‮ɐƃo‬","few":"{{value}} ‮ʍǝǝʞs‬ ‮ɐƃo‬","many":"{{value}} ‮ʍǝǝʞs‬ ‮ɐƃo‬","other":"{{value}} ‮ʍǝǝʞs‬ ‮ɐƃo‬"}},"months-ago-long":{"_":{"zero":"‮ʇɥıs‬ ‮ɯouʇɥ‬","one":"‮ʅɐsʇ‬ ‮ɯouʇɥ‬","two":"{{value}} ‮ɯouʇɥs‬ ‮ɐƃo‬","few":"{{value}} ‮ɯouʇɥs‬ ‮ɐƃo‬","many":"{{value}} ‮ɯouʇɥs‬ ‮ɐƃo‬","other":"{{value}} ‮ɯouʇɥs‬ ‮ɐƃo‬"}},"years-ago-long":{"_":{"zero":"‮ʇɥıs‬ ‮ʎǝɐɹ‬","one":"‮ʅɐsʇ‬ ‮ʎǝɐɹ‬","two":"{{value}} ‮ʎǝɐɹs‬ ‮ɐƃo‬","few":"{{value}} ‮ʎǝɐɹs‬ ‮ɐƃo‬","many":"{{value}} ‮ʎǝɐɹs‬ ‮ɐƃo‬","other":"{{value}} ‮ʎǝɐɹs‬ ‮ɐƃo‬"}},"minutes-until-long":{"_":{"zero":"‮uoʍ‬","one":"‮ıu‬ ‮ɐ‬ ‮ɯıunʇǝ‬","two":"‮ıu‬ {{value}} ‮ɯıunʇǝs‬","few":"‮ıu‬ {{value}} ‮ɯıunʇǝs‬","many":"‮ıu‬ {{value}} ‮ɯıunʇǝs‬","other":"‮ıu‬ {{value}} ‮ɯıunʇǝs‬"}},"hours-until-long":{"_":{"zero":"‮uoʍ‬","one":"‮ıu‬ ‮ɐu‬ ‮ɥonɹ‬","two":"‮ıu‬ {{value}} ‮ɥonɹs‬","few":"‮ıu‬ {{value}} ‮ɥonɹs‬","many":"‮ıu‬ {{value}} ‮ɥonɹs‬","other":"‮ıu‬ {{value}} ‮ɥonɹs‬"}},"days-until-long":{"_":{"zero":"‮ʇopɐʎ‬","one":"‮ʇoɯoɹɹoʍ‬","two":"‮ıu‬ {{value}} ‮pɐʎs‬","few":"‮ıu‬ {{value}} ‮pɐʎs‬","many":"‮ıu‬ {{value}} ‮pɐʎs‬","other":"‮ıu‬ {{value}} ‮pɐʎs‬"}},"weeks-until-long":{"_":{"zero":"‮ʇɥıs‬ ‮ʍǝǝʞ‬","one":"‮uǝxʇ‬ ‮ʍǝǝʞ‬","two":"‮ıu‬ {{value}} ‮ʍǝǝʞs‬","few":"‮ıu‬ {{value}} ‮ʍǝǝʞs‬","many":"‮ıu‬ {{value}} ‮ʍǝǝʞs‬","other":"‮ıu‬ {{value}} ‮ʍǝǝʞs‬"}},"months-until-long":{"_":{"zero":"‮ʇɥıs‬ ‮ɯouʇɥ‬","one":"‮uǝxʇ‬ ‮ɯouʇɥ‬","two":"‮ıu‬ {{value}} ‮ɯouʇɥs‬","few":"‮ıu‬ {{value}} ‮ɯouʇɥs‬","many":"‮ıu‬ {{value}} ‮ɯouʇɥs‬","other":"‮ıu‬ {{value}} ‮ɯouʇɥs‬"}},"years-until-long":{"_":{"zero":"‮ʇɥıs‬ ‮ʎǝɐɹ‬","one":"‮uǝxʇ‬ ‮ʎǝɐɹ‬","two":"‮ıu‬ {{value}} ‮ʎǝɐɹs‬","few":"‮ıu‬ {{value}} ‮ʎǝɐɹs‬","many":"‮ıu‬ {{value}} ‮ʎǝɐɹs‬","other":"‮ıu‬ {{value}} ‮ʎǝɐɹs‬"}},"minutes-ago-short":{"_":{"zero":"‮ɾnsʇ‬ ‮uoʍ‬","other":"{{value}}‮ɯ‬ ‮ɐƃo‬"}},"hours-ago-short":{"_":{"zero":"‮ɾnsʇ‬ ‮uoʍ‬","other":"{{value}}‮ɥ‬ ‮ɐƃo‬"}},"days-ago-short":{"_":{"zero":"‮ʇopɐʎ‬","other":"{{value}}‮p‬ ‮ɐƃo‬"}},"minutes-until-short":{"_":{"zero":"‮uoʍ‬","other":"‮ıu‬ {{value}}‮ɯ‬"}},"hours-until-short":{"_":{"zero":"‮uoʍ‬","other":"‮ıu‬ {{value}}‮ɥ‬"}},"days-until-short":{"_":{"zero":"‮ʇopɐʎ‬","other":"‮ıu‬ {{value}}‮p‬"}},"incorrectDate":"(‮ıuɔoɹɹǝɔʇ‬ ‮pɐʇǝ‬)","dateTimeFormat_%c":"%a %b %e %Y %I:%M:%S %p","dateTimeFormat_%x":"%m/%d/%Y","dateTimeFormat_%X":"%I:%M:%S %p","shortTimeFormat":"%I:%M %p","shortDateTimeFormat":"%x %I:%M %p","weekStartsOnMonday":"0","time_am":"‮∀W‬","time_pm":"‮ԀW‬","tz-region":"‮ᴚǝƃıou‬","tz-city":"‮Ↄıʇʎ‬","tzRegion-Africa":"‮∀ɟɹıɔɐ‬","tzRegion-America":"‮∀ɯǝɹıɔɐ‬","tzRegion-Antarctica":"‮∀uʇɐɹɔʇıɔɐ‬","tzRegion-Asia":"‮∀sıɐ‬","tzRegion-Atlantic":"‮∀ʇʅɐuʇıɔ‬ ‮Oɔǝɐu‬","tzRegion-Australia":"‮∀nsʇɹɐʅıɐ‬","tzRegion-Europe":"‮Ǝnɹodǝ‬","tzRegion-Indian":"‮Iupıɐu‬ ‮Oɔǝɐu‬","tzRegion-Pacific":"‮Ԁɐɔıɟıɔ‬ ‮Oɔǝɐu‬"}