{"setup-app-name-header":"بريد","setup-empty-account-prompt":"أنت غير مٌعدّ لإرسال أو استقبال البريد الإلكتروني. ترغب في القيام بذلك الآن ؟","setup-pick-service":"لإرسال واستقبال البريد الإلكتروني، تحتاج لإعداد حساب.","setup-account-header3":"حساب جديد","setup-info-name":{"placeholder":"اسمك"},"setup-info-email":{"placeholder":"someone@example.com"},"setup-info-password":{"placeholder":"كلمة السِّر"},"setup-info-next":"التالي","setup-progress-wait-msg":"اعدّ حساب","setup-completed-header":"إعداد حساب بريد","setup-completed-label":"تم!","setup-add-another-account":"إضافة حساب آخر","setup-show-mail":"المواصلة للبريد","setup-error-offline":"الجهاز حاليا غير متصل. اتصل بالشبكة وحاول مرة اخرى.","setup-error-bad-user-or-pass2":"اسم المستخدم وكلمة السِّر غير معرّفة","setup-error-bad-address":"عنوان البريد الإلكتروني غير صحيح. تحقق من الأخطاء المطبعية.","setup-error-not-authorized":"غير مصرح لك بإنشاء حساب","setup-error-pop-server-not-great":"الخادم غير معتمد. خادم POP3 لا تنفذ الميزات المطلوبة.","setup-error-unknown2":"حدث خطأ غير معروف. تحقق من اتصال الشبكة أو حاول باستخدام خيار الاعداد اليدوي.","setup-error-needs-app-pass":"يتوجب عليك استخدام كلمة السّر الخاصة بالتطبيق لحسابات two-factor الخاصة بالجيميل","setup-error-imap-disabled":"يجب عليك تفعيل الـ IMAP في حساب الجيميل الخاص بك","setup-error-pop3-disabled":"يجب عليك تفعيل الـ POP3 في حساب الجيميل الخاص بك","setup-error-bad-security":"غير قادر على تأسيس اتصال آمن مع \"{{server}}\". قد تكون هناك مشكلة مع الشبكة أو الخادم.","setup-error-unresponsive-server":"غير قادر على تأسيس اتصال مع \"{{server}}\".  قد تكون هناك مشكلة مع الشبكة..","setup-error-server-problem":"يوجد مشكلة مع الخادم \"{{server}}\". حاول مرة اخرى لاحقا.","setup-error-no-config-info":"غير قادر على إعداد حسابك تلقائيا. صحح بريدك الالكتروني أو حاول باستخدام خيار الاعداد اليدوي.","setup-error-server-maintenance":"الخادم \"{{server}}\" غير متصل للصيانة. حاول مرة اخرى لاحقا.","setup-error-account-already-exists":"هذا الحساب معد مسبقا.","setup-manual-config2":"إعداد يدوي","setup-manual-config-header":"إعداد يدوي","setup-manual-account-type":"نوع الحساب","setup-manual-imap-header":"إعدادات IMAP","setup-manual-pop3-header":"إعدادات خادم POP3","setup-manual-smtp-header":"إعدادات SMTP","setup-manual-activesync-header":"إعدادات ActiveSync","setup-manual-next":"التالي","setup-manual-socket":"نوع المقبس","setup-manual-socket-ssl":"SSL","setup-manual-socket-starttls":"STARTTLS","setup-manual-hostname":{"placeholder":"اسم المضيف"},"setup-manual-port":{"placeholder":"رقم المنفذ"},"setup-manual-username":{"placeholder":"اسم المستخدم"},"setup-manual-activesync-username":{"placeholder":"Domain\\Username"},"setup-bad-password-header":"كلمة سرّ خاطئة","setup-bad-password":"لا يمكننا تسجيل الدخول إلى الخادم. قد تكون كلمة السِّر خاطئة؟","setup-new-password":{"placeholder":"كلمة سِر جديدة"},"setup-fix-password":"حاول بكلمة سرّ جديدة","setup-gmail-twofactor-header":"تم تفعيل Two-Factor","setup-gmail-twofactor-message":"أدخل كلمة السّر الخاصة بالتطبيق أدناه","setup-gmail-twofactor-fix":"استخدم كلمة السّر الخاصة بالتطبيق","setup-gmail-imap-header":"IMAP معطّل","setup-gmail-imap-message":"يجب تفعيل IMAP في حساب الجيميل الخاص بك ","setup-gmail-imap-retry":"محاولة مرة أخرى","setup-gmail-pop3-header":"POP3 غير مُفعّل","setup-gmail-pop3-message":"يجب تفعيل POP3 في حساب الجيميل الخاص بك ","setup-gmail-pop3-retry":"أعد المحاولة","settings-main-header":"إعدادات البريد","settings-sub-header-account":"الحساب","settings-account-name":"اسمك","settings-account-display-notifications":"عرض إشعارات عند وجود رسائل جديدة","settings-account-play-sound-onsend":"Play sound after message is sent","settings-sub-header-data":"بيانات","settings-account-check-mail":"التحقق من وجود رسائل جديدة","settings-sub-header-server":"إعدادات الخادم","settings-account-userpass":"إسم المستخدم وكلمة المرور","settings-done":"تم","settings-account-section":"حسابات","settings-account-add":"أضف حسابا","settings-account-delete":"حذف حساب","settings-account-delete-prompt":"هل أنت متأكد من حذف حساب البريد الخاص بك {{account}}؟ يتوجب عليك إعادة تنزيل بريدك اذا تم إعادة إنشاءه مرة أخرى.","settings-account-delete-cancel":"ألغِ","settings-account-delete-confirm":"حذف","settings-account-clarify-imap":"{{account-name}} (IMAP)","settings-account-clarify-pop3":"{{account-name}} (POP3)","settings-account-clarify-smtp":"{{account-name}} (SMTP)","settings-general-section":"إعدادات عامة","settings-show-images":"إعرض الصور دائما","settings-download-attachments":"تنزيل المرفقات","settings-check-every-5min":"كل 5 دقائق","settings-check-every-10min":"كل 10 دقائق","settings-check-every-15min":"كل 15 دقيقة","settings-check-every-30min":"كل 30 دقيقة","settings-check-every-60min":"كل ساعة","settings-check-every-manual":"يدوياُ","settings-check-dynamic":{"_index":["plural","n"],"_":{"zero":"ثواني","one":"ثانية واحدة","two":"ثانيتان","few":"{{ n }} ثواني","many":"{{ n }} ثانية","other":"{{ n }} ثانية"}},"settings-default-account":"تعيينه كبريد إلكتروني إفتراضي","settings-account-type":"نوع الحساب","settings-account-credentials":"بيانات الاعتماد","settings-activesync-label":"إعدادات ActiveSync ","settings-imap-label":"إعدادات IMAP ","settings-pop3-label":"إعدادات خادم POP3","settings-smtp-label":"إعدادات SMTP ","settings-hostname":"اسم المضيف","settings-port":"المنفذ","settings-username":"اسم المستخدم","settings-password":"كلمة السِّر","settings-save":"حفظ","settings-password-empty":"لا يجب أن تكون كلمة السِّر فارغة","settings-account-synchronize-window":"أيام لمزامنة","settings-synchronize-auto":"تلقائي","settings-synchronize-one-day":"يوم واحد","settings-synchronize-three-days":"3 أيام","settings-synchronize-one-week":"أسبوع واحد","settings-synchronize-two-weeks":"أسبوعان","settings-synchronize-one-month":"شهر واحد","settings-synchronize-all":"كل الرسائل","envelope-from":"من","envelope-to":"إلى","envelope-cc":"cc","envelope-bcc":"bcc","reader-header":"قراءة","compose-header":"إنشاء رسالة","compose-header-short":"إنشاء","compose-send":"إرسال","compose-to":"إلى","compose-cc":"cc","compose-bcc":"bcc","compose-attachments":{"_index":["plural","n"],"_":{"zero":"مرففات","one":"{{ n }} مرفق","two":"{{ n }} مرفق","few":"{{ n }} مرفق","many":"{{ n }} مرفق","other":"{{ n }} مرفق"}},"compose-attachment-still-working":"One moment, still working on the previous attachment...","compose-subject":"الموضوع","compose-draft-save":"حفظ في المسودات","compose-discard-message":"تجاهل البريد الإلكتروني؟","compose-discard-confirm":"تجاهل","compose-sending-message":"جارِ إرسال البريد الالكتروني","compose-send-message-failed":"تعذر إرسال البريد الالكتروني","composer-attachment-large":"الملف المرفق كبير جدا","composer-attachments-large":"الملفات المرفقة كبيرة جداً","compose-attchment-size-exceeded":"الملف المرفق أكبر من أن يتم إرساله مع هذه الرسالة","compose-attchments-size-exceeded":"الملفات المرفقة كبيرة جدا ليتم إرسالها مع هذه الرسالة. حاول إرفاق ملفات أقل.","dialog-button-ok":"موافق","default-attachment-filename":"المرفق {{ n }}","attachment-size-kib":"{{kilobytes}}K","message-attachment-view":{"textContent":"عرض"},"message-attachment-too-large":"This file is too large to download.","message-no-subject":"(بلا موضوع)","message-edit-menu-delete":"حذف","message-edit-delete-confirm":"حذف الرسالة؟","message-send-attachment-disabled-confirm":"لا يمكن إعادة إرسال الملف المرفق","message-multiedit-header":{"_index":["plural","n"],"_":{"zero":"تعديل","one":"{{ n }} مُختارة","two":"{{ n }} مُختارة","few":"{{ n }} مُختارة","many":"{{ n }} مُختارة","other":"{{ n }} مُختارة"}},"browse-to-url-prompt":"تصفَّح إلى العنوان؟: {{ url }}","message-download-images":{"_index":["plural","n"],"_":{"one":"هذه الرسالة تحوي صورة واحدة، اضغط لتحميلها.","two":"هذه الرسالة تحوي {{ n }} صور، اضغط لتحميلها.","few":"هذه الرسالة تحوي {{ n }} صور، اضغط لتحميلها.","many":"هذه الرسالة تحوي {{ n }} صور، اضغط لتحميلها.","other":"هذه الرسالة تحوي {{ n }} صور، اضغط لتحميلها."}},"message-show-external-images":"عرض الصور الخارجية","message-multiedit-cancel":"إلغاء","message-multiedit-delete-confirm":{"_index":["plural","n"],"_":{"one":"هل تريد حذف هذه الرسالة؟","two":"هل تريد حذف {{ n }} من الرسائل؟","few":"هل تريد حذف {{ n }} رسالة؟","many":"حذف  {{ n }} رسائل؟","other":"حذف  {{ n }} رسالة؟"}},"message-large-message-cancel":"ألغِ","message-large-message-ok":"المتابعة","message-large-message-confirm":"هذه الرسالة هي كبيرة وربما تستغرق بعض الوقت للتحميل.","message-search-from":"من","message-search-to":"إلى","message-search-subject":"الموضوع","message-search-body":"الرسالة","message-search-all":"الكل","message-search-input":{"placeholder":"إبجث في البريد"},"message-search-cancel":"Cancel","messages-syncing":"جارِ تحميل الرسائل","messages-sync-more":"تحميل المزيد من الرسائل من الخادم","messages-folder-empty":"لا توجد رسائل في هذا المجلد","messages-search-empty":"لم يتم العثور على نتائج في الرسائل المخزنة محليا","messages-folder-select":"اختر مجلد","message-contact-menu-create":"حفظ جهة اتصال جديدة","message-contact-menu-add-existing":"إضافة إلى جهة اتصال موجوده","message-contact-menu-view":"عرض الإسم","message-contact-menu-reply":"رد","message-contact-menu-new":"أرسل بريد جديد","message-reply-menu-reply":"رُد","message-reply-menu-reply-all":"الرد على الكل","message-reply-menu-forward":"إعادة توجيه","message-reply-menu-cancel":"ألغِ","reply-quoting-wrote":"كتب {name } ","forward-original-message":"الرسالة الأصلية","forward-header-subject":"الموضوع","forward-header-date":"تاريخ","forward-header-from":"من","forward-header-reply-to":"رد على","forward-header-to":"إلى","forward-header-cc":"CC","folder-inbox":"الوارد","folder-sent":"المرسل","folder-drafts":"المسودات","folder-trash":"المهملات","folder-queue":"غير مُرسَل","folder-junk":"غير مرغوب به","folder-archives":"الأرشيف","folder-localdrafts":"المسودات المحلية","drawer-back":"Back","drawer-accounts-header":"Accounts","drawer-settings-link":"Settings","folder-last-synced-label":"Last sync:","toaster-undo":"تراجع","toaster-retry":"حاول مرة أخرى","toaster-message-star":{"_index":["plural","n"],"_":{"one":"وضع علامة على رسالة واحدة","two":"وضع علامة على {{ n }} رسالة","few":"وضع علامة على {{ n }} رسالة","many":"وضع علامة على {{ n }} رسالة","other":"وضع علامة على {{ n }} رسالة"}},"toaster-message-unstar":{"_index":["plural","n"],"_":{"one":"حذف العلامة من رسالة واحدة","two":"تم حذف {{ n }} علامة","few":"تم حذف {{ n }} علامة","many":"تم حذف {{ n }} علامة","other":"حذف العلامة عن علامة "}},"toaster-message-read":{"_index":["plural","n"],"_":{"one":"رسالة واحدة مُعلّمة كمقروءة","two":"تم تحديد {{ n }} كرسالة كمقروءة","few":"تم تعليم {{ n }} رسالة كمقروءة","many":"تم تعليم {{ n }} رسالة كمقروءة","other":"{{ n }} رسالة مُعلّمة كمقروءة"}},"toaster-message-unread":{"_index":["plural","n"],"_":{"one":"رسالة واحدة مُعلّمة كغيرمقروءة","two":"تم تعليم {{ n }} رسالة كغير مقروءة","few":"تم تعليم {{ n }} رسالة كغير مقروءة","many":"تم تعليم {{ n }} رسالة كغير مقروءة","other":"{{ n }} رسالة مُعلّمة كغير مقروءة"}},"toaster-message-move":{"_index":["plural","n"],"_":{"one":"رسالة واحدة منقولة","two":"تم نقل {{ n }} رسالة","few":"تم نقل {{ n }} رسالة","many":"تم نقل {{ n }} رسالة","other":"{{ n }} رسالة منقولة"}},"toaster-message-delete":{"_index":["plural","n"],"_":{"one":"رسالة واحدة محذوفة","two":"تم حذف {{ n }} رسالة","few":"تم حذف {{ n }} رسالة","many":"تم حذف {{ n }} رسالة","other":"{{ n }} رسالة محذوفة"}},"toaster-retryable-syncfailed":"فشل الإتصال مع الخادم","form-clear-input":"إحذف النص","confirm-dialog-title":"تأكيد","senders-separation-sign":",","new-emails":{"_index":["plural","n"],"_":{"one":"بريد جديد","two":"رسالتان جديدتان","few":"{{ n }} رسائل إلكترونية جديدة","many":"{{ n }} رسالة إلكترونية جديدة","other":"{{ n }} رسالة إلكترونية جديدة"}},"new-emails-notify-one-account":{"_index":["plural","n"],"_":{"one":"بريد إلكتروني جديد","two":"رسالتان إلكترونيتان جديدتان","few":"{{ n }} رسائل إلكترونية جديدة","many":"{{ n }} رسالة إلكترونية جديدة","other":"{{ n }} رسالة إلكترونية جديدة"}},"new-emails-notify-multiple-accounts":{"_index":["plural","n"],"_":{"one":"بريد إلكتروني جديد ({{ accountName }})","two":"بريدين إلكترونيين جديدين ({{ accountName }})","few":"{{ n }} رسائل إلكترونية جديدة ({{ accountName }})","many":"{{ n }} بريد إلكتروني جديد ({{accountName}})","other":"{{ n }} بريد إلكتروني جديد ({{accountName}})"}},"new-emails-notify-multiple-accounts-body":"{{ from }} “{{ subject }}”","weekday-0-long":"الأحد","weekday-1-long":"الإثنين","weekday-2-long":"الثلاثاء","weekday-3-long":"الأربعاء","weekday-4-long":"الخميس","weekday-5-long":"الجمعة","weekday-6-long":"السبت","weekday-0-short":"أحد","weekday-1-short":"إثنين","weekday-2-short":"ثلاثاء","weekday-3-short":"أربعاء","weekday-4-short":"خميس","weekday-5-short":"جمعة","weekday-6-short":"سبت","month-0-long":"يناير","month-1-long":"فبراير","month-2-long":"مارس","month-3-long":"أبريل","month-4-long":"مايو","month-5-long":"يونيو","month-6-long":"يوليو","month-7-long":"أغسطس","month-8-long":"سبتمبر","month-9-long":"أكتوبر","month-10-long":"نوفمبر","month-11-long":"ديسمبر","month-0-genitive":"يناير","month-1-genitive":"فبراير","month-2-genitive":"مارس","month-3-genitive":"أبريل","month-4-genitive":"مايو","month-5-genitive":"يونيو","month-6-genitive":"يوليو","month-7-genitive":"أغسطس","month-8-genitive":"سبتمبر","month-9-genitive":"أكتوبر","month-10-genitive":"نوفمبر","month-11-genitive":"ديسمبر","month-0-short":"يناير","month-1-short":"فبراير","month-2-short":"مارس","month-3-short":"ابريل","month-4-short":"مايو","month-5-short":"يونيو","month-6-short":"يوليو","month-7-short":"أغسطس","month-8-short":"سبتمبر","month-9-short":"أكتوبر","month-10-short":"نوفمبر","month-11-short":"ديسمبر","minutes-ago-long":{"_index":["plural","value"],"_":{"zero":"الآن","one":"منذ دقيقة","two":"منذ {{value}} دقائق","few":"منذ {{value}} دقائق","many":"منذ {{value}} دقائق","other":"منذ {{value}} دقائق"}},"hours-ago-long":{"_index":["plural","value"],"_":{"zero":"الآن","one":"قبل ساعة واحدة","two":"منذ ساعتين","few":"قبل {{value}} ساعات","many":"قبل {{value}} ساعة","other":"قبل {{value}} ساعة"}},"days-ago-long":{"_index":["plural","value"],"_":{"zero":"اليوم","one":"الأمس","two":"قبل يومين","few":"قبل {{value}} أيام","many":"قبل {{value}} يوم","other":"قبل {{value}} يوم"}},"weeks-ago-long":{"_index":["plural","value"],"_":{"zero":"هذا الأسبوع","one":"الأسبوع الماضي","two":"منذ {{value}} أسابيع","few":"منذ {{value}} أسابيع","many":"منذ {{value}} أسابيع","other":"منذ {{value}} أسابيع"}},"months-ago-long":{"_index":["plural","value"],"_":{"zero":"هذا الشهر","one":"الشهر الماضي","two":"منذ {{value}} أشهر","few":"منذ {{value}} أشهر","many":"منذ {{value}} أشهر","other":"منذ {{value}} أشهر"}},"years-ago-long":{"_index":["plural","value"],"_":{"zero":"هذه السنة","one":"السنة الماضية","two":"منذ سنتين","few":"منذ {{value}} سنوات","many":"منذ {{value}} سنة","other":"منذ {{value}} سنة"}},"minutes-until-long":{"_index":["plural","value"],"_":{"zero":"الآن","one":"خلال دقيقة","two":"خلال دقيقتين","few":"خلال {{value}} دقائق","many":"خلال {{value}} دقيقة","other":"خلال {{value}} دقيقة"}},"hours-until-long":{"_index":["plural","value"],"_":{"zero":"الآن","one":"خلال ساعة","two":"خلال ساعتين","few":"خلال {{value}} ساعات","many":"خلال {{value}} ساعة","other":"خلال {{value}} ساعة"}},"days-until-long":{"_index":["plural","value"],"_":{"zero":"اليوم","one":"غداً","two":"خلال يومين","few":"خلال {{value}} أيام","many":"خلال {{value}} يوم","other":"خلال {{value}} يوم"}},"weeks-until-long":{"_index":["plural","value"],"_":{"zero":"هذا الأسبوع","one":"الأسبوع القادم","two":"خلال اسبوعين","few":"خلال {{value}} أسابيع","many":"خلال {{value}} أسبوع","other":"خلال {{value}} أسبوع"}},"months-until-long":{"_index":["plural","value"],"_":{"zero":"هذا الشهر","one":"الشهر القادم","two":"خلال شهرين","few":"خلال {{value}} أشهر","many":"خلال {{value}} شهر","other":"خلال {{value}} شهر"}},"years-until-long":{"_index":["plural","value"],"_":{"zero":"هذه السنة","one":"السنة القادمة","two":"خلال سنتين","few":"خلال {{value}} سنوات","many":"خلال {{value}} سنة","other":"خلال {{value}} سنة"}},"minutes-ago-short":{"_index":["plural","value"],"_":{"zero":"الآن","other":"منذ {{value}} دقيقة"}},"hours-ago-short":{"_index":["plural","value"],"_":{"zero":"الآن","other":"منذ {{value}} س"}},"days-ago-short":{"_index":["plural","value"],"_":{"zero":"اليوم","other":"منذ {{value}} ي"}},"minutes-until-short":{"_index":["plural","value"],"_":{"zero":"الآن","other":"خلال {{value}} د"}},"hours-until-short":{"_index":["plural","value"],"_":{"zero":"الآن","other":"خلال {{value}} س"}},"days-until-short":{"_index":["plural","value"],"_":{"zero":"اليوم","other":"خلال {{value}} ي"}},"incorrectDate":"(تاريخ غير صحيح)","dateTimeFormat_%c":"%a %b %e %Y %I:%M:%S %p","dateTimeFormat_%x":"%m/%d/%Y","dateTimeFormat_%X":"%I:%M:%S %p","shortTimeFormat":"%I:%M %p","shortDateTimeFormat":"%x %I:%M %p","weekStartsOnMonday":"0","time_am":"ص","time_pm":"م"}