{"setup-app-name-header":"Ḿȧȧīīŀ","setup-empty-account-prompt":"Ẏǿǿŭŭ ȧȧřḗḗ ƞǿǿŧ şḗḗŧ ŭŭƥ ŧǿǿ şḗḗƞḓ ǿǿř řḗḗƈḗḗīīṽḗḗ ḗḗḿȧȧīīŀ. Ẇǿǿŭŭŀḓ ẏǿǿŭŭ ŀīīķḗḗ ŧǿǿ ḓǿǿ ŧħȧȧŧ ƞǿǿẇ?","setup-pick-service":"Ŧǿǿ şḗḗƞḓ ȧȧƞḓ řḗḗƈḗḗīīṽḗḗ ḗḗḿȧȧīīŀ, ẏǿǿŭŭ ẇīīŀŀ ƞḗḗḗḗḓ ŧǿǿ şḗḗŧ ŭŭƥ ȧȧƞ ȧȧƈƈǿǿŭŭƞŧ.","setup-account-header3":"Ƞḗḗẇ Ȧȧƈƈǿǿŭŭƞŧ","setup-info-name":{"placeholder":"Ẏǿǿŭŭř ƞȧȧḿḗḗ"},"setup-info-email":{"placeholder":"şǿǿḿḗḗǿǿƞḗḗ@ḗḗẋȧȧḿƥŀḗḗ.ƈǿǿḿ"},"setup-info-password":{"placeholder":"Ƥȧȧşşẇǿǿřḓ"},"setup-info-next":"Ƞḗḗẋŧ","setup-progress-wait-msg":"Şḗḗŧŧīīƞɠ ŭŭƥ ȧȧƈƈǿǿŭŭƞŧ","setup-completed-header":"Ḿȧȧīīŀ ȧȧƈƈǿǿŭŭƞŧ şḗḗŧŭŭƥ","setup-completed-label":"Ȧȧŀŀ ḓǿǿƞḗḗ!","setup-add-another-account":"Ȧȧḓḓ ȧȧƞǿǿŧħḗḗř ȧȧƈƈǿǿŭŭƞŧ","setup-show-mail":"Ƈǿǿƞŧīīƞŭŭḗḗ ŧǿǿ Ḿȧȧīīŀ","setup-error-offline":"Ŧħīīş ḓḗḗṽīīƈḗḗ īīş ƈŭŭřřḗḗƞŧŀẏ ǿǿƒƒŀīīƞḗḗ. Ƈǿǿƞƞḗḗƈŧ ŧǿǿ ȧȧ ƞḗḗŧẇǿǿřķ ȧȧƞḓ ŧřẏ ȧȧɠȧȧīīƞ.","setup-error-bad-user-or-pass2":"Īīƞṽȧȧŀīīḓ ŭŭşḗḗřƞȧȧḿḗḗ ǿǿř ƥȧȧşşẇǿǿřḓ. Ƈħḗḗƈķ ƒǿǿř ŧẏƥǿǿş.","setup-error-bad-address":"Īīƞṽȧȧŀīīḓ ḗḗ-ḿȧȧīīŀ ȧȧḓḓřḗḗşş. Ƈħḗḗƈķ ƒǿǿř ŧẏƥǿǿş.","setup-error-not-authorized":"Ŧħḗḗ şḗḗřṽḗḗř şȧȧīīḓ ẏǿǿŭŭ’řḗḗ ƞǿǿŧ ȧȧŭŭŧħǿǿřīīẑḗḗḓ ŧǿǿ ƈřḗḗȧȧŧḗḗ ȧȧƞ ȧȧƈƈǿǿŭŭƞŧ","setup-error-pop-server-not-great":"Şḗḗřṽḗḗř ŭŭƞşŭŭƥƥǿǿřŧḗḗḓ. Ŧħḗḗ ƤǾǿƤ3 şḗḗřṽḗḗř ḓǿǿḗḗş ƞǿǿŧ īīḿƥŀḗḗḿḗḗƞŧ řḗḗɋŭŭīīřḗḗḓ ƒḗḗȧȧŧŭŭřḗḗş.","setup-error-unknown2":"Ȧȧƞ ŭŭƞķƞǿǿẇƞ ḗḗřřǿǿř ǿǿƈƈŭŭřřḗḗḓ. Ƈħḗḗƈķ ẏǿǿŭŭř ƞḗḗŧẇǿǿřķ ƈǿǿƞƞḗḗƈŧīīǿǿƞ ǿǿř ŧřẏ ŧħḗḗ ḿȧȧƞŭŭȧȧŀ ƈǿǿƞƒīīɠŭŭřȧȧŧīīǿǿƞ ǿǿƥŧīīǿǿƞ.","setup-error-needs-app-pass":"Ẏǿǿŭŭ ḿŭŭşŧ ŭŭşḗḗ ȧȧƞ ȧȧƥƥŀīīƈȧȧŧīīǿǿƞ şƥḗḗƈīīƒīīƈ ƥȧȧşşẇǿǿřḓ ƒǿǿř ŧẇǿǿ-ƒȧȧƈŧǿǿř Ɠḿȧȧīīŀ ȧȧƈƈǿǿŭŭƞŧş","setup-error-imap-disabled":"Ẏǿǿŭŭ ḿŭŭşŧ ḗḗƞȧȧƀŀḗḗ ĪīḾȦȧƤ ƒǿǿř ẏǿǿŭŭř Ɠḿȧȧīīŀ ȧȧƈƈǿǿŭŭƞŧ","setup-error-pop3-disabled":"Ẏǿǿŭŭ ḿŭŭşŧ ḗḗƞȧȧƀŀḗḗ ƤǾǿƤ3 ƒǿǿř ẏǿǿŭŭř Ɠḿȧȧīīŀ ȧȧƈƈǿǿŭŭƞŧ","setup-error-bad-security":"Ŭŭƞȧȧƀŀḗḗ ŧǿǿ ḗḗşŧȧȧƀŀīīşħ ȧȧ şḗḗƈŭŭřḗḗ ƈǿǿƞƞḗḗƈŧīīǿǿƞ ẇīīŧħ \"{{server}}\". Ŧħḗḗřḗḗ ḿȧȧẏ ƀḗḗ ȧȧ ƥřǿǿƀŀḗḗḿ ẇīīŧħ ẏǿǿŭŭř ƞḗḗŧẇǿǿřķ ǿǿř ŧħḗḗ şḗḗřṽḗḗř.","setup-error-unresponsive-server":"Ŭŭƞȧȧƀŀḗḗ ŧǿǿ ḗḗşŧȧȧƀŀīīşħ ȧȧ ƈǿǿƞƞḗḗƈŧīīǿǿƞ ẇīīŧħ \"{{server}}\". Ŧħḗḗřḗḗ ḿȧȧẏ ƀḗḗ ȧȧ ƥřǿǿƀŀḗḗḿ ẇīīŧħ ŧħḗḗ ƞḗḗŧẇǿǿřķ.","setup-error-server-problem":"Ŧħḗḗřḗḗ īīş ȧȧ ƥřǿǿƀŀḗḗḿ ẇīīŧħ ŧħḗḗ şḗḗřṽḗḗř \"{{server}}\". Ŧřẏ ȧȧɠȧȧīīƞ ŀȧȧŧḗḗř.","setup-error-no-config-info":"Ŭŭƞȧȧƀŀḗḗ ŧǿǿ ȧȧŭŭŧǿǿḿȧȧŧīīƈȧȧŀŀẏ ƈǿǿƞƒīīɠŭŭřḗḗ ẏǿǿŭŭř ȧȧƈƈǿǿŭŭƞŧ. Ƈǿǿřřḗḗƈŧ ẏǿǿŭŭř ḗḗ-ḿȧȧīīŀ ȧȧḓḓřḗḗşş ǿǿř ŧřẏ ŧħḗḗ ḿȧȧƞŭŭȧȧŀ ƈǿǿƞƒīīɠŭŭřȧȧŧīīǿǿƞ ǿǿƥŧīīǿǿƞ.","setup-error-server-maintenance":"Ŧħḗḗ şḗḗřṽḗḗř \"{{server}}\" īīş ǿǿƒƒŀīīƞḗḗ ƒǿǿř ḿȧȧīīƞŧḗḗƞȧȧƞƈḗḗ. Ŧřẏ ȧȧɠȧȧīīƞ ŀȧȧŧḗḗř.","setup-error-account-already-exists":"Ŧħīīş ȧȧƈƈǿǿŭŭƞŧ īīş ȧȧŀřḗḗȧȧḓẏ ƈǿǿƞƒīīɠŭŭřḗḗḓ.","setup-manual-config2":"Ḿȧȧƞŭŭȧȧŀ şḗḗŧŭŭƥ","setup-manual-config-header":"Ḿȧȧƞŭŭȧȧŀ Şḗḗŧŭŭƥ","setup-manual-account-type":"Ȧȧƈƈǿǿŭŭƞŧ ŧẏƥḗḗ","setup-manual-imap-header":"ĪīḾȦȧƤ şḗḗŧŧīīƞɠş","setup-manual-pop3-header":"ƤǾǿƤ3 şḗḗŧŧīīƞɠş","setup-manual-smtp-header":"ŞḾŦƤ şḗḗŧŧīīƞɠş","setup-manual-activesync-header":"ȦȧƈŧīīṽḗḗŞẏƞƈ şḗḗŧŧīīƞɠş","setup-manual-next":"Ƞḗḗẋŧ","setup-manual-socket":"Şǿǿƈķḗḗŧ Ŧẏƥḗḗ","setup-manual-socket-ssl":"ŞŞĿ","setup-manual-socket-starttls":"ŞŦȦȧŘŦŦĿŞ","setup-manual-hostname":{"placeholder":"Ħǿǿşŧƞȧȧḿḗḗ"},"setup-manual-port":{"placeholder":"Ƥǿǿřŧ Ƞŭŭḿƀḗḗř"},"setup-manual-username":{"placeholder":"Ŭŭşḗḗřƞȧȧḿḗḗ"},"setup-manual-activesync-username":{"placeholder":"Ḓǿǿḿȧȧīīƞ\\Ŭŭşḗḗřƞȧȧḿḗḗ"},"setup-bad-password-header":"Ɓȧȧḓ ƥȧȧşşẇǿǿřḓ!","setup-bad-password":"Ẇḗḗ ƈǿǿŭŭŀḓ ƞǿǿŧ şīīɠƞ īīƞ ŧǿǿ ŧħḗḗ şḗḗřṽḗḗř. Ḿȧȧẏƀḗḗ ẏǿǿŭŭř ƥȧȧşşẇǿǿřḓ īīş ẇřǿǿƞɠ?","setup-new-password":{"placeholder":"Ƞḗḗẇ ƥȧȧşşẇǿǿřḓ"},"setup-fix-password":"Řḗḗŧřẏ ẇīīŧħ ƞḗḗẇ ƥȧȧşşẇǿǿřḓ","setup-gmail-twofactor-header":"Ŧẇǿǿ-Ƒȧȧƈŧǿǿř Ḗḗƞȧȧƀŀḗḗḓ","setup-gmail-twofactor-message":"Ẏǿǿŭŭ ƞḗḗḗḗḓ ŧǿǿ ḗḗƞŧḗḗř ȧȧƞ ȧȧƥƥŀīīƈȧȧŧīīǿǿƞ-şƥḗḗƈīīƒīīƈ ƥȧȧşşẇǿǿřḓ ƀḗḗŀǿǿẇ.","setup-gmail-twofactor-fix":"Ŭŭşḗḗ ȧȧƥƥŀīīƈȧȧŧīīǿǿƞ ƥȧȧşşẇǿǿřḓ","setup-gmail-imap-header":"ĪīḾȦȧƤ Ḓīīşȧȧƀŀḗḗḓ","setup-gmail-imap-message":"Ẏǿǿŭŭ ḿŭŭşŧ ḗḗƞȧȧƀŀḗḗ ĪīḾȦȧƤ ǿǿƞ ẏǿǿŭŭř Ɠḿȧȧīīŀ ȧȧƈƈǿǿŭŭƞŧ","setup-gmail-imap-retry":"Řḗḗŧřẏ","setup-gmail-pop3-header":"ƤǾǿƤ3 Ḓīīşȧȧƀŀḗḗḓ","setup-gmail-pop3-message":"Ẏǿǿŭŭ ḿŭŭşŧ ḗḗƞȧȧƀŀḗḗ ƤǾǿƤ3 ǿǿƞ ẏǿǿŭŭř Ɠḿȧȧīīŀ ȧȧƈƈǿǿŭŭƞŧ","setup-gmail-pop3-retry":"Řḗḗŧřẏ","settings-main-header":"Ḿȧȧīīŀ Şḗḗŧŧīīƞɠş","settings-sub-header-account":"Ȧȧƈƈǿǿŭŭƞŧ","settings-account-name":"Ẏǿǿŭŭř ƞȧȧḿḗḗ","settings-account-display-notifications":"Ḓīīşƥŀȧȧẏ ƞǿǿŧīīƒīīƈȧȧŧīīǿǿƞş ƒǿǿř ƞḗḗẇ ḿḗḗşşȧȧɠḗḗş","settings-account-play-sound-onsend":"Ƥŀȧȧẏ şǿǿŭŭƞḓ ȧȧƒŧḗḗř ḿḗḗşşȧȧɠḗḗ īīş şḗḗƞŧ","settings-sub-header-data":"Ḓȧȧŧȧȧ","settings-account-check-mail":"Ƈħḗḗƈķ ƒǿǿř ƞḗḗẇ ḿḗḗşşȧȧɠḗḗş","settings-sub-header-server":"Şḗḗřṽḗḗř şḗḗŧŧīīƞɠş","settings-account-userpass":"Ŭŭşḗḗřƞȧȧḿḗḗ ȧȧƞḓ ƥȧȧşşẇǿǿřḓ","settings-done":"Ḓǿǿƞḗḗ","settings-account-section":"Ȧȧƈƈǿǿŭŭƞŧş","settings-account-add":"Ȧȧḓḓ Ȧȧƈƈǿǿŭŭƞŧ","settings-account-delete":"Ḓḗḗŀḗḗŧḗḗ ȧȧƈƈǿǿŭŭƞŧ","settings-account-delete-prompt":"Ȧȧřḗḗ ẏǿǿŭŭ şŭŭřḗḗ ẏǿǿŭŭ ẇȧȧƞŧ ŧǿǿ ḓḗḗŀḗḗŧḗḗ ẏǿǿŭŭř {{account}} ḿȧȧīīŀ ȧȧƈƈǿǿŭŭƞŧ? Ẏǿǿŭŭ ẇīīŀŀ ħȧȧṽḗḗ ŧǿǿ řḗḗ-ḓǿǿẇƞŀǿǿȧȧḓ ẏǿǿŭŭř ḿȧȧīīŀ īīƒ ẏǿǿŭŭ řḗḗ-ƈřḗḗȧȧŧḗḗ ŧħḗḗ ȧȧƈƈǿǿŭŭƞŧ.","settings-account-delete-cancel":"Ƈȧȧƞƈḗḗŀ","settings-account-delete-confirm":"Ḓḗḗŀḗḗŧḗḗ","settings-account-clarify-imap":"{{account-name}} (ĪīḾȦȧƤ)","settings-account-clarify-pop3":"{{account-name}} (ƤǾǿƤ3)","settings-account-clarify-smtp":"{{account-name}} (ŞḾŦƤ)","settings-general-section":"Ɠḗḗƞḗḗřȧȧŀ şḗḗŧŧīīƞɠş","settings-show-images":"Ȧȧŀẇȧȧẏş şħǿǿẇ īīḿȧȧɠḗḗş","settings-download-attachments":"Ḓǿǿẇƞŀǿǿȧȧḓ ȧȧŧŧȧȧƈħḿḗḗƞŧş","settings-check-every-5min":"Ḗḗṽḗḗřẏ 5 ḿīīƞŭŭŧḗḗş","settings-check-every-10min":"Ḗḗṽḗḗřẏ 10 ḿīīƞŭŭŧḗḗş","settings-check-every-15min":"Ḗḗṽḗḗřẏ 15 ḿīīƞŭŭŧḗḗş","settings-check-every-30min":"Ḗḗṽḗḗřẏ 30 ḿīīƞŭŭŧḗḗş","settings-check-every-60min":"Ḗḗṽḗḗřẏ ħǿǿŭŭř","settings-check-every-manual":"Ḿȧȧƞŭŭȧȧŀŀẏ","settings-check-dynamic":{"_":{"zero":"şḗḗƈǿǿƞḓş","one":"{{ n }} şḗḗƈǿǿƞḓş","two":"{{ n }} şḗḗƈǿǿƞḓş","few":"{{ n }} şḗḗƈǿǿƞḓş","many":"{{ n }} şḗḗƈǿǿƞḓş","other":"{{ n }} şḗḗƈǿǿƞḓş"}},"settings-default-account":"Şḗḗŧ ȧȧş ḓḗḗƒȧȧŭŭŀŧ ḗḗḿȧȧīīŀ","settings-account-type":"Ȧȧƈƈǿǿŭŭƞŧ ŧẏƥḗḗ","settings-account-credentials":"Ƈřḗḗḓḗḗƞŧīīȧȧŀş","settings-activesync-label":"ȦȧƈŧīīṽḗḗŞẏƞƈ şḗḗŧŧīīƞɠş","settings-imap-label":"ĪīḾȦȧƤ şḗḗŧŧīīƞɠş","settings-pop3-label":"ƤǾǿƤ3 şḗḗŧŧīīƞɠş","settings-smtp-label":"ŞḾŦƤ şḗḗŧŧīīƞɠş","settings-hostname":"Ħǿǿşŧƞȧȧḿḗḗ","settings-port":"Ƥǿǿřŧ","settings-username":"Ŭŭşḗḗřƞȧȧḿḗḗ","settings-password":"Ƥȧȧşşẇǿǿřḓ","settings-save":"Şȧȧṽḗḗ","settings-password-empty":"Ƥȧȧşşẇǿǿřḓ ƒīīḗḗŀḓ şħǿǿŭŭŀḓ ƞǿǿŧ ƀḗḗ ḗḗḿƥŧẏ","settings-account-synchronize-window":"Ḓȧȧẏş ŧǿǿ şẏƞƈ","settings-synchronize-auto":"Ȧȧŭŭŧǿǿḿȧȧŧīīƈ","settings-synchronize-one-day":"1 ḓȧȧẏ","settings-synchronize-three-days":"3 ḓȧȧẏş","settings-synchronize-one-week":"1 ẇḗḗḗḗķ","settings-synchronize-two-weeks":"2 ẇḗḗḗḗķş","settings-synchronize-one-month":"1 ḿǿǿƞŧħ","settings-synchronize-all":"Ȧȧŀŀ ḿḗḗşşȧȧɠḗḗş","envelope-from":"Ƒřǿǿḿ","envelope-to":"Ŧǿǿ","envelope-cc":"Ƈƈ","envelope-bcc":"Ɓƈƈ","reader-header":"Řḗḗȧȧḓ","compose-header":"Ƈǿǿḿƥǿǿşḗḗ ḿḗḗşşȧȧɠḗḗ","compose-header-short":"Ƈǿǿḿƥǿǿşḗḗ","compose-send":"Şḗḗƞḓ","compose-to":"Ŧǿǿ","compose-cc":"ƈƈ","compose-bcc":"ƀƈƈ","compose-attachments":{"_":{"zero":"Ȧȧŧŧȧȧƈħḿḗḗƞŧş","one":"{{ n }} ȧȧŧŧȧȧƈħḿḗḗƞŧ","two":"{{ n }} ȧȧŧŧȧȧƈħḿḗḗƞŧş","few":"{{ n }} ȧȧŧŧȧȧƈħḿḗḗƞŧş","many":"{{ n }} ȧȧŧŧȧȧƈħḿḗḗƞŧş","other":"{{ n }} ȧȧŧŧȧȧƈħḿḗḗƞŧş"}},"compose-attachment-still-working":"Ǿǿƞḗḗ ḿǿǿḿḗḗƞŧ, şŧīīŀŀ ẇǿǿřķīīƞɠ ǿǿƞ ŧħḗḗ ƥřḗḗṽīīǿǿŭŭş ȧȧŧŧȧȧƈħḿḗḗƞŧ...","compose-subject":"Şŭŭƀĵḗḗƈŧ","compose-draft-save":"Şȧȧṽḗḗ ŧǿǿ Ŀǿǿƈȧȧŀ Ḓřȧȧƒŧş","compose-discard-message":"Ḓīīşƈȧȧřḓ ḗḗḿȧȧīīŀ?","compose-discard-confirm":"Ḓīīşƈȧȧřḓ","compose-sending-message":"Şḗḗƞḓīīƞɠ ḗḗḿȧȧīīŀ","compose-send-message-failed":"Şḗḗƞḓīīƞɠ ḗḗḿȧȧīīŀ ƒȧȧīīŀḗḗḓ","composer-attachment-large":"Ȧȧŧŧȧȧƈħḿḗḗƞŧ ŧǿǿǿǿ ŀȧȧřɠḗḗ","composer-attachments-large":"Ȧȧŧŧȧȧƈħḿḗḗƞŧş ŧǿǿǿǿ ŀȧȧřɠḗḗ","compose-attchment-size-exceeded":"Ŧħḗḗ şḗḗŀḗḗƈŧḗḗḓ ȧȧŧŧȧȧƈħḿḗḗƞŧ īīş ŧǿǿǿǿ ŀȧȧřɠḗḗ ŧǿǿ şḗḗƞḓ ẇīīŧħ ŧħīīş ḿḗḗşşȧȧɠḗḗ.","compose-attchments-size-exceeded":"Ŧħḗḗ şḗḗŀḗḗƈŧḗḗḓ ȧȧŧŧȧȧƈħḿḗḗƞŧş ȧȧřḗḗ ŧǿǿǿǿ ŀȧȧřɠḗḗ ŧǿǿ şḗḗƞḓ ẇīīŧħ ŧħīīş ḿḗḗşşȧȧɠḗḗ. Ŧřẏ şḗḗŀḗḗƈŧīīƞɠ ƒḗḗẇḗḗř ƒīīŀḗḗş.","dialog-button-ok":"ǾǿĶ","default-attachment-filename":"ȧȧŧŧȧȧƈħḿḗḗƞŧ{{ n }}","attachment-size-kib":"{{kilobytes}}Ķ","message-attachment-view":{"textContent":"Ṽīīḗḗẇ"},"message-attachment-too-large":"Ŧħīīş ƒīīŀḗḗ īīş ŧǿǿǿǿ ŀȧȧřɠḗḗ ŧǿǿ ḓǿǿẇƞŀǿǿȧȧḓ.","message-no-subject":"(ƞǿǿ şŭŭƀĵḗḗƈŧ)","message-edit-menu-delete":"Ḓḗḗŀḗḗŧḗḗ","message-edit-delete-confirm":"Ḓḗḗŀḗḗŧḗḗ ḗḗḿȧȧīīŀ ḿḗḗşşȧȧɠḗḗ?","message-send-attachment-disabled-confirm":"Ȧȧŧŧȧȧƈħḿḗḗƞŧş ƈȧȧƞ ƞǿǿŧ ƀḗḗ ƒǿǿřẇȧȧřḓḗḗḓ.","message-multiedit-header":{"_":{"zero":"Ḗḗḓīīŧ","one":"{{ n }} şḗḗŀḗḗƈŧḗḗḓ","two":"{{ n }} şḗḗŀḗḗƈŧḗḗḓ","few":"{{ n }} şḗḗŀḗḗƈŧḗḗḓ","many":"{{ n }} şḗḗŀḗḗƈŧḗḗḓ","other":"{{ n }} şḗḗŀḗḗƈŧḗḗḓ"}},"browse-to-url-prompt":"Ɓřǿǿẇşḗḗ ŧǿǿ ŬŭŘĿ?: {{ url }}","message-download-images":{"_":{"one":"Ŧħīīş ḗḗḿȧȧīīŀ ƈǿǿƞŧȧȧīīƞş ǿǿƞḗḗ īīḿȧȧɠḗḗ. Ƈŀīīƈķ ŧǿǿ ḓǿǿẇƞŀǿǿȧȧḓ.","two":"Ŧħīīş ḗḗḿȧȧīīŀ ƈǿǿƞŧȧȧīīƞş {{ n }} īīḿȧȧɠḗḗş. Ƈŀīīƈķ ŧǿǿ ḓǿǿẇƞŀǿǿȧȧḓ.","few":"Ŧħīīş ḗḗḿȧȧīīŀ ƈǿǿƞŧȧȧīīƞş {{ n }} īīḿȧȧɠḗḗş. Ƈŀīīƈķ ŧǿǿ ḓǿǿẇƞŀǿǿȧȧḓ.","many":"Ŧħīīş ḗḗḿȧȧīīŀ ƈǿǿƞŧȧȧīīƞş {{ n }} īīḿȧȧɠḗḗş. Ƈŀīīƈķ ŧǿǿ ḓǿǿẇƞŀǿǿȧȧḓ.","other":"Ŧħīīş ḗḗḿȧȧīīŀ ƈǿǿƞŧȧȧīīƞş {{ n }} īīḿȧȧɠḗḗş. Ƈŀīīƈķ ŧǿǿ ḓǿǿẇƞŀǿǿȧȧḓ."}},"message-show-external-images":"Şħǿǿẇ ḗḗẋŧḗḗřƞȧȧŀ īīḿȧȧɠḗḗş","message-multiedit-cancel":"Ƈȧȧƞƈḗḗŀ","message-multiedit-delete-confirm":{"_":{"one":"Ḓḗḗŀḗḗŧḗḗ ŧħīīş ḗḗḿȧȧīīŀ ḿḗḗşşȧȧɠḗḗ?","two":"Ḓḗḗŀḗḗŧḗḗ {{ n }} ḗḗḿȧȧīīŀ ḿḗḗşşȧȧɠḗḗş?","few":"Ḓḗḗŀḗḗŧḗḗ {{ n }} ḗḗḿȧȧīīŀ ḿḗḗşşȧȧɠḗḗş?","many":"Ḓḗḗŀḗḗŧḗḗ {{ n }} ḗḗḿȧȧīīŀ ḿḗḗşşȧȧɠḗḗş?","other":"Ḓḗḗŀḗḗŧḗḗ {{ n }} ḗḗḿȧȧīīŀ ḿḗḗşşȧȧɠḗḗş?"}},"message-large-message-cancel":"Ƈȧȧƞƈḗḗŀ","message-large-message-ok":"Ƈǿǿƞŧīīƞŭŭḗḗ","message-large-message-confirm":"Ŧħīīş ḿḗḗşşȧȧɠḗḗ īīş ŀȧȧřɠḗḗ ȧȧƞḓ ḿȧȧẏ ŧȧȧķḗḗ şǿǿḿḗḗ ŧīīḿḗḗ ŧǿǿ ḓǿǿẇƞŀǿǿȧȧḓ.","message-search-from":"Ƒřǿǿḿ","message-search-to":"Ŧǿǿ","message-search-subject":"Şŭŭƀĵḗḗƈŧ","message-search-body":"Ɓǿǿḓẏ","message-search-all":"Ȧȧŀŀ","message-search-input":{"placeholder":"Şḗḗȧȧřƈħ Ḿȧȧīīŀ"},"message-search-cancel":"Ƈȧȧƞƈḗḗŀ","messages-syncing":"Ŀǿǿȧȧḓīīƞɠ Ḿḗḗşşȧȧɠḗḗş","messages-sync-more":"Ŀǿǿȧȧḓ ḿǿǿřḗḗ ḿḗḗşşȧȧɠḗḗş ƒřǿǿḿ şḗḗřṽḗḗř","messages-folder-empty":"Ƞǿǿ ḿȧȧīīŀ īīƞ ŧħīīş Ƒǿǿŀḓḗḗř","messages-search-empty":"Ƞǿǿ ḿȧȧŧƈħḗḗş īīƞ ŀǿǿƈȧȧŀŀẏ ƈȧȧƈħḗḗḓ ḿḗḗşşȧȧɠḗḗş","messages-folder-select":"Şḗḗŀḗḗƈŧ ƒǿǿŀḓḗḗř","message-contact-menu-create":"Şȧȧṽḗḗ ƞḗḗẇ ƈǿǿƞŧȧȧƈŧ","message-contact-menu-add-existing":"Ȧȧḓḓ ŧǿǿ ḗḗẋīīşŧīīƞɠ ƈǿǿƞŧȧȧƈŧ","message-contact-menu-view":"Ṽīīḗḗẇ ƈǿǿƞŧȧȧƈŧ","message-contact-menu-reply":"Řḗḗƥŀẏ","message-contact-menu-new":"Şḗḗƞḓ ƞḗḗẇ ḿȧȧīīŀ","message-reply-menu-reply":"Řḗḗƥŀẏ","message-reply-menu-reply-all":"Řḗḗƥŀẏ Ȧȧŀŀ","message-reply-menu-forward":"Ƒǿǿřẇȧȧřḓ","message-reply-menu-cancel":"Ƈȧȧƞƈḗḗŀ","reply-quoting-wrote":"{name} ẇřǿǿŧḗḗ","forward-original-message":"Ǿǿřīīɠīīƞȧȧŀ ḿḗḗşşȧȧɠḗḗ","forward-header-subject":"Şŭŭƀĵḗḗƈŧ","forward-header-date":"Ḓȧȧŧḗḗ","forward-header-from":"Ƒřǿǿḿ","forward-header-reply-to":"Řḗḗƥŀẏ-Ŧǿǿ","forward-header-to":"Ŧǿǿ","forward-header-cc":"Ƈƈ","folder-inbox":"Īīƞƀǿǿẋ","folder-sent":"Şḗḗƞŧ","folder-drafts":"Ḓřȧȧƒŧş","folder-trash":"Ŧřȧȧşħ","folder-queue":"Ŭŭƞşḗḗƞŧ","folder-junk":"Ĵŭŭƞķ","folder-archives":"Ȧȧřƈħīīṽḗḗş","folder-localdrafts":"Ŀǿǿƈȧȧŀ Ḓřȧȧƒŧş","drawer-back":"Ɓȧȧƈķ","drawer-accounts-header":"Ȧȧƈƈǿǿŭŭƞŧş","drawer-settings-link":"Şḗḗŧŧīīƞɠş","folder-last-synced-label":"Ŀȧȧşŧ şẏƞƈ:","toaster-undo":"Ŭŭƞḓǿǿ","toaster-retry":"Řḗḗŧřẏ","toaster-message-star":{"_":{"one":"1 ḿḗḗşşȧȧɠḗḗ ƒŀȧȧɠ şḗḗŧ","two":"{{ n }} ḿḗḗşşȧȧɠḗḗ ƒŀȧȧɠş şḗḗŧ","few":"{{ n }} ḿḗḗşşȧȧɠḗḗ ƒŀȧȧɠş şḗḗŧ","many":"{{ n }} ḿḗḗşşȧȧɠḗḗ ƒŀȧȧɠş şḗḗŧ","other":"{{ n }} ḿḗḗşşȧȧɠḗḗ ƒŀȧȧɠş şḗḗŧ"}},"toaster-message-unstar":{"_":{"one":"1 ḿḗḗşşȧȧɠḗḗ ƒŀȧȧɠ řḗḗḿǿǿṽḗḗḓ","two":"{{ n }} ḿḗḗşşȧȧɠḗḗ ƒŀȧȧɠş řḗḗḿǿǿṽḗḗḓ","few":"{{ n }} ḿḗḗşşȧȧɠḗḗ ƒŀȧȧɠş řḗḗḿǿǿṽḗḗḓ","many":"{{ n }} ḿḗḗşşȧȧɠḗḗ ƒŀȧȧɠş řḗḗḿǿǿṽḗḗḓ","other":"{{ n }} ḿḗḗşşȧȧɠḗḗ ƒŀȧȧɠş řḗḗḿǿǿṽḗḗḓ"}},"toaster-message-read":{"_":{"one":"1 ḿḗḗşşȧȧɠḗḗ ḿȧȧřķḗḗḓ ȧȧş řḗḗȧȧḓ","two":"{{ n }} ḿḗḗşşȧȧɠḗḗş ḿȧȧřķḗḗḓ ȧȧş řḗḗȧȧḓ","few":"{{ n }} ḿḗḗşşȧȧɠḗḗş ḿȧȧřķḗḗḓ ȧȧş řḗḗȧȧḓ","many":"{{ n }} ḿḗḗşşȧȧɠḗḗş ḿȧȧřķḗḗḓ ȧȧş řḗḗȧȧḓ","other":"{{ n }} ḿḗḗşşȧȧɠḗḗş ḿȧȧřķḗḗḓ ȧȧş řḗḗȧȧḓ"}},"toaster-message-unread":{"_":{"one":"1 ḿḗḗşşȧȧɠḗḗ ḿȧȧřķḗḗḓ ȧȧş ŭŭƞřḗḗȧȧḓ","two":"{{ n }} ḿḗḗşşȧȧɠḗḗş ḿȧȧřķḗḗḓ ȧȧş ŭŭƞřḗḗȧȧḓ","few":"{{ n }} ḿḗḗşşȧȧɠḗḗş ḿȧȧřķḗḗḓ ȧȧş ŭŭƞřḗḗȧȧḓ","many":"{{ n }} ḿḗḗşşȧȧɠḗḗş ḿȧȧřķḗḗḓ ȧȧş ŭŭƞřḗḗȧȧḓ","other":"{{ n }} ḿḗḗşşȧȧɠḗḗş ḿȧȧřķḗḗḓ ȧȧş ŭŭƞřḗḗȧȧḓ"}},"toaster-message-move":{"_":{"one":"1 ḿḗḗşşȧȧɠḗḗ ḿǿǿṽḗḗḓ","two":"{{ n }} ḿḗḗşşȧȧɠḗḗş ḿǿǿṽḗḗḓ","few":"{{ n }} ḿḗḗşşȧȧɠḗḗş ḿǿǿṽḗḗḓ","many":"{{ n }} ḿḗḗşşȧȧɠḗḗş ḿǿǿṽḗḗḓ","other":"{{ n }} ḿḗḗşşȧȧɠḗḗş ḿǿǿṽḗḗḓ"}},"toaster-message-delete":{"_":{"one":"1 ḿḗḗşşȧȧɠḗḗ ḓḗḗŀḗḗŧḗḗḓ","two":"{{ n }} ḿḗḗşşȧȧɠḗḗş ḓḗḗŀḗḗŧḗḗḓ","few":"{{ n }} ḿḗḗşşȧȧɠḗḗş ḓḗḗŀḗḗŧḗḗḓ","many":"{{ n }} ḿḗḗşşȧȧɠḗḗş ḓḗḗŀḗḗŧḗḗḓ","other":"{{ n }} ḿḗḗşşȧȧɠḗḗş ḓḗḗŀḗḗŧḗḗḓ"}},"toaster-retryable-syncfailed":"Ŭŭƞȧȧƀŀḗḗ ŧǿǿ ƈǿǿƞƞḗḗƈŧ ŧǿǿ şḗḗřṽḗḗř","form-clear-input":"Řḗḗḿǿǿṽḗḗ ŧḗḗẋŧ","confirm-dialog-title":"Ƈǿǿƞƒīīřḿȧȧŧīīǿǿƞ","senders-separation-sign":", ","new-emails":{"_":{"one":"1 Ƞḗḗẇ Ḗḗḿȧȧīīŀ","two":"{{ n }} Ƞḗḗẇ Ḗḗḿȧȧīīŀş","few":"{{ n }} Ƞḗḗẇ Ḗḗḿȧȧīīŀş","many":"{{ n }} Ƞḗḗẇ Ḗḗḿȧȧīīŀş","other":"{{ n }} Ƞḗḗẇ Ḗḗḿȧȧīīŀş"}},"new-emails-notify-one-account":{"_":{"one":"1 Ƞḗḗẇ Ḗḗḿȧȧīīŀ","two":"{{ n }} Ƞḗḗẇ Ḗḗḿȧȧīīŀş","few":"{{ n }} Ƞḗḗẇ Ḗḗḿȧȧīīŀş","many":"{{ n }} Ƞḗḗẇ Ḗḗḿȧȧīīŀş","other":"{{ n }} Ƞḗḗẇ Ḗḗḿȧȧīīŀş"}},"new-emails-notify-multiple-accounts":{"_":{"one":"1 Ƞḗḗẇ Ḗḗḿȧȧīīŀ ({{ accountName }})","two":"{{ n }} Ƞḗḗẇ Ḗḗḿȧȧīīŀş ({{ accountName }})","few":"{{ n }} Ƞḗḗẇ Ḗḗḿȧȧīīŀş ({{ accountName }})","many":"{{ n }} Ƞḗḗẇ Ḗḗḿȧȧīīŀş ({{ accountName }})","other":"{{ n }} Ƞḗḗẇ Ḗḗḿȧȧīīŀş ({{ accountName }})"}},"new-emails-notify-multiple-accounts-body":"{{ from }} “{{ subject }}”","weekday-0-long":"Şŭŭƞḓȧȧẏ","weekday-1-long":"Ḿǿǿƞḓȧȧẏ","weekday-2-long":"Ŧŭŭḗḗşḓȧȧẏ","weekday-3-long":"Ẇḗḗḓƞḗḗşḓȧȧẏ","weekday-4-long":"Ŧħŭŭřşḓȧȧẏ","weekday-5-long":"Ƒřīīḓȧȧẏ","weekday-6-long":"Şȧȧŧŭŭřḓȧȧẏ","weekday-0-short":"Şŭŭƞ","weekday-1-short":"Ḿǿǿƞ","weekday-2-short":"Ŧŭŭḗḗ","weekday-3-short":"Ẇḗḗḓ","weekday-4-short":"Ŧħŭŭ","weekday-5-short":"Ƒřīī","weekday-6-short":"Şȧȧŧ","month-0-long":"Ĵȧȧƞŭŭȧȧřẏ","month-1-long":"Ƒḗḗƀřŭŭȧȧřẏ","month-2-long":"Ḿȧȧřƈħ","month-3-long":"Ȧȧƥřīīŀ","month-4-long":"Ḿȧȧẏ","month-5-long":"Ĵŭŭƞḗḗ","month-6-long":"Ĵŭŭŀẏ","month-7-long":"Ȧȧŭŭɠŭŭşŧ","month-8-long":"Şḗḗƥŧḗḗḿƀḗḗř","month-9-long":"Ǿǿƈŧǿǿƀḗḗř","month-10-long":"Ƞǿǿṽḗḗḿƀḗḗř","month-11-long":"Ḓḗḗƈḗḗḿƀḗḗř","month-0-genitive":"Ĵȧȧƞŭŭȧȧřẏ","month-1-genitive":"Ƒḗḗƀřŭŭȧȧřẏ","month-2-genitive":"Ḿȧȧřƈħ","month-3-genitive":"Ȧȧƥřīīŀ","month-4-genitive":"Ḿȧȧẏ","month-5-genitive":"Ĵŭŭƞḗḗ","month-6-genitive":"Ĵŭŭŀẏ","month-7-genitive":"Ȧȧŭŭɠŭŭşŧ","month-8-genitive":"Şḗḗƥŧḗḗḿƀḗḗř","month-9-genitive":"Ǿǿƈŧǿǿƀḗḗř","month-10-genitive":"Ƞǿǿṽḗḗḿƀḗḗř","month-11-genitive":"Ḓḗḗƈḗḗḿƀḗḗř","month-0-short":"Ĵȧȧƞ","month-1-short":"Ƒḗḗƀ","month-2-short":"Ḿȧȧř","month-3-short":"Ȧȧƥř","month-4-short":"Ḿȧȧẏ","month-5-short":"Ĵŭŭƞ","month-6-short":"Ĵŭŭŀ","month-7-short":"Ȧȧŭŭɠ","month-8-short":"Şḗḗƥ","month-9-short":"Ǿǿƈŧ","month-10-short":"Ƞǿǿṽ","month-11-short":"Ḓḗḗƈ","minutes-ago-long":{"_":{"zero":"ĵŭŭşŧ ƞǿǿẇ","one":"ȧȧ ḿīīƞŭŭŧḗḗ ȧȧɠǿǿ","two":"{{value}} ḿīīƞŭŭŧḗḗş ȧȧɠǿǿ","few":"{{value}} ḿīīƞŭŭŧḗḗş ȧȧɠǿǿ","many":"{{value}} ḿīīƞŭŭŧḗḗş ȧȧɠǿǿ","other":"{{value}} ḿīīƞŭŭŧḗḗş ȧȧɠǿǿ"}},"hours-ago-long":{"_":{"zero":"ĵŭŭşŧ ƞǿǿẇ","one":"ȧȧƞ ħǿǿŭŭř ȧȧɠǿǿ","two":"{{value}} ħǿǿŭŭřş ȧȧɠǿǿ","few":"{{value}} ħǿǿŭŭřş ȧȧɠǿǿ","many":"{{value}} ħǿǿŭŭřş ȧȧɠǿǿ","other":"{{value}} ħǿǿŭŭřş ȧȧɠǿǿ"}},"days-ago-long":{"_":{"zero":"ŧǿǿḓȧȧẏ","one":"ẏḗḗşŧḗḗřḓȧȧẏ","two":"{{value}} ḓȧȧẏş ȧȧɠǿǿ","few":"{{value}} ḓȧȧẏş ȧȧɠǿǿ","many":"{{value}} ḓȧȧẏş ȧȧɠǿǿ","other":"{{value}} ḓȧȧẏş ȧȧɠǿǿ"}},"weeks-ago-long":{"_":{"zero":"ŧħīīş ẇḗḗḗḗķ","one":"ŀȧȧşŧ ẇḗḗḗḗķ","two":"{{value}} ẇḗḗḗḗķş ȧȧɠǿǿ","few":"{{value}} ẇḗḗḗḗķş ȧȧɠǿǿ","many":"{{value}} ẇḗḗḗḗķş ȧȧɠǿǿ","other":"{{value}} ẇḗḗḗḗķş ȧȧɠǿǿ"}},"months-ago-long":{"_":{"zero":"ŧħīīş ḿǿǿƞŧħ","one":"ŀȧȧşŧ ḿǿǿƞŧħ","two":"{{value}} ḿǿǿƞŧħş ȧȧɠǿǿ","few":"{{value}} ḿǿǿƞŧħş ȧȧɠǿǿ","many":"{{value}} ḿǿǿƞŧħş ȧȧɠǿǿ","other":"{{value}} ḿǿǿƞŧħş ȧȧɠǿǿ"}},"years-ago-long":{"_":{"zero":"ŧħīīş ẏḗḗȧȧř","one":"ŀȧȧşŧ ẏḗḗȧȧř","two":"{{value}} ẏḗḗȧȧřş ȧȧɠǿǿ","few":"{{value}} ẏḗḗȧȧřş ȧȧɠǿǿ","many":"{{value}} ẏḗḗȧȧřş ȧȧɠǿǿ","other":"{{value}} ẏḗḗȧȧřş ȧȧɠǿǿ"}},"minutes-until-long":{"_":{"zero":"ƞǿǿẇ","one":"īīƞ ȧȧ ḿīīƞŭŭŧḗḗ","two":"īīƞ {{value}} ḿīīƞŭŭŧḗḗş","few":"īīƞ {{value}} ḿīīƞŭŭŧḗḗş","many":"īīƞ {{value}} ḿīīƞŭŭŧḗḗş","other":"īīƞ {{value}} ḿīīƞŭŭŧḗḗş"}},"hours-until-long":{"_":{"zero":"ƞǿǿẇ","one":"īīƞ ȧȧƞ ħǿǿŭŭř","two":"īīƞ {{value}} ħǿǿŭŭřş","few":"īīƞ {{value}} ħǿǿŭŭřş","many":"īīƞ {{value}} ħǿǿŭŭřş","other":"īīƞ {{value}} ħǿǿŭŭřş"}},"days-until-long":{"_":{"zero":"ŧǿǿḓȧȧẏ","one":"ŧǿǿḿǿǿřřǿǿẇ","two":"īīƞ {{value}} ḓȧȧẏş","few":"īīƞ {{value}} ḓȧȧẏş","many":"īīƞ {{value}} ḓȧȧẏş","other":"īīƞ {{value}} ḓȧȧẏş"}},"weeks-until-long":{"_":{"zero":"ŧħīīş ẇḗḗḗḗķ","one":"ƞḗḗẋŧ ẇḗḗḗḗķ","two":"īīƞ {{value}} ẇḗḗḗḗķş","few":"īīƞ {{value}} ẇḗḗḗḗķş","many":"īīƞ {{value}} ẇḗḗḗḗķş","other":"īīƞ {{value}} ẇḗḗḗḗķş"}},"months-until-long":{"_":{"zero":"ŧħīīş ḿǿǿƞŧħ","one":"ƞḗḗẋŧ ḿǿǿƞŧħ","two":"īīƞ {{value}} ḿǿǿƞŧħş","few":"īīƞ {{value}} ḿǿǿƞŧħş","many":"īīƞ {{value}} ḿǿǿƞŧħş","other":"īīƞ {{value}} ḿǿǿƞŧħş"}},"years-until-long":{"_":{"zero":"ŧħīīş ẏḗḗȧȧř","one":"ƞḗḗẋŧ ẏḗḗȧȧř","two":"īīƞ {{value}} ẏḗḗȧȧřş","few":"īīƞ {{value}} ẏḗḗȧȧřş","many":"īīƞ {{value}} ẏḗḗȧȧřş","other":"īīƞ {{value}} ẏḗḗȧȧřş"}},"minutes-ago-short":{"_":{"zero":"ĵŭŭşŧ ƞǿǿẇ","other":"{{value}}ḿ ȧȧɠǿǿ"}},"hours-ago-short":{"_":{"zero":"ĵŭŭşŧ ƞǿǿẇ","other":"{{value}}ħ ȧȧɠǿǿ"}},"days-ago-short":{"_":{"zero":"ŧǿǿḓȧȧẏ","other":"{{value}}ḓ ȧȧɠǿǿ"}},"minutes-until-short":{"_":{"zero":"ƞǿǿẇ","other":"īīƞ {{value}}ḿ"}},"hours-until-short":{"_":{"zero":"ƞǿǿẇ","other":"īīƞ {{value}}ħ"}},"days-until-short":{"_":{"zero":"ŧǿǿḓȧȧẏ","other":"īīƞ {{value}}ḓ"}},"incorrectDate":"(īīƞƈǿǿřřḗḗƈŧ ḓȧȧŧḗḗ)","dateTimeFormat_%c":"%a %b %e %Y %I:%M:%S %p","dateTimeFormat_%x":"%m/%d/%Y","dateTimeFormat_%X":"%I:%M:%S %p","shortTimeFormat":"%I:%M %p","shortDateTimeFormat":"%x %I:%M %p","weekStartsOnMonday":"0","time_am":"ȦȧḾ","time_pm":"ƤḾ"}