{"topup-confirmation-title2":"الاستخدام","topup-confirmation-message":"تم تأكيد شحن الرصيد.","topup-incorrectcode-title2":"الاستخدام","topup-incorrectcode-message3":"الرمز المدخل خاطئ","updating":"تحديث","updating-ellipsis":"جار التحديث...","yesterday":"الأمس","today":"اليوم","never":"أبداً","magnitude":"{{value}} {{unit}}","currency":"{{currency}}{{value}}","widget":"اداة المُستخدم","widget-authed-sim-heading":"تم ادخال SIM جديدة لـ {{carrier}}","widget-authed-sim-meta":"انقر لتتبع استخدامك لهاتفك وللإنترنت.","widget-nonauthed-sim-heading":"تم إدخال SIM جديدة","widget-nonauthed-sim-meta":"انقر لتتبع استخدامك للإنترنت.","widget-airplane-mode-heading":"Airplane Mode","widget-airplane-mode-meta":"Please, turn off airplane mode to enable Usage.","widget-no-sim2-heading":"لا توجد بطاقة SIM مُدخلة","widget-no-sim2-meta":"آدخل شريحة إتصال للتشغيل","widget-sim-locked-heading":"شريحة SIM مقفلة","widget-sim-locked-meta":"قم بإلغاء قفل شريحتك لتشغيل الإستخدام","fte":"تجربة المُستخدم لاول مرة","fte-authed-sim":"وفِّر المال عن طريق تتبع استخدامك لهاتفك وللإنترنت.","fte-nonauthed-sim":"وفِّر المال عن طريق تتبع استخدامك للإنترنت.","fte-no-sim":"اِحصل على معلومات واضحة عن مدى استخدامك للإنترنت.","fte-sim-info2":"المعلومات التي تظهر على خدمة كم الإستخدام تأتي مباشرة من هذا الجهاز. تحقق مع موفر خدمة الهاتف المحمول للحصول على معلومات مفصلة حول حسابك.","fte-plantype-title":"نوع العقد","fte-plantype-hint":"اختر نوع عقدك مع مُزود خدمة الجوّال","fte-prepaid2-title":"تنبيه رصيد منخفض","fte-prepaid2-hint":"أعِّد تنبيه لتجنب نفاذ رصيدك.","fte-prepaid3-title":"تقرير البيانات والتنبيهات","fte-prepaid3-hint":"إحصُل على تقارير استخدام الانترنت وأعِّد تنبيه لتجنب استخدامها بصورة كبيرة.","fte-postpaid2-title":"تقرير الاتصال والبيانات","fte-postpaid2-hint":"إحصُل على تقارير استخدام الانترنت.","fte-postpaid3-title":"تنبيه البيانات","fte-postpaid3-hint":"أعِّد تنبيه لتجنب استخدام البيانات بصورة كبيرة.","fte-onlydata2-title":"تقرير البيانات","fte-onlydata2-hint":"إحصُل على تقارير استخدام الانترنت.","fte-onlydata3-title":"تنبيه البيانات","fte-onlydata3-hint":"أعِّد تنبيه لتجنب استخدام البيانات بصورة كبيرة.","phone-activity":"نشاطات الجوّال","balance":"رصيد الحساب","on-roaming-message2":"التجوال : لا يوجد تحدث تلقائي للرصيد . يجب عليك تعبئة الرصيد للتحديث اليدوي","balance-error-message2":"لم يتم تحديث الرصيد بشكل تلقائي. حاول بالتحديث اليدوي.","airplane-mode-error-message2":"ألغِ وضع الطيران لتُحدِّث رصيدك او لاضافة رصيد.","disable-airplane-mode":"هل تريد إيقاف وضع الطيران للتحديث أو اضافة رصيد جديد؟","no-coverage-error-message2":"تحتاج للتغطية لتحديث رصيدك او لتعبئته.","top-up":"شحن الرصيد","enter-top-up-code":"أدخل كود شحن الرصيد","top-up-code-explanation2":"ابحث عنها في بطاقة الشحن او الفاتورة","wait-for-confirmation":"سوف تتلقى رسالة تأكيد","incorrect-code2":"تأكد من صحة الرمز وحاول مرة أخرى","topup-error2":"حدث خطأ أثناء إرسال الرمز. رجاءا حاول مرة أخرى.","application-error-title":"الخدمة غير متوفرة","application-error-message":"الاتصال بممثل الشركة.","service-unavailable-title":"الخدمة غير متوفرة","service-unavailable-message":"التحديث وشحن الرصيد غير ممكنان حاليا. رجاء حاول لاحقا.","data-usage":"استخدام البيانات","update-button":"تحديث","topup-button2":"إستخدم رمز الشحن","topup-ussd-button2":"فتح قائمة الشحن","ok":"حسنا","top-up-in-progress2":"جارِ معالجة شحن الرصيد","top-up-timed-out2":"حدث رصيدك للتاكيد. اذا لم يتحدث رصيدك حاول التعبئة مرة اخرى.","on-topup-not-confirmed-title":"لم يتم تأكيد شحن الرصيد.","on-topup-not-confirmed-message":"حاول تحديث رصيدك أو أعد شحنه مجددا.","send":"إرسال","plantype-setup-title":"خطة هاتفي واتصالي بالإنترنت هي","prepaid":"مدفوع مسبقا","postpaid":"الدفع مؤجلا","phoneactivity":"نشاطات الجوّال","short-date-format":"%b, %d","sms-sent":"رسالة مُرسلة","call-made":"تم الإتصال","settings":"الإعدادات","low-balance-alert":"تنبيه رصيد منخفض","low-balance-explanation2":"عندما يكون رصيدك اقل من","phone-and-internet-data-report":"تقرير بيانات الجوّال والإنترنت","starting-on":"ابتداء من","cancel":"إلغاء","monthly":"شهريا","weekly":"أسبوعيا","monday":"الإثنين","tuesday":"الثلاثاء","wednesday":"الأربعاء","thursday":"الخميس","friday":"الجمعة","saturday":"السبت","sunday":"الأحد","billing-cycle-ends":"دورة الفوترة تنتهي","tracking-will-reset":"سيتم استرداد التتبع إلى تاريخ","yes":"نعم","done":"تم","confirmation":"تأكيد","reset-confirmation-warning":"سيتم حذف كل البيانات الحالية، هل أنت متأكد من الاسترداد؟","reset":"إعادة ضبط","reset-wifi":"تصفير عداد الواي-فاي","reset-mobile":"تصفير عداد حزمة البيانات","reset-all-data-usage":"إعادة تعيين البيانات المتنقلة وخدمة الواي فاي","not-set":"غير محددة","used":"مُستعمل","limit-passed":"تم تجاوز الحدّ","limit":"الحد","data-limit-header":"حد إستخدام البيانات","data-limit-alert":"تنبيه إستخدام المعلومات","data-limit-value2":"عندما يكون الأستخدام أكثر من","data-limit-dialog-title2":"أدخل تنبيه حد البيانات","data-limit-dialog-explanation2":"سيتم تخفيض سرعة الاتصال عند وصول الحد. تحقق من موزد بياناتك لوضع الحد المناسب للتنبيه.","wifi-usage":"استخدام الواي فاي","mobile-usage":"استخدام الجوّال","wifi-usage-settings":"استخدام الواي فاي","mobile-usage-settings":"استخدام الجوّال","im-prepaid":"مدفوع مسبقا","im-postpaid":"الدفع مؤجلا","reset-data-usage":"إعادة تعيين حزمة البيانات","reset-report":"استرداد التقرير","next":"التالي","back":"العودة","lets-go":"هيا بنا!","alert":"تنبيه","alert-limit":"حد التنبيه","fte-welcome-title":"مرحبا","data-limit-notification-title2":"{{limit}} من البيانات المستخدمة","data-limit-notification-text2":"قد وصلت الى الحد الذي حددته","low-balance-notification-title":"رصيد منخفض","low-balance-notification-text":"{{remaining}} رصيد متبقي","zero-balance-message":"رصيدك صفر، لا يوجد رصيد في جوّالك","not-available":"غير متوفر","usage":"الاستخدام","internet":"انترنت","phone":"الهاتف","loading-interface-data":"جارِ تحميل واجهة البيانات. يرجى إعادة المحاولة بعد حين.","verbose-chart-date-format":"{{em-month}} {{monthday-number}}","day-hour-format":"{{day}}, {{time}}","B":"B","KB":"كيلو بايت","MB":"ميغا بايت","GB":"جيجا بايت","weekday-0-long":"الأحد","weekday-1-long":"الإثنين","weekday-2-long":"الثلاثاء","weekday-3-long":"الأربعاء","weekday-4-long":"الخميس","weekday-5-long":"الجمعة","weekday-6-long":"السبت","weekday-0-short":"أحد","weekday-1-short":"إثنين","weekday-2-short":"ثلاثاء","weekday-3-short":"أربعاء","weekday-4-short":"خميس","weekday-5-short":"جمعة","weekday-6-short":"سبت","month-0-long":"يناير","month-1-long":"فبراير","month-2-long":"مارس","month-3-long":"أبريل","month-4-long":"مايو","month-5-long":"يونيو","month-6-long":"يوليو","month-7-long":"أغسطس","month-8-long":"سبتمبر","month-9-long":"أكتوبر","month-10-long":"نوفمبر","month-11-long":"ديسمبر","month-0-genitive":"يناير","month-1-genitive":"فبراير","month-2-genitive":"مارس","month-3-genitive":"أبريل","month-4-genitive":"مايو","month-5-genitive":"يونيو","month-6-genitive":"يوليو","month-7-genitive":"أغسطس","month-8-genitive":"سبتمبر","month-9-genitive":"أكتوبر","month-10-genitive":"نوفمبر","month-11-genitive":"ديسمبر","month-0-short":"يناير","month-1-short":"فبراير","month-2-short":"مارس","month-3-short":"ابريل","month-4-short":"مايو","month-5-short":"يونيو","month-6-short":"يوليو","month-7-short":"أغسطس","month-8-short":"سبتمبر","month-9-short":"أكتوبر","month-10-short":"نوفمبر","month-11-short":"ديسمبر","minutes-ago-long":{"_index":["plural","value"],"_":{"zero":"الآن","one":"منذ دقيقة","two":"منذ {{value}} دقائق","few":"منذ {{value}} دقائق","many":"منذ {{value}} دقائق","other":"منذ {{value}} دقائق"}},"hours-ago-long":{"_index":["plural","value"],"_":{"zero":"الآن","one":"قبل ساعة واحدة","two":"منذ ساعتين","few":"قبل {{value}} ساعات","many":"قبل {{value}} ساعة","other":"قبل {{value}} ساعة"}},"days-ago-long":{"_index":["plural","value"],"_":{"zero":"اليوم","one":"الأمس","two":"قبل يومين","few":"قبل {{value}} أيام","many":"قبل {{value}} يوم","other":"قبل {{value}} يوم"}},"weeks-ago-long":{"_index":["plural","value"],"_":{"zero":"هذا الأسبوع","one":"الأسبوع الماضي","two":"منذ {{value}} أسابيع","few":"منذ {{value}} أسابيع","many":"منذ {{value}} أسابيع","other":"منذ {{value}} أسابيع"}},"months-ago-long":{"_index":["plural","value"],"_":{"zero":"هذا الشهر","one":"الشهر الماضي","two":"منذ {{value}} أشهر","few":"منذ {{value}} أشهر","many":"منذ {{value}} أشهر","other":"منذ {{value}} أشهر"}},"years-ago-long":{"_index":["plural","value"],"_":{"zero":"هذه السنة","one":"السنة الماضية","two":"منذ سنتين","few":"منذ {{value}} سنوات","many":"منذ {{value}} سنة","other":"منذ {{value}} سنة"}},"minutes-until-long":{"_index":["plural","value"],"_":{"zero":"الآن","one":"خلال دقيقة","two":"خلال دقيقتين","few":"خلال {{value}} دقائق","many":"خلال {{value}} دقيقة","other":"خلال {{value}} دقيقة"}},"hours-until-long":{"_index":["plural","value"],"_":{"zero":"الآن","one":"خلال ساعة","two":"خلال ساعتين","few":"خلال {{value}} ساعات","many":"خلال {{value}} ساعة","other":"خلال {{value}} ساعة"}},"days-until-long":{"_index":["plural","value"],"_":{"zero":"اليوم","one":"غداً","two":"خلال يومين","few":"خلال {{value}} أيام","many":"خلال {{value}} يوم","other":"خلال {{value}} يوم"}},"weeks-until-long":{"_index":["plural","value"],"_":{"zero":"هذا الأسبوع","one":"الأسبوع القادم","two":"خلال اسبوعين","few":"خلال {{value}} أسابيع","many":"خلال {{value}} أسبوع","other":"خلال {{value}} أسبوع"}},"months-until-long":{"_index":["plural","value"],"_":{"zero":"هذا الشهر","one":"الشهر القادم","two":"خلال شهرين","few":"خلال {{value}} أشهر","many":"خلال {{value}} شهر","other":"خلال {{value}} شهر"}},"years-until-long":{"_index":["plural","value"],"_":{"zero":"هذه السنة","one":"السنة القادمة","two":"خلال سنتين","few":"خلال {{value}} سنوات","many":"خلال {{value}} سنة","other":"خلال {{value}} سنة"}},"minutes-ago-short":{"_index":["plural","value"],"_":{"zero":"الآن","other":"منذ {{value}} دقيقة"}},"hours-ago-short":{"_index":["plural","value"],"_":{"zero":"الآن","other":"منذ {{value}} س"}},"days-ago-short":{"_index":["plural","value"],"_":{"zero":"اليوم","other":"منذ {{value}} ي"}},"minutes-until-short":{"_index":["plural","value"],"_":{"zero":"الآن","other":"خلال {{value}} د"}},"hours-until-short":{"_index":["plural","value"],"_":{"zero":"الآن","other":"خلال {{value}} س"}},"days-until-short":{"_index":["plural","value"],"_":{"zero":"اليوم","other":"خلال {{value}} ي"}},"incorrectDate":"(تاريخ غير صحيح)","dateTimeFormat_%c":"%a %b %e %Y %I:%M:%S %p","dateTimeFormat_%x":"%m/%d/%Y","dateTimeFormat_%X":"%I:%M:%S %p","shortTimeFormat":"%I:%M %p","shortDateTimeFormat":"%x %I:%M %p","weekStartsOnMonday":"0","time_am":"ص","time_pm":"م"}