{"topup-confirmation-title2":"Usage","topup-confirmation-message":"Top-up confirmed","topup-incorrectcode-title2":"Usage","topup-incorrectcode-message3":"Incorrect top-up code entered.","updating":"Updating","updating-ellipsis":"Updating…","yesterday":"Yesterday","today":"Today","never":"Never","magnitude":"{{value}} {{unit}}","currency":"{{currency}}{{value}}","widget":"Usage Widget","widget-authed-sim-heading":"New {{provider}} SIM inserted","widget-authed-sim-meta":"Tap to track your phone and internet usage.","widget-nonauthed-sim-heading":"New SIM inserted","widget-nonauthed-sim-meta":"Tap to track your internet usage.","widget-airplane-mode-heading":"Airplane Mode","widget-airplane-mode-meta":"Please, turn off airplane mode to enable Usage.","widget-no-sim2-heading":"No SIM inserted","widget-no-sim2-meta":"Insert a SIM to enable Usage.","widget-sim-locked-heading":"Locked SIM card","widget-sim-locked-meta":"Unlock your SIM to enable Usage.","fte":"Usage First Time Experience","fte-authed-sim":"Save money by keeping track of your phone and internet usage.","fte-nonauthed-sim":"Save money by keeping track of your internet usage.","fte-no-sim":"Get clear information about how much internet you’re using.","fte-sim-info2":"Information shown on Usage comes directly from this device. Check with your mobile service provider for detailed account information.","fte-plantype-title":"Type of Contract","fte-plantype-hint":"Select the type of contract you have with your mobile service provider.","fte-prepaid2-title":"Low Balance Alert","fte-prepaid2-hint":"Set an alert to avoid running out of credit.","fte-prepaid3-title":"Data Report and Alert","fte-prepaid3-hint":"Receive reports about your Internet usage and set an alert to avoid using too much.","fte-postpaid2-title":"Phone and Data Report","fte-postpaid2-hint":"Receive reports about your phone and Internet usage.","fte-postpaid3-title":"Data Alert","fte-postpaid3-hint":"Set an alert to avoid using too much data.","fte-onlydata2-title":"Data Report","fte-onlydata2-hint":"Receive reports about your internet usage.","fte-onlydata3-title":"Data Alert","fte-onlydata3-hint":"Set an alert to avoid using too much data.","phone-activity":"Phone Activity","balance":"Balance","on-roaming-message2":"Roaming: no automatic balance update. You might be charged for updating manually.","balance-error-message2":"Balance didn’t update correctly. Try updating manually.","airplane-mode-error-message2":"Turn off airplane mode to update your balance or top up.","disable-airplane-mode":"Do you want to disable Airplane mode to update or top up?","no-coverage-error-message2":"You need phone coverage to update your balance or top up.","top-up":"Top Up","enter-top-up-code":"Enter the top-up code","top-up-code-explanation2":"Find it on the scratch card or directly in your receipt.","wait-for-confirmation":"You will receive a confirmation message","incorrect-code2":"Make sure the code is correct and try again.","topup-error2":"There was a problem sending the code. Please, try again.","application-error-title":"Service unavailable","application-error-message":"Contact your company representative","service-unavailable-title":"Service unavailable","service-unavailable-message":"Neither update nor top-up is possible at the moment. Please try later.","data-usage":"Data usage","update-button":"Update","topup-button2":"Use top-up code","topup-ussd-button2":"Open top-up menu","ok":"OK","top-up-in-progress2":"Your top-up is being processed.","top-up-timed-out2":"Update your balance to confirm. If balance is unchanged, try topping up again.","on-topup-not-confirmed-title":"Top-up not confirmed","on-topup-not-confirmed-message":"Try updating your balance or retry top-up.","send":"send","plantype-setup-title":"My phone and Internet plan is","prepaid":"Prepaid","postpaid":"Postpaid","phoneactivity":"Phone activity","short-date-format":"%b, %d","sms-sent":"SMS sent","call-made":"Calls made","settings":"Settings","low-balance-alert":"Low balance alert","low-balance-explanation2":"When balance is below","phone-and-internet-data-report":"Phone and Internet data report","starting-on":"Starting on","cancel":"Cancel","monthly":"Monthly","weekly":"Weekly","monday":"Monday","tuesday":"Tuesday","wednesday":"Wednesday","thursday":"Thursday","friday":"Friday","saturday":"Saturday","sunday":"Sunday","billing-cycle-ends":"Billing cycle ends","tracking-will-reset":"Tracking will reset on this date","yes":"Yes","done":"Done","confirmation":"Confirmation","reset-confirmation-warning":"All current data will be deleted. Are you sure you want to reset?","reset":"Reset","reset-wifi":"Reset Wi-Fi usage","reset-mobile":"Reset mobile usage","reset-all-data-usage":"Reset mobile & Wi-Fi data","not-set":"Not set","used":"Used","limit-passed":"Limit passed","limit":"Limit","data-limit-header":"Data usage limit","data-limit-alert":"Data use alert","data-limit-value2":"When use is above","data-limit-dialog-title2":"Enter a mobile data limit alert","data-limit-dialog-explanation2":"Connection speeds reduce after the limit is reached. Check with your data provider to set an appropriate alert level.","wifi-usage":"Wi-Fi usage","mobile-usage":"Mobile usage","wifi-usage-settings":"Wi-Fi usage","mobile-usage-settings":"Mobile usage","im-prepaid":"I’m Pre-paid","im-postpaid":"I’m Post-paid","reset-data-usage":"Reset data usage","reset-report":"Reset report","next":"Next","back":"Back","lets-go":"Let’s go!","alert":"Alert","alert-limit":"Alert Limit","fte-welcome-title":"Welcome","data-limit-notification-title2":"{{limit}} of data used","data-limit-notification-text2":"You’ve reached the limit you selected","low-balance-notification-title":"Low balance","low-balance-notification-text":"{{remaining}} remaining phone credit","zero-balance-message":"Balance has reached zero, no phone credit remaining.","not-available":"Not available","usage":"Usage","internet":"Internet","phone":"Phone","loading-interface-data":"Loading interface data. Please retry in a while.","verbose-chart-date-format":"{{em-month}} {{monthday-number}}","day-hour-format":"{{day}}, {{time}}","B":"B","KB":"KB","MB":"MB","GB":"GB","weekday-0-long":"Sunday","weekday-1-long":"Monday","weekday-2-long":"Tuesday","weekday-3-long":"Wednesday","weekday-4-long":"Thursday","weekday-5-long":"Friday","weekday-6-long":"Saturday","weekday-0-short":"Sun","weekday-1-short":"Mon","weekday-2-short":"Tue","weekday-3-short":"Wed","weekday-4-short":"Thu","weekday-5-short":"Fri","weekday-6-short":"Sat","month-0-long":"January","month-1-long":"February","month-2-long":"March","month-3-long":"April","month-4-long":"May","month-5-long":"June","month-6-long":"July","month-7-long":"August","month-8-long":"September","month-9-long":"October","month-10-long":"November","month-11-long":"December","month-0-genitive":"January","month-1-genitive":"February","month-2-genitive":"March","month-3-genitive":"April","month-4-genitive":"May","month-5-genitive":"June","month-6-genitive":"July","month-7-genitive":"August","month-8-genitive":"September","month-9-genitive":"October","month-10-genitive":"November","month-11-genitive":"December","month-0-short":"Jan","month-1-short":"Feb","month-2-short":"Mar","month-3-short":"Apr","month-4-short":"May","month-5-short":"Jun","month-6-short":"Jul","month-7-short":"Aug","month-8-short":"Sep","month-9-short":"Oct","month-10-short":"Nov","month-11-short":"Dec","minutes-ago-long":{"_index":["plural","value"],"_":{"zero":"just now","one":"a minute ago","two":"{{value}} minutes ago","few":"{{value}} minutes ago","many":"{{value}} minutes ago","other":"{{value}} minutes ago"}},"hours-ago-long":{"_index":["plural","value"],"_":{"zero":"just now","one":"an hour ago","two":"{{value}} hours ago","few":"{{value}} hours ago","many":"{{value}} hours ago","other":"{{value}} hours ago"}},"days-ago-long":{"_index":["plural","value"],"_":{"zero":"today","one":"yesterday","two":"{{value}} days ago","few":"{{value}} days ago","many":"{{value}} days ago","other":"{{value}} days ago"}},"weeks-ago-long":{"_index":["plural","value"],"_":{"zero":"this week","one":"last week","two":"{{value}} weeks ago","few":"{{value}} weeks ago","many":"{{value}} weeks ago","other":"{{value}} weeks ago"}},"months-ago-long":{"_index":["plural","value"],"_":{"zero":"this month","one":"last month","two":"{{value}} months ago","few":"{{value}} months ago","many":"{{value}} months ago","other":"{{value}} months ago"}},"years-ago-long":{"_index":["plural","value"],"_":{"zero":"this year","one":"last year","two":"{{value}} years ago","few":"{{value}} years ago","many":"{{value}} years ago","other":"{{value}} years ago"}},"minutes-until-long":{"_index":["plural","value"],"_":{"zero":"now","one":"in a minute","two":"in {{value}} minutes","few":"in {{value}} minutes","many":"in {{value}} minutes","other":"in {{value}} minutes"}},"hours-until-long":{"_index":["plural","value"],"_":{"zero":"now","one":"in an hour","two":"in {{value}} hours","few":"in {{value}} hours","many":"in {{value}} hours","other":"in {{value}} hours"}},"days-until-long":{"_index":["plural","value"],"_":{"zero":"today","one":"tomorrow","two":"in {{value}} days","few":"in {{value}} days","many":"in {{value}} days","other":"in {{value}} days"}},"weeks-until-long":{"_index":["plural","value"],"_":{"zero":"this week","one":"next week","two":"in {{value}} weeks","few":"in {{value}} weeks","many":"in {{value}} weeks","other":"in {{value}} weeks"}},"months-until-long":{"_index":["plural","value"],"_":{"zero":"this month","one":"next month","two":"in {{value}} months","few":"in {{value}} months","many":"in {{value}} months","other":"in {{value}} months"}},"years-until-long":{"_index":["plural","value"],"_":{"zero":"this year","one":"next year","two":"in {{value}} years","few":"in {{value}} years","many":"in {{value}} years","other":"in {{value}} years"}},"minutes-ago-short":{"_index":["plural","value"],"_":{"zero":"just now","other":"{{value}}m ago"}},"hours-ago-short":{"_index":["plural","value"],"_":{"zero":"just now","other":"{{value}}h ago"}},"days-ago-short":{"_index":["plural","value"],"_":{"zero":"today","other":"{{value}}d ago"}},"minutes-until-short":{"_index":["plural","value"],"_":{"zero":"now","other":"in {{value}}m"}},"hours-until-short":{"_index":["plural","value"],"_":{"zero":"now","other":"in {{value}}h"}},"days-until-short":{"_index":["plural","value"],"_":{"zero":"today","other":"in {{value}}d"}},"incorrectDate":"(incorrect date)","dateTimeFormat_%c":"%a %b %e %Y %I:%M:%S %p","dateTimeFormat_%x":"%m/%d/%Y","dateTimeFormat_%X":"%I:%M:%S %p","shortTimeFormat":"%I:%M %p","shortDateTimeFormat":"%x %I:%M %p","weekStartsOnMonday":"0","time_am":"AM","time_pm":"PM"}