{"topup-confirmation-title2":"Suivi conso","topup-confirmation-message":"Code de recharge confirmé","topup-incorrectcode-title2":"Suivi conso","topup-incorrectcode-message3":"Code de recharge saisi incorrect.","updating":"Actualisation","updating-ellipsis":"Actualisation…","yesterday":"Hier","today":"Aujourd’hui","never":"Jamais","magnitude":"{{value}} {{unit}}","currency":"{{value}} {{currency}}","widget":"Gadget Suivi conso","widget-authed-sim-heading":"Nouvelle carte SIM {{provider}} insérée","widget-authed-sim-meta":"Appuyer pour suivre la conso. tél./Internet.","widget-nonauthed-sim-heading":"Nouvelle carte SIM insérée","widget-nonauthed-sim-meta":"Appuyer pour suivre la conso. Internet.","widget-airplane-mode-heading":"Mode avion","widget-airplane-mode-meta":"Désactivez le mode avion pour activer Suivi conso.","widget-no-sim2-heading":"Aucune carte SIM insérée","widget-no-sim2-meta":"Pour suivre la conso., insérez une SIM.","widget-sim-locked-heading":"Carte SIM verrouillée","widget-sim-locked-meta":"Déverrouillez SIM pour activer Suivi conso.","fte":"Tutoriel Suivi conso","fte-authed-sim":"Faites des économies en suivant l’évolution de votre consommation téléphone et Internet.","fte-nonauthed-sim":"Faites des économies en suivant l’évolution de votre consommation Internet.","fte-no-sim":"Obtenez des informations détaillées sur votre consommation Internet.","fte-sim-info2":"Les informations affichées dans Suivi conso proviennent directement de cet appareil. Consultez votre opérateur mobile pour obtenir des informations détaillées concernant votre compte.","fte-plantype-title":"Type de contrat","fte-plantype-hint":"Sélectionner le type de contrat passé avec votre opérateur.","fte-prepaid2-title":"Alerte solde faible","fte-prepaid2-hint":"Définir une alerte pour éviter de se retrouver à court de crédit.","fte-prepaid3-title":"Alerte/rapport données","fte-prepaid3-hint":"Recevoir des rapports concernant votre consommation Internet et définir une alerte pour éviter les excès.","fte-postpaid2-title":"Rapport tél. et données","fte-postpaid2-hint":"Recevoir des rapports concernant votre consommation téléphone et Internet.","fte-postpaid3-title":"Alerte données","fte-postpaid3-hint":"Définir une alerte pour éviter d’utiliser trop de données.","fte-onlydata2-title":"Rapport données","fte-onlydata2-hint":"Recevoir des rapports concernant votre consommation Internet.","fte-onlydata3-title":"Alerte données","fte-onlydata3-hint":"Définir une alerte pour éviter d’utiliser trop de données.","phone-activity":"Activité du téléphone","balance":"Solde","on-roaming-message2":"Itinérance — aucune actualisation automatique du solde. Des frais pourraient s’appliquer si vous actualisez manuellement.","balance-error-message2":"Le solde ne s’est pas actualisé correctement. Essayez d’actualiser manuellement.","airplane-mode-error-message2":"Pour actualiser votre solde ou recharger, désactivez le mode avion.","disable-airplane-mode":"Voulez-vous désactiver le mode avion pour actualiser ou recharger ?","no-coverage-error-message2":"Vous avez besoin d’une couverture réseau pour actualiser votre solde ou recharger.","top-up":"Code recharge","enter-top-up-code":"Saisir le code de recharge","top-up-code-explanation2":"Vous le trouverez sur la carte à gratter ou directement sur votre ticket.","wait-for-confirmation":"Vous allez recevoir un message de confirmation","incorrect-code2":"Assurez-vous que le code est correct et réessayez.","topup-error2":"Un problème est survenu lors de l’envoi du code. Veuillez réessayer.","application-error-title":"Service inaccessible","application-error-message":"Prenez contact avec un représentant de la société","service-unavailable-title":"Service inaccessible","service-unavailable-message":"Aucune actualisation ni recharge n’est actuellement possible. Veuillez réessayer plus tard.","data-usage":"Consommation des données","update-button":"Actualiser","topup-button2":"Utiliser un code de recharge","topup-ussd-button2":"Menu de rechargement","ok":"OK","top-up-in-progress2":"Votre rechargement est en cours de traitement.","top-up-timed-out2":"Actualisez votre solde pour confirmer. Si le solde reste inchangé, essayez de recharger à nouveau.","on-topup-not-confirmed-title":"Rechargement non confirmé","on-topup-not-confirmed-message":"Essayez d’actualiser votre solde ou de recharger.","send":"envoyer","plantype-setup-title":"Mon compte Internet/téléphone est de type","prepaid":"Prépayé","postpaid":"Paiement selon consommation","phoneactivity":"Appels téléphoniques","short-date-format":"%e %b","sms-sent":"SMS envoyés","call-made":"Appels passés","settings":"Paramètres","low-balance-alert":"Alerte de solde faible","low-balance-explanation2":"Me prévenir en-dessous de","phone-and-internet-data-report":"Rapport de consommation Internet/téléphone","starting-on":"Début de la période","cancel":"Annuler","monthly":"Chaque mois","weekly":"Chaque semaine","monday":"Lundi","tuesday":"Mardi","wednesday":"Mercredi","thursday":"Jeudi","friday":"Vendredi","saturday":"Samedi","sunday":"Dimanche","billing-cycle-ends":"Fin de la période de suivi","tracking-will-reset":"Le suivi sera réinitialisé à cette date","yes":"Oui","done":"Fini","confirmation":"Confirmation","reset-confirmation-warning":"Toutes les données courantes seront supprimées. Voulez-vous vraiment tout réinitialiser ?","reset":"Réinitialiser","reset-wifi":"Réinitialiser les données Wi-Fi","reset-mobile":"Réinitialiser les données mobiles","reset-all-data-usage":"Réinitialiser les données Wi-Fi et mobiles","not-set":"Non défini","used":"Consommé","limit-passed":"Limite dépassée","limit":"Limite","data-limit-header":"Niveau d’alerte","data-limit-alert":"Alerte de conso. données","data-limit-value2":"Me prévenir au-delà de","data-limit-dialog-title2":"Saisir un niveau d’alerte pour les données mobiles","data-limit-dialog-explanation2":"La vitesse de connexion est réduite au-delà de la limite. Vérifiez auprès de votre opérateur pour définir un niveau d’alerte approprié.","wifi-usage":"Conso. Wi-Fi","mobile-usage":"Conso. mobile","wifi-usage-settings":"Consommation Wi-Fi","mobile-usage-settings":"Consommation mobile","im-prepaid":"Prépayé","im-postpaid":"Abonnement","reset-data-usage":"Réinitialiser les données","reset-report":"Réinitialiser le rapport","next":"Suivant","back":"Retour","lets-go":"C’est parti !","alert":"Alerte","alert-limit":"Niveau d’alerte","fte-welcome-title":"Bienvenue","data-limit-notification-title2":"{{limit}} de données consommées","data-limit-notification-text2":"Vous avez atteint la limite fixée","low-balance-notification-title":"Solde faible","low-balance-notification-text":"{{remaining}} de crédit téléphonique restant","zero-balance-message":"Solde épuisé, aucun crédit téléphonique restant.","not-available":"Indisponible","usage":"Consommation","internet":"Internet","phone":"Téléphone","loading-interface-data":"Chargement des données de l’interface. Veuillez réessayer ultérieurement.","verbose-chart-date-format":"{{monthday-number}} {{em-month}}","day-hour-format":"{{day}}, {{time}}","B":"o","KB":"Ko","MB":"Mo","GB":"Go","weekday-0-long":"Dimanche","weekday-1-long":"Lundi","weekday-2-long":"Mardi","weekday-3-long":"Mercredi","weekday-4-long":"Jeudi","weekday-5-long":"Vendredi","weekday-6-long":"Samedi","weekday-0-short":"dim","weekday-1-short":"lun","weekday-2-short":"mar","weekday-3-short":"mer","weekday-4-short":"jeu","weekday-5-short":"ven","weekday-6-short":"sam","month-0-long":"Janvier","month-1-long":"Février","month-2-long":"Mars","month-3-long":"Avril","month-4-long":"Mai","month-5-long":"Juin","month-6-long":"Juillet","month-7-long":"Août","month-8-long":"Septembre","month-9-long":"Octobre","month-10-long":"Novembre","month-11-long":"Décembre","month-0-genitive":"janvier","month-1-genitive":"février","month-2-genitive":"mars","month-3-genitive":"avril","month-4-genitive":"mai","month-5-genitive":"juin","month-6-genitive":"juillet","month-7-genitive":"août","month-8-genitive":"septembre","month-9-genitive":"octobre","month-10-genitive":"novembre","month-11-genitive":"décembre","month-0-short":"jan.","month-1-short":"fév.","month-2-short":"mars","month-3-short":"avr.","month-4-short":"mai","month-5-short":"juin","month-6-short":"juil.","month-7-short":"août","month-8-short":"sep.","month-9-short":"oct.","month-10-short":"nov.","month-11-short":"déc.","minutes-ago-long":{"_index":["plural","value"],"_":{"zero":"à l’instant","one":"il y a {{value}} minute","two":"il y a {{value}} minutes","few":"il y a {{value}} minutes","many":"il y a {{value}} minutes","other":"il y a {{value}} minutes"}},"hours-ago-long":{"_index":["plural","value"],"_":{"zero":"à l’instant","one":"il y a {{value}} heure","two":"il y a {{value}} heures","few":"il y a {{value}} heures","many":"il y a {{value}} heures","other":"il y a {{value}} heures"}},"days-ago-long":{"_index":["plural","value"],"_":{"zero":"aujourd’hui","one":"hier","two":"il y a {{value}} jours","few":"il y a {{value}} jours","many":"il y a {{value}} jours","other":"il y a {{value}} jours"}},"weeks-ago-long":{"_index":["plural","value"],"_":{"zero":"cette semaine","one":"la semaine dernière","two":"il y a {{value}} semaines","few":"il y a {{value}} semaines","many":"il y a {{value}} semaines","other":"il y a {{value}} semaines"}},"months-ago-long":{"_index":["plural","value"],"_":{"zero":"ce mois-ci","one":"le mois dernier","two":"il y a {{value}} mois","few":"il y a {{value}} mois","many":"il y a {{value}} mois","other":"il y a {{value}} mois"}},"years-ago-long":{"_index":["plural","value"],"_":{"zero":"cette année","one":"l’année dernière","two":"il y a {{value}} ans","few":"il y a {{value}} ans","many":"il y a {{value}} ans","other":"il y a {{value}} ans"}},"minutes-until-long":{"_index":["plural","value"],"_":{"zero":"maintenant","one":"dans {{value}} minute","two":"dans {{value}} minutes","few":"dans {{value}} minutes","many":"dans {{value}} minutes","other":"dans {{value}} minutes"}},"hours-until-long":{"_index":["plural","value"],"_":{"zero":"maintenant","one":"dans {{value}} heure","two":"dans {{value}} heures","few":"dans {{value}} heures","many":"dans {{value}} heures","other":"dans {{value}} heures"}},"days-until-long":{"_index":["plural","value"],"_":{"zero":"aujourd’hui","one":"demain","two":"dans {{value}} jours","few":"dans {{value}} jours","many":"dans {{value}} jours","other":"dans {{value}} jours"}},"weeks-until-long":{"_index":["plural","value"],"_":{"zero":"cette semaine","one":"la semaine prochaine","two":"dans {{value}} semaines","few":"dans {{value}} semaines","many":"dans {{value}} semaines","other":"dans {{value}} semaines"}},"months-until-long":{"_index":["plural","value"],"_":{"zero":"ce mois-ci","one":"le mois prochain","two":"dans {{value}} mois","few":"dans {{value}} mois","many":"dans {{value}} mois","other":"dans {{value}} mois"}},"years-until-long":{"_index":["plural","value"],"_":{"zero":"cette année","one":"l’année prochaine","two":"dans {{value}} ans","few":"dans {{value}} ans","many":"dans {{value}} ans","other":"dans {{value}} ans"}},"minutes-ago-short":{"_index":["plural","value"],"_":{"zero":"à l’instant","other":"il y a {{value}} min"}},"hours-ago-short":{"_index":["plural","value"],"_":{"zero":"à l’instant","other":"il y a {{value}}h"}},"days-ago-short":{"_index":["plural","value"],"_":{"zero":"aujourd’hui","other":"il y a {{value}}j"}},"minutes-until-short":{"_index":["plural","value"],"_":{"zero":"maintenant","other":"dans {{value}}m"}},"hours-until-short":{"_index":["plural","value"],"_":{"zero":"maintenant","other":"dans {{value}}h"}},"days-until-short":{"_index":["plural","value"],"_":{"zero":"aujourd’hui","other":"dans {{value}}j"}},"incorrectDate":"(date incorrecte)","dateTimeFormat_%c":"%a %e %b %Y %H:%M:%S","dateTimeFormat_%x":"%d/%m/%Y","dateTimeFormat_%X":"%H:%M:%S","shortTimeFormat":"%H:%M","shortDateTimeFormat":"%x %H:%M","weekStartsOnMonday":"1","time_am":"AM","time_pm":"PM"}