{"topup-confirmation-title2":"‮∩sɐƃǝ‬","topup-confirmation-message":"‮⊥od‬-‮nd‬ ‮ɔouɟıɹɯǝp‬","topup-incorrectcode-title2":"‮∩sɐƃǝ‬","topup-incorrectcode-message3":"‮Iuɔoɹɹǝɔʇ‬ ‮ʇod‬-‮nd‬ ‮ɔopǝ‬ ‮ǝuʇǝɹǝp‬.","updating":"‮∩dpɐʇıuƃ‬","updating-ellipsis":"‮∩dpɐʇıuƃ‬…","yesterday":"‮ʎǝsʇǝɹpɐʎ‬","today":"‮⊥opɐʎ‬","never":"‮Nǝʌǝɹ‬","magnitude":"{{value}} {{unit}}","currency":"{{currency}}{{value}}","widget":"‮∩sɐƃǝ‬ ‮Ｍıpƃǝʇ‬","widget-authed-sim-heading":"‮Nǝʍ‬ {{provider}} ‮SIW‬ ‮ıusǝɹʇǝp‬","widget-authed-sim-meta":"‮⊥ɐd‬ ‮ʇo‬ ‮ʇɹɐɔʞ‬ ‮ʎonɹ‬ ‮dɥouǝ‬ ‮ɐup‬ ‮ıuʇǝɹuǝʇ‬ ‮nsɐƃǝ‬.","widget-nonauthed-sim-heading":"‮Nǝʍ‬ ‮SIW‬ ‮ıusǝɹʇǝp‬","widget-nonauthed-sim-meta":"‮⊥ɐd‬ ‮ʇo‬ ‮ʇɹɐɔʞ‬ ‮ʎonɹ‬ ‮ıuʇǝɹuǝʇ‬ ‮nsɐƃǝ‬.","widget-airplane-mode-heading":"‮∀ıɹdʅɐuǝ‬ ‮Wopǝ‬","widget-airplane-mode-meta":"‮Ԁʅǝɐsǝ‬, ‮ʇnɹu‬ ‮oɟɟ‬ ‮ɐıɹdʅɐuǝ‬ ‮ɯopǝ‬ ‮ʇo‬ ‮ǝuɐqʅǝ‬ ‮∩sɐƃǝ‬.","widget-no-sim2-heading":"‮No‬ ‮SIW‬ ‮ıusǝɹʇǝp‬","widget-no-sim2-meta":"‮Iusǝɹʇ‬ ‮ɐ‬ ‮SIW‬ ‮ʇo‬ ‮ǝuɐqʅǝ‬ ‮∩sɐƃǝ‬.","widget-sim-locked-heading":"‮˥oɔʞǝp‬ ‮SIW‬ ‮ɔɐɹp‬","widget-sim-locked-meta":"‮∩uʅoɔʞ‬ ‮ʎonɹ‬ ‮SIW‬ ‮ʇo‬ ‮ǝuɐqʅǝ‬ ‮∩sɐƃǝ‬.","fte":"‮∩sɐƃǝ‬ ‮ɟıɹsʇ‬ ‮⊥ıɯǝ‬ ‮Ǝxdǝɹıǝuɔǝ‬","fte-authed-sim":"‮Sɐʌǝ‬ ‮ɯouǝʎ‬ ‮qʎ‬ ‮ʞǝǝdıuƃ‬ ‮ʇɹɐɔʞ‬ ‮oɟ‬ ‮ʎonɹ‬ ‮dɥouǝ‬ ‮ɐup‬ ‮ıuʇǝɹuǝʇ‬ ‮nsɐƃǝ‬.","fte-nonauthed-sim":"‮Sɐʌǝ‬ ‮ɯouǝʎ‬ ‮qʎ‬ ‮ʞǝǝdıuƃ‬ ‮ʇɹɐɔʞ‬ ‮oɟ‬ ‮ʎonɹ‬ ‮ıuʇǝɹuǝʇ‬ ‮nsɐƃǝ‬.","fte-no-sim":"‮פǝʇ‬ ‮ɔʅǝɐɹ‬ ‮ıuɟoɹɯɐʇıou‬ ‮ɐqonʇ‬ ‮ɥoʍ‬ ‮ɯnɔɥ‬ ‮ıuʇǝɹuǝʇ‬ ‮ʎon‬’‮ɹǝ‬ ‮nsıuƃ‬.","fte-sim-info2":"‮Iuɟoɹɯɐʇıou‬ ‮sɥoʍu‬ ‮ou‬ ‮∩sɐƃǝ‬ ‮ɔoɯǝs‬ ‮pıɹǝɔʇʅʎ‬ ‮ɟɹoɯ‬ ‮ʇɥıs‬ ‮pǝʌıɔǝ‬. ‮Ↄɥǝɔʞ‬ ‮ʍıʇɥ‬ ‮ʎonɹ‬ ‮ɯoqıʅǝ‬ ‮sǝɹʌıɔǝ‬ ‮dɹoʌıpǝɹ‬ ‮ɟoɹ‬ ‮pǝʇɐıʅǝp‬ ‮ɐɔɔonuʇ‬ ‮ıuɟoɹɯɐʇıou‬.","fte-plantype-title":"‮⊥ʎdǝ‬ ‮oɟ‬ ‮Ↄouʇɹɐɔʇ‬","fte-plantype-hint":"‮Sǝʅǝɔʇ‬ ‮ʇɥǝ‬ ‮ʇʎdǝ‬ ‮oɟ‬ ‮ɔouʇɹɐɔʇ‬ ‮ʎon‬ ‮ɥɐʌǝ‬ ‮ʍıʇɥ‬ ‮ʎonɹ‬ ‮ɯoqıʅǝ‬ ‮sǝɹʌıɔǝ‬ ‮dɹoʌıpǝɹ‬.","fte-prepaid2-title":"‮˥oʍ‬ ‮Ԑɐʅɐuɔǝ‬ ‮∀ʅǝɹʇ‬","fte-prepaid2-hint":"‮Sǝʇ‬ ‮ɐu‬ ‮ɐʅǝɹʇ‬ ‮ʇo‬ ‮ɐʌoıp‬ ‮ɹnuuıuƃ‬ ‮onʇ‬ ‮oɟ‬ ‮ɔɹǝpıʇ‬.","fte-prepaid3-title":"‮pɐʇɐ‬ ‮ᴚǝdoɹʇ‬ ‮ɐup‬ ‮∀ʅǝɹʇ‬","fte-prepaid3-hint":"‮ᴚǝɔǝıʌǝ‬ ‮ɹǝdoɹʇs‬ ‮ɐqonʇ‬ ‮ʎonɹ‬ ‮Iuʇǝɹuǝʇ‬ ‮nsɐƃǝ‬ ‮ɐup‬ ‮sǝʇ‬ ‮ɐu‬ ‮ɐʅǝɹʇ‬ ‮ʇo‬ ‮ɐʌoıp‬ ‮nsıuƃ‬ ‮ʇoo‬ ‮ɯnɔɥ‬.","fte-postpaid2-title":"‮Ԁɥouǝ‬ ‮ɐup‬ ‮pɐʇɐ‬ ‮ᴚǝdoɹʇ‬","fte-postpaid2-hint":"‮ᴚǝɔǝıʌǝ‬ ‮ɹǝdoɹʇs‬ ‮ɐqonʇ‬ ‮ʎonɹ‬ ‮dɥouǝ‬ ‮ɐup‬ ‮Iuʇǝɹuǝʇ‬ ‮nsɐƃǝ‬.","fte-postpaid3-title":"‮pɐʇɐ‬ ‮∀ʅǝɹʇ‬","fte-postpaid3-hint":"‮Sǝʇ‬ ‮ɐu‬ ‮ɐʅǝɹʇ‬ ‮ʇo‬ ‮ɐʌoıp‬ ‮nsıuƃ‬ ‮ʇoo‬ ‮ɯnɔɥ‬ ‮pɐʇɐ‬.","fte-onlydata2-title":"‮pɐʇɐ‬ ‮ᴚǝdoɹʇ‬","fte-onlydata2-hint":"‮ᴚǝɔǝıʌǝ‬ ‮ɹǝdoɹʇs‬ ‮ɐqonʇ‬ ‮ʎonɹ‬ ‮ıuʇǝɹuǝʇ‬ ‮nsɐƃǝ‬.","fte-onlydata3-title":"‮pɐʇɐ‬ ‮∀ʅǝɹʇ‬","fte-onlydata3-hint":"‮Sǝʇ‬ ‮ɐu‬ ‮ɐʅǝɹʇ‬ ‮ʇo‬ ‮ɐʌoıp‬ ‮nsıuƃ‬ ‮ʇoo‬ ‮ɯnɔɥ‬ ‮pɐʇɐ‬.","phone-activity":"‮Ԁɥouǝ‬ ‮∀ɔʇıʌıʇʎ‬","balance":"‮Ԑɐʅɐuɔǝ‬","on-roaming-message2":"‮ᴚoɐɯıuƃ‬: ‮uo‬ ‮ɐnʇoɯɐʇıɔ‬ ‮qɐʅɐuɔǝ‬ ‮ndpɐʇǝ‬. ‮ʎon‬ ‮ɯıƃɥʇ‬ ‮qǝ‬ ‮ɔɥɐɹƃǝp‬ ‮ɟoɹ‬ ‮ndpɐʇıuƃ‬ ‮ɯɐunɐʅʅʎ‬.","balance-error-message2":"‮Ԑɐʅɐuɔǝ‬ ‮pıpu‬’‮ʇ‬ ‮ndpɐʇǝ‬ ‮ɔoɹɹǝɔʇʅʎ‬. ‮⊥ɹʎ‬ ‮ndpɐʇıuƃ‬ ‮ɯɐunɐʅʅʎ‬.","airplane-mode-error-message2":"‮⊥nɹu‬ ‮oɟɟ‬ ‮ɐıɹdʅɐuǝ‬ ‮ɯopǝ‬ ‮ʇo‬ ‮ndpɐʇǝ‬ ‮ʎonɹ‬ ‮qɐʅɐuɔǝ‬ ‮oɹ‬ ‮ʇod‬ ‮nd‬.","disable-airplane-mode":"‮po‬ ‮ʎon‬ ‮ʍɐuʇ‬ ‮ʇo‬ ‮pısɐqʅǝ‬ ‮∀ıɹdʅɐuǝ‬ ‮ɯopǝ‬ ‮ʇo‬ ‮ndpɐʇǝ‬ ‮oɹ‬ ‮ʇod‬ ‮nd‬?","no-coverage-error-message2":"‮ʎon‬ ‮uǝǝp‬ ‮dɥouǝ‬ ‮ɔoʌǝɹɐƃǝ‬ ‮ʇo‬ ‮ndpɐʇǝ‬ ‮ʎonɹ‬ ‮qɐʅɐuɔǝ‬ ‮oɹ‬ ‮ʇod‬ ‮nd‬.","top-up":"‮⊥od‬ ‮∩d‬","enter-top-up-code":"‮Ǝuʇǝɹ‬ ‮ʇɥǝ‬ ‮ʇod‬-‮nd‬ ‮ɔopǝ‬","top-up-code-explanation2":"‮ɟıup‬ ‮ıʇ‬ ‮ou‬ ‮ʇɥǝ‬ ‮sɔɹɐʇɔɥ‬ ‮ɔɐɹp‬ ‮oɹ‬ ‮pıɹǝɔʇʅʎ‬ ‮ıu‬ ‮ʎonɹ‬ ‮ɹǝɔǝıdʇ‬.","wait-for-confirmation":"‮ʎon‬ ‮ʍıʅʅ‬ ‮ɹǝɔǝıʌǝ‬ ‮ɐ‬ ‮ɔouɟıɹɯɐʇıou‬ ‮ɯǝssɐƃǝ‬","incorrect-code2":"‮Wɐʞǝ‬ ‮snɹǝ‬ ‮ʇɥǝ‬ ‮ɔopǝ‬ ‮ıs‬ ‮ɔoɹɹǝɔʇ‬ ‮ɐup‬ ‮ʇɹʎ‬ ‮ɐƃɐıu‬.","topup-error2":"‮⊥ɥǝɹǝ‬ ‮ʍɐs‬ ‮ɐ‬ ‮dɹoqʅǝɯ‬ ‮sǝupıuƃ‬ ‮ʇɥǝ‬ ‮ɔopǝ‬. ‮Ԁʅǝɐsǝ‬, ‮ʇɹʎ‬ ‮ɐƃɐıu‬.","application-error-title":"‮Sǝɹʌıɔǝ‬ ‮nuɐʌɐıʅɐqʅǝ‬","application-error-message":"‮Ↄouʇɐɔʇ‬ ‮ʎonɹ‬ ‮ɔoɯdɐuʎ‬ ‮ɹǝdɹǝsǝuʇɐʇıʌǝ‬","service-unavailable-title":"‮Sǝɹʌıɔǝ‬ ‮nuɐʌɐıʅɐqʅǝ‬","service-unavailable-message":"‮Nǝıʇɥǝɹ‬ ‮ndpɐʇǝ‬ ‮uoɹ‬ ‮ʇod‬-‮nd‬ ‮ıs‬ ‮dossıqʅǝ‬ ‮ɐʇ‬ ‮ʇɥǝ‬ ‮ɯoɯǝuʇ‬. ‮Ԁʅǝɐsǝ‬ ‮ʇɹʎ‬ ‮ʅɐʇǝɹ‬.","data-usage":"‮pɐʇɐ‬ ‮nsɐƃǝ‬","update-button":"‮∩dpɐʇǝ‬","topup-button2":"‮∩sǝ‬ ‮ʇod‬-‮nd‬ ‮ɔopǝ‬","topup-ussd-button2":"‮Odǝu‬ ‮ʇod‬-‮nd‬ ‮ɯǝun‬","ok":"‮OӼ‬","top-up-in-progress2":"‮ʎonɹ‬ ‮ʇod‬-‮nd‬ ‮ıs‬ ‮qǝıuƃ‬ ‮dɹoɔǝssǝp‬.","top-up-timed-out2":"‮∩dpɐʇǝ‬ ‮ʎonɹ‬ ‮qɐʅɐuɔǝ‬ ‮ʇo‬ ‮ɔouɟıɹɯ‬. ‮Iɟ‬ ‮qɐʅɐuɔǝ‬ ‮ıs‬ ‮nuɔɥɐuƃǝp‬, ‮ʇɹʎ‬ ‮ʇoddıuƃ‬ ‮nd‬ ‮ɐƃɐıu‬.","on-topup-not-confirmed-title":"‮⊥od‬-‮nd‬ ‮uoʇ‬ ‮ɔouɟıɹɯǝp‬","on-topup-not-confirmed-message":"‮⊥ɹʎ‬ ‮ndpɐʇıuƃ‬ ‮ʎonɹ‬ ‮qɐʅɐuɔǝ‬ ‮oɹ‬ ‮ɹǝʇɹʎ‬ ‮ʇod‬-‮nd‬.","send":"‮sǝup‬","plantype-setup-title":"‮Wʎ‬ ‮dɥouǝ‬ ‮ɐup‬ ‮Iuʇǝɹuǝʇ‬ ‮dʅɐu‬ ‮ıs‬","prepaid":"‮Ԁɹǝdɐıp‬","postpaid":"‮Ԁosʇdɐıp‬","phoneactivity":"‮Ԁɥouǝ‬ ‮ɐɔʇıʌıʇʎ‬","short-date-format":"%b, %d","sms-sent":"‮SWS‬ ‮sǝuʇ‬","call-made":"‮Ↄɐʅʅs‬ ‮ɯɐpǝ‬","settings":"‮Sǝʇʇıuƃs‬","low-balance-alert":"‮˥oʍ‬ ‮qɐʅɐuɔǝ‬ ‮ɐʅǝɹʇ‬","low-balance-explanation2":"‮Ｍɥǝu‬ ‮qɐʅɐuɔǝ‬ ‮ıs‬ ‮qǝʅoʍ‬","phone-and-internet-data-report":"‮Ԁɥouǝ‬ ‮ɐup‬ ‮Iuʇǝɹuǝʇ‬ ‮pɐʇɐ‬ ‮ɹǝdoɹʇ‬","starting-on":"‮Sʇɐɹʇıuƃ‬ ‮ou‬","cancel":"‮Ↄɐuɔǝʅ‬","monthly":"‮Wouʇɥʅʎ‬","weekly":"‮Ｍǝǝʞʅʎ‬","monday":"‮Woupɐʎ‬","tuesday":"‮⊥nǝspɐʎ‬","wednesday":"‮Ｍǝpuǝspɐʎ‬","thursday":"‮⊥ɥnɹspɐʎ‬","friday":"‮ɟɹıpɐʎ‬","saturday":"‮Sɐʇnɹpɐʎ‬","sunday":"‮Snupɐʎ‬","billing-cycle-ends":"‮Ԑıʅʅıuƃ‬ ‮ɔʎɔʅǝ‬ ‮ǝups‬","tracking-will-reset":"‮⊥ɹɐɔʞıuƃ‬ ‮ʍıʅʅ‬ ‮ɹǝsǝʇ‬ ‮ou‬ ‮ʇɥıs‬ ‮pɐʇǝ‬","yes":"‮ʎǝs‬","done":"‮pouǝ‬","confirmation":"‮Ↄouɟıɹɯɐʇıou‬","reset-confirmation-warning":"‮∀ʅʅ‬ ‮ɔnɹɹǝuʇ‬ ‮pɐʇɐ‬ ‮ʍıʅʅ‬ ‮qǝ‬ ‮pǝʅǝʇǝp‬. ‮∀ɹǝ‬ ‮ʎon‬ ‮snɹǝ‬ ‮ʎon‬ ‮ʍɐuʇ‬ ‮ʇo‬ ‮ɹǝsǝʇ‬?","reset":"‮ᴚǝsǝʇ‬","reset-wifi":"‮ᴚǝsǝʇ‬ ‮Ｍı‬-‮ɟı‬ ‮nsɐƃǝ‬","reset-mobile":"‮ᴚǝsǝʇ‬ ‮ɯoqıʅǝ‬ ‮nsɐƃǝ‬","reset-all-data-usage":"‮ᴚǝsǝʇ‬ ‮ɯoqıʅǝ‬ & ‮Ｍı‬-‮ɟı‬ ‮pɐʇɐ‬","not-set":"‮Noʇ‬ ‮sǝʇ‬","used":"‮∩sǝp‬","limit-passed":"‮˥ıɯıʇ‬ ‮dɐssǝp‬","limit":"‮˥ıɯıʇ‬","data-limit-header":"‮pɐʇɐ‬ ‮nsɐƃǝ‬ ‮ʅıɯıʇ‬","data-limit-alert":"‮pɐʇɐ‬ ‮nsǝ‬ ‮ɐʅǝɹʇ‬","data-limit-value2":"‮Ｍɥǝu‬ ‮nsǝ‬ ‮ıs‬ ‮ɐqoʌǝ‬","data-limit-dialog-title2":"‮Ǝuʇǝɹ‬ ‮ɐ‬ ‮ɯoqıʅǝ‬ ‮pɐʇɐ‬ ‮ʅıɯıʇ‬ ‮ɐʅǝɹʇ‬","data-limit-dialog-explanation2":"‮Ↄouuǝɔʇıou‬ ‮sdǝǝps‬ ‮ɹǝpnɔǝ‬ ‮ɐɟʇǝɹ‬ ‮ʇɥǝ‬ ‮ʅıɯıʇ‬ ‮ıs‬ ‮ɹǝɐɔɥǝp‬. ‮Ↄɥǝɔʞ‬ ‮ʍıʇɥ‬ ‮ʎonɹ‬ ‮pɐʇɐ‬ ‮dɹoʌıpǝɹ‬ ‮ʇo‬ ‮sǝʇ‬ ‮ɐu‬ ‮ɐddɹodɹıɐʇǝ‬ ‮ɐʅǝɹʇ‬ ‮ʅǝʌǝʅ‬.","wifi-usage":"‮Ｍı‬-‮ɟı‬ ‮nsɐƃǝ‬","mobile-usage":"‮Woqıʅǝ‬ ‮nsɐƃǝ‬","wifi-usage-settings":"‮Ｍı‬-‮ɟı‬ ‮nsɐƃǝ‬","mobile-usage-settings":"‮Woqıʅǝ‬ ‮nsɐƃǝ‬","im-prepaid":"‮I‬’‮ɯ‬ ‮Ԁɹǝ‬-‮dɐıp‬","im-postpaid":"‮I‬’‮ɯ‬ ‮Ԁosʇ‬-‮dɐıp‬","reset-data-usage":"‮ᴚǝsǝʇ‬ ‮pɐʇɐ‬ ‮nsɐƃǝ‬","reset-report":"‮ᴚǝsǝʇ‬ ‮ɹǝdoɹʇ‬","next":"‮Nǝxʇ‬","back":"‮Ԑɐɔʞ‬","lets-go":"‮˥ǝʇ‬’‮s‬ ‮ƃo‬!","alert":"‮∀ʅǝɹʇ‬","alert-limit":"‮∀ʅǝɹʇ‬ ‮˥ıɯıʇ‬","fte-welcome-title":"‮Ｍǝʅɔoɯǝ‬","data-limit-notification-title2":"{{limit}} ‮oɟ‬ ‮pɐʇɐ‬ ‮nsǝp‬","data-limit-notification-text2":"‮ʎon‬’‮ʌǝ‬ ‮ɹǝɐɔɥǝp‬ ‮ʇɥǝ‬ ‮ʅıɯıʇ‬ ‮ʎon‬ ‮sǝʅǝɔʇǝp‬","low-balance-notification-title":"‮˥oʍ‬ ‮qɐʅɐuɔǝ‬","low-balance-notification-text":"{{remaining}} ‮ɹǝɯɐıuıuƃ‬ ‮dɥouǝ‬ ‮ɔɹǝpıʇ‬","zero-balance-message":"‮Ԑɐʅɐuɔǝ‬ ‮ɥɐs‬ ‮ɹǝɐɔɥǝp‬ ‮zǝɹo‬, ‮uo‬ ‮dɥouǝ‬ ‮ɔɹǝpıʇ‬ ‮ɹǝɯɐıuıuƃ‬.","not-available":"‮Noʇ‬ ‮ɐʌɐıʅɐqʅǝ‬","usage":"‮∩sɐƃǝ‬","internet":"‮Iuʇǝɹuǝʇ‬","phone":"‮Ԁɥouǝ‬","loading-interface-data":"‮˥oɐpıuƃ‬ ‮ıuʇǝɹɟɐɔǝ‬ ‮pɐʇɐ‬. ‮Ԁʅǝɐsǝ‬ ‮ɹǝʇɹʎ‬ ‮ıu‬ ‮ɐ‬ ‮ʍɥıʅǝ‬.","verbose-chart-date-format":"{{em-month}} {{monthday-number}}","day-hour-format":"{{day}}, {{time}}","B":"‮Ԑ‬","KB":"‮ӼԐ‬","MB":"‮WԐ‬","GB":"‮פԐ‬","weekday-0-long":"‮Snupɐʎ‬","weekday-1-long":"‮Woupɐʎ‬","weekday-2-long":"‮⊥nǝspɐʎ‬","weekday-3-long":"‮Ｍǝpuǝspɐʎ‬","weekday-4-long":"‮⊥ɥnɹspɐʎ‬","weekday-5-long":"‮ɟɹıpɐʎ‬","weekday-6-long":"‮Sɐʇnɹpɐʎ‬","weekday-0-short":"‮Snu‬","weekday-1-short":"‮Wou‬","weekday-2-short":"‮⊥nǝ‬","weekday-3-short":"‮Ｍǝp‬","weekday-4-short":"‮⊥ɥn‬","weekday-5-short":"‮ɟɹı‬","weekday-6-short":"‮Sɐʇ‬","month-0-long":"‮ſɐunɐɹʎ‬","month-1-long":"‮ɟǝqɹnɐɹʎ‬","month-2-long":"‮Wɐɹɔɥ‬","month-3-long":"‮∀dɹıʅ‬","month-4-long":"‮Wɐʎ‬","month-5-long":"‮ſnuǝ‬","month-6-long":"‮ſnʅʎ‬","month-7-long":"‮∀nƃnsʇ‬","month-8-long":"‮Sǝdʇǝɯqǝɹ‬","month-9-long":"‮Oɔʇoqǝɹ‬","month-10-long":"‮Noʌǝɯqǝɹ‬","month-11-long":"‮pǝɔǝɯqǝɹ‬","month-0-genitive":"‮ſɐunɐɹʎ‬","month-1-genitive":"‮ɟǝqɹnɐɹʎ‬","month-2-genitive":"‮Wɐɹɔɥ‬","month-3-genitive":"‮∀dɹıʅ‬","month-4-genitive":"‮Wɐʎ‬","month-5-genitive":"‮ſnuǝ‬","month-6-genitive":"‮ſnʅʎ‬","month-7-genitive":"‮∀nƃnsʇ‬","month-8-genitive":"‮Sǝdʇǝɯqǝɹ‬","month-9-genitive":"‮Oɔʇoqǝɹ‬","month-10-genitive":"‮Noʌǝɯqǝɹ‬","month-11-genitive":"‮pǝɔǝɯqǝɹ‬","month-0-short":"‮ſɐu‬","month-1-short":"‮ɟǝq‬","month-2-short":"‮Wɐɹ‬","month-3-short":"‮∀dɹ‬","month-4-short":"‮Wɐʎ‬","month-5-short":"‮ſnu‬","month-6-short":"‮ſnʅ‬","month-7-short":"‮∀nƃ‬","month-8-short":"‮Sǝd‬","month-9-short":"‮Oɔʇ‬","month-10-short":"‮Noʌ‬","month-11-short":"‮pǝɔ‬","minutes-ago-long":{"_":{"zero":"‮ɾnsʇ‬ ‮uoʍ‬","one":"‮ɐ‬ ‮ɯıunʇǝ‬ ‮ɐƃo‬","two":"{{value}} ‮ɯıunʇǝs‬ ‮ɐƃo‬","few":"{{value}} ‮ɯıunʇǝs‬ ‮ɐƃo‬","many":"{{value}} ‮ɯıunʇǝs‬ ‮ɐƃo‬","other":"{{value}} ‮ɯıunʇǝs‬ ‮ɐƃo‬"}},"hours-ago-long":{"_":{"zero":"‮ɾnsʇ‬ ‮uoʍ‬","one":"‮ɐu‬ ‮ɥonɹ‬ ‮ɐƃo‬","two":"{{value}} ‮ɥonɹs‬ ‮ɐƃo‬","few":"{{value}} ‮ɥonɹs‬ ‮ɐƃo‬","many":"{{value}} ‮ɥonɹs‬ ‮ɐƃo‬","other":"{{value}} ‮ɥonɹs‬ ‮ɐƃo‬"}},"days-ago-long":{"_":{"zero":"‮ʇopɐʎ‬","one":"‮ʎǝsʇǝɹpɐʎ‬","two":"{{value}} ‮pɐʎs‬ ‮ɐƃo‬","few":"{{value}} ‮pɐʎs‬ ‮ɐƃo‬","many":"{{value}} ‮pɐʎs‬ ‮ɐƃo‬","other":"{{value}} ‮pɐʎs‬ ‮ɐƃo‬"}},"weeks-ago-long":{"_":{"zero":"‮ʇɥıs‬ ‮ʍǝǝʞ‬","one":"‮ʅɐsʇ‬ ‮ʍǝǝʞ‬","two":"{{value}} ‮ʍǝǝʞs‬ ‮ɐƃo‬","few":"{{value}} ‮ʍǝǝʞs‬ ‮ɐƃo‬","many":"{{value}} ‮ʍǝǝʞs‬ ‮ɐƃo‬","other":"{{value}} ‮ʍǝǝʞs‬ ‮ɐƃo‬"}},"months-ago-long":{"_":{"zero":"‮ʇɥıs‬ ‮ɯouʇɥ‬","one":"‮ʅɐsʇ‬ ‮ɯouʇɥ‬","two":"{{value}} ‮ɯouʇɥs‬ ‮ɐƃo‬","few":"{{value}} ‮ɯouʇɥs‬ ‮ɐƃo‬","many":"{{value}} ‮ɯouʇɥs‬ ‮ɐƃo‬","other":"{{value}} ‮ɯouʇɥs‬ ‮ɐƃo‬"}},"years-ago-long":{"_":{"zero":"‮ʇɥıs‬ ‮ʎǝɐɹ‬","one":"‮ʅɐsʇ‬ ‮ʎǝɐɹ‬","two":"{{value}} ‮ʎǝɐɹs‬ ‮ɐƃo‬","few":"{{value}} ‮ʎǝɐɹs‬ ‮ɐƃo‬","many":"{{value}} ‮ʎǝɐɹs‬ ‮ɐƃo‬","other":"{{value}} ‮ʎǝɐɹs‬ ‮ɐƃo‬"}},"minutes-until-long":{"_":{"zero":"‮uoʍ‬","one":"‮ıu‬ ‮ɐ‬ ‮ɯıunʇǝ‬","two":"‮ıu‬ {{value}} ‮ɯıunʇǝs‬","few":"‮ıu‬ {{value}} ‮ɯıunʇǝs‬","many":"‮ıu‬ {{value}} ‮ɯıunʇǝs‬","other":"‮ıu‬ {{value}} ‮ɯıunʇǝs‬"}},"hours-until-long":{"_":{"zero":"‮uoʍ‬","one":"‮ıu‬ ‮ɐu‬ ‮ɥonɹ‬","two":"‮ıu‬ {{value}} ‮ɥonɹs‬","few":"‮ıu‬ {{value}} ‮ɥonɹs‬","many":"‮ıu‬ {{value}} ‮ɥonɹs‬","other":"‮ıu‬ {{value}} ‮ɥonɹs‬"}},"days-until-long":{"_":{"zero":"‮ʇopɐʎ‬","one":"‮ʇoɯoɹɹoʍ‬","two":"‮ıu‬ {{value}} ‮pɐʎs‬","few":"‮ıu‬ {{value}} ‮pɐʎs‬","many":"‮ıu‬ {{value}} ‮pɐʎs‬","other":"‮ıu‬ {{value}} ‮pɐʎs‬"}},"weeks-until-long":{"_":{"zero":"‮ʇɥıs‬ ‮ʍǝǝʞ‬","one":"‮uǝxʇ‬ ‮ʍǝǝʞ‬","two":"‮ıu‬ {{value}} ‮ʍǝǝʞs‬","few":"‮ıu‬ {{value}} ‮ʍǝǝʞs‬","many":"‮ıu‬ {{value}} ‮ʍǝǝʞs‬","other":"‮ıu‬ {{value}} ‮ʍǝǝʞs‬"}},"months-until-long":{"_":{"zero":"‮ʇɥıs‬ ‮ɯouʇɥ‬","one":"‮uǝxʇ‬ ‮ɯouʇɥ‬","two":"‮ıu‬ {{value}} ‮ɯouʇɥs‬","few":"‮ıu‬ {{value}} ‮ɯouʇɥs‬","many":"‮ıu‬ {{value}} ‮ɯouʇɥs‬","other":"‮ıu‬ {{value}} ‮ɯouʇɥs‬"}},"years-until-long":{"_":{"zero":"‮ʇɥıs‬ ‮ʎǝɐɹ‬","one":"‮uǝxʇ‬ ‮ʎǝɐɹ‬","two":"‮ıu‬ {{value}} ‮ʎǝɐɹs‬","few":"‮ıu‬ {{value}} ‮ʎǝɐɹs‬","many":"‮ıu‬ {{value}} ‮ʎǝɐɹs‬","other":"‮ıu‬ {{value}} ‮ʎǝɐɹs‬"}},"minutes-ago-short":{"_":{"zero":"‮ɾnsʇ‬ ‮uoʍ‬","other":"{{value}}‮ɯ‬ ‮ɐƃo‬"}},"hours-ago-short":{"_":{"zero":"‮ɾnsʇ‬ ‮uoʍ‬","other":"{{value}}‮ɥ‬ ‮ɐƃo‬"}},"days-ago-short":{"_":{"zero":"‮ʇopɐʎ‬","other":"{{value}}‮p‬ ‮ɐƃo‬"}},"minutes-until-short":{"_":{"zero":"‮uoʍ‬","other":"‮ıu‬ {{value}}‮ɯ‬"}},"hours-until-short":{"_":{"zero":"‮uoʍ‬","other":"‮ıu‬ {{value}}‮ɥ‬"}},"days-until-short":{"_":{"zero":"‮ʇopɐʎ‬","other":"‮ıu‬ {{value}}‮p‬"}},"incorrectDate":"(‮ıuɔoɹɹǝɔʇ‬ ‮pɐʇǝ‬)","dateTimeFormat_%c":"%a %b %e %Y %I:%M:%S %p","dateTimeFormat_%x":"%m/%d/%Y","dateTimeFormat_%X":"%I:%M:%S %p","shortTimeFormat":"%I:%M %p","shortDateTimeFormat":"%x %I:%M %p","weekStartsOnMonday":"0","time_am":"‮∀W‬","time_pm":"‮ԀW‬"}