{"weekday-0-long":"Şŭŭƞḓȧȧẏ","weekday-1-long":"Ḿǿǿƞḓȧȧẏ","weekday-2-long":"Ŧŭŭḗḗşḓȧȧẏ","weekday-3-long":"Ẇḗḗḓƞḗḗşḓȧȧẏ","weekday-4-long":"Ŧħŭŭřşḓȧȧẏ","weekday-5-long":"Ƒřīīḓȧȧẏ","weekday-6-long":"Şȧȧŧŭŭřḓȧȧẏ","weekday-0-short":"Şŭŭƞ","weekday-1-short":"Ḿǿǿƞ","weekday-2-short":"Ŧŭŭḗḗ","weekday-3-short":"Ẇḗḗḓ","weekday-4-short":"Ŧħŭŭ","weekday-5-short":"Ƒřīī","weekday-6-short":"Şȧȧŧ","month-0-long":"Ĵȧȧƞŭŭȧȧřẏ","month-1-long":"Ƒḗḗƀřŭŭȧȧřẏ","month-2-long":"Ḿȧȧřƈħ","month-3-long":"Ȧȧƥřīīŀ","month-4-long":"Ḿȧȧẏ","month-5-long":"Ĵŭŭƞḗḗ","month-6-long":"Ĵŭŭŀẏ","month-7-long":"Ȧȧŭŭɠŭŭşŧ","month-8-long":"Şḗḗƥŧḗḗḿƀḗḗř","month-9-long":"Ǿǿƈŧǿǿƀḗḗř","month-10-long":"Ƞǿǿṽḗḗḿƀḗḗř","month-11-long":"Ḓḗḗƈḗḗḿƀḗḗř","month-0-genitive":"Ĵȧȧƞŭŭȧȧřẏ","month-1-genitive":"Ƒḗḗƀřŭŭȧȧřẏ","month-2-genitive":"Ḿȧȧřƈħ","month-3-genitive":"Ȧȧƥřīīŀ","month-4-genitive":"Ḿȧȧẏ","month-5-genitive":"Ĵŭŭƞḗḗ","month-6-genitive":"Ĵŭŭŀẏ","month-7-genitive":"Ȧȧŭŭɠŭŭşŧ","month-8-genitive":"Şḗḗƥŧḗḗḿƀḗḗř","month-9-genitive":"Ǿǿƈŧǿǿƀḗḗř","month-10-genitive":"Ƞǿǿṽḗḗḿƀḗḗř","month-11-genitive":"Ḓḗḗƈḗḗḿƀḗḗř","month-0-short":"Ĵȧȧƞ","month-1-short":"Ƒḗḗƀ","month-2-short":"Ḿȧȧř","month-3-short":"Ȧȧƥř","month-4-short":"Ḿȧȧẏ","month-5-short":"Ĵŭŭƞ","month-6-short":"Ĵŭŭŀ","month-7-short":"Ȧȧŭŭɠ","month-8-short":"Şḗḗƥ","month-9-short":"Ǿǿƈŧ","month-10-short":"Ƞǿǿṽ","month-11-short":"Ḓḗḗƈ","minutes-ago-long":{"_":{"zero":"ĵŭŭşŧ ƞǿǿẇ","one":"ȧȧ ḿīīƞŭŭŧḗḗ ȧȧɠǿǿ","two":"{{value}} ḿīīƞŭŭŧḗḗş ȧȧɠǿǿ","few":"{{value}} ḿīīƞŭŭŧḗḗş ȧȧɠǿǿ","many":"{{value}} ḿīīƞŭŭŧḗḗş ȧȧɠǿǿ","other":"{{value}} ḿīīƞŭŭŧḗḗş ȧȧɠǿǿ"}},"hours-ago-long":{"_":{"zero":"ĵŭŭşŧ ƞǿǿẇ","one":"ȧȧƞ ħǿǿŭŭř ȧȧɠǿǿ","two":"{{value}} ħǿǿŭŭřş ȧȧɠǿǿ","few":"{{value}} ħǿǿŭŭřş ȧȧɠǿǿ","many":"{{value}} ħǿǿŭŭřş ȧȧɠǿǿ","other":"{{value}} ħǿǿŭŭřş ȧȧɠǿǿ"}},"days-ago-long":{"_":{"zero":"ŧǿǿḓȧȧẏ","one":"ẏḗḗşŧḗḗřḓȧȧẏ","two":"{{value}} ḓȧȧẏş ȧȧɠǿǿ","few":"{{value}} ḓȧȧẏş ȧȧɠǿǿ","many":"{{value}} ḓȧȧẏş ȧȧɠǿǿ","other":"{{value}} ḓȧȧẏş ȧȧɠǿǿ"}},"weeks-ago-long":{"_":{"zero":"ŧħīīş ẇḗḗḗḗķ","one":"ŀȧȧşŧ ẇḗḗḗḗķ","two":"{{value}} ẇḗḗḗḗķş ȧȧɠǿǿ","few":"{{value}} ẇḗḗḗḗķş ȧȧɠǿǿ","many":"{{value}} ẇḗḗḗḗķş ȧȧɠǿǿ","other":"{{value}} ẇḗḗḗḗķş ȧȧɠǿǿ"}},"months-ago-long":{"_":{"zero":"ŧħīīş ḿǿǿƞŧħ","one":"ŀȧȧşŧ ḿǿǿƞŧħ","two":"{{value}} ḿǿǿƞŧħş ȧȧɠǿǿ","few":"{{value}} ḿǿǿƞŧħş ȧȧɠǿǿ","many":"{{value}} ḿǿǿƞŧħş ȧȧɠǿǿ","other":"{{value}} ḿǿǿƞŧħş ȧȧɠǿǿ"}},"years-ago-long":{"_":{"zero":"ŧħīīş ẏḗḗȧȧř","one":"ŀȧȧşŧ ẏḗḗȧȧř","two":"{{value}} ẏḗḗȧȧřş ȧȧɠǿǿ","few":"{{value}} ẏḗḗȧȧřş ȧȧɠǿǿ","many":"{{value}} ẏḗḗȧȧřş ȧȧɠǿǿ","other":"{{value}} ẏḗḗȧȧřş ȧȧɠǿǿ"}},"minutes-until-long":{"_":{"zero":"ƞǿǿẇ","one":"īīƞ ȧȧ ḿīīƞŭŭŧḗḗ","two":"īīƞ {{value}} ḿīīƞŭŭŧḗḗş","few":"īīƞ {{value}} ḿīīƞŭŭŧḗḗş","many":"īīƞ {{value}} ḿīīƞŭŭŧḗḗş","other":"īīƞ {{value}} ḿīīƞŭŭŧḗḗş"}},"hours-until-long":{"_":{"zero":"ƞǿǿẇ","one":"īīƞ ȧȧƞ ħǿǿŭŭř","two":"īīƞ {{value}} ħǿǿŭŭřş","few":"īīƞ {{value}} ħǿǿŭŭřş","many":"īīƞ {{value}} ħǿǿŭŭřş","other":"īīƞ {{value}} ħǿǿŭŭřş"}},"days-until-long":{"_":{"zero":"ŧǿǿḓȧȧẏ","one":"ŧǿǿḿǿǿřřǿǿẇ","two":"īīƞ {{value}} ḓȧȧẏş","few":"īīƞ {{value}} ḓȧȧẏş","many":"īīƞ {{value}} ḓȧȧẏş","other":"īīƞ {{value}} ḓȧȧẏş"}},"weeks-until-long":{"_":{"zero":"ŧħīīş ẇḗḗḗḗķ","one":"ƞḗḗẋŧ ẇḗḗḗḗķ","two":"īīƞ {{value}} ẇḗḗḗḗķş","few":"īīƞ {{value}} ẇḗḗḗḗķş","many":"īīƞ {{value}} ẇḗḗḗḗķş","other":"īīƞ {{value}} ẇḗḗḗḗķş"}},"months-until-long":{"_":{"zero":"ŧħīīş ḿǿǿƞŧħ","one":"ƞḗḗẋŧ ḿǿǿƞŧħ","two":"īīƞ {{value}} ḿǿǿƞŧħş","few":"īīƞ {{value}} ḿǿǿƞŧħş","many":"īīƞ {{value}} ḿǿǿƞŧħş","other":"īīƞ {{value}} ḿǿǿƞŧħş"}},"years-until-long":{"_":{"zero":"ŧħīīş ẏḗḗȧȧř","one":"ƞḗḗẋŧ ẏḗḗȧȧř","two":"īīƞ {{value}} ẏḗḗȧȧřş","few":"īīƞ {{value}} ẏḗḗȧȧřş","many":"īīƞ {{value}} ẏḗḗȧȧřş","other":"īīƞ {{value}} ẏḗḗȧȧřş"}},"minutes-ago-short":{"_":{"zero":"ĵŭŭşŧ ƞǿǿẇ","other":"{{value}}ḿ ȧȧɠǿǿ"}},"hours-ago-short":{"_":{"zero":"ĵŭŭşŧ ƞǿǿẇ","other":"{{value}}ħ ȧȧɠǿǿ"}},"days-ago-short":{"_":{"zero":"ŧǿǿḓȧȧẏ","other":"{{value}}ḓ ȧȧɠǿǿ"}},"minutes-until-short":{"_":{"zero":"ƞǿǿẇ","other":"īīƞ {{value}}ḿ"}},"hours-until-short":{"_":{"zero":"ƞǿǿẇ","other":"īīƞ {{value}}ħ"}},"days-until-short":{"_":{"zero":"ŧǿǿḓȧȧẏ","other":"īīƞ {{value}}ḓ"}},"incorrectDate":"(īīƞƈǿǿřřḗḗƈŧ ḓȧȧŧḗḗ)","dateTimeFormat_%c":"%a %b %e %Y %I:%M:%S %p","dateTimeFormat_%x":"%m/%d/%Y","dateTimeFormat_%X":"%I:%M:%S %p","shortTimeFormat":"%I:%M %p","shortDateTimeFormat":"%x %I:%M %p","weekStartsOnMonday":"0","time_am":"ȦȧḾ","time_pm":"ƤḾ","ac_classic_clock_alarm_opus":"Ƈŀȧȧşşīīƈ Ɓŭŭẑẑ","ac_classic_clock_alarm_prog_opus2":"Ƥŭŭŀşḗḗ Ƥřǿǿɠřḗḗşşīīṽḗḗ","ac_classic_clock_radio_opus":"Ƈŀȧȧşşīīƈ Ƥŭŭŀşḗḗ","ac_normal_gem_echoes_opus":"Ɠḗḗḿ Ḗḗƈħǿǿḗḗş","ac_soft_smooth_strings_opus":"Şḿǿǿǿǿŧħ Şŧřīīƞɠş","ac_soft_humming_waves_opus":"Şħīīḿḿḗḗřīīƞɠ Ẇȧȧṽḗḗş","ac_normal_ringing_strings_opus":"Řīīƞɠīīƞɠ Şŧřīīƞɠş","ac_soft_into_the_void_opus":"Īīƞŧǿǿ ŧħḗḗ Ṽǿǿīīḓ","reset":"Řḗḗşḗḗŧ","start":"Şŧȧȧřŧ","stop":"Şŧǿǿƥ","cancel":"Ƈȧȧƞƈḗḗŀ","hour":"Ħǿǿŭŭř","hours":"Ħǿǿŭŭřş","minute":"Ḿīīƞŭŭŧḗḗ","minutes":"Ḿīīƞŭŭŧḗḗş","alarm":"Ȧȧŀȧȧřḿ","timer":"Ŧīīḿḗḗř","stopwatch":"Şŧǿǿƥẇȧȧŧƈħ","alarmName":{"placeholder":"Ȧȧŀȧȧřḿ ƞȧȧḿḗḗ"},"newAlarm":"Ƞḗḗẇ ȧȧŀȧȧřḿ","editAlarm":"Ḗḗḓīīŧ ȧȧŀȧȧřḿ","pause":"Ƥȧȧŭŭşḗḗ","resume":"Řḗḗşŭŭḿḗḗ","lap":"Ŀȧȧƥ","lap-number":"Ŀȧȧƥ {{n}}","delete":"Ḓḗḗŀḗḗŧḗḗ","time":"Ŧīīḿḗḗ","snooze-label":"Şƞǿǿǿǿẑḗḗ","snooze-button":"Şƞǿǿǿǿẑḗḗ","repeat":"Řḗḗƥḗḗȧȧŧ","vibrate":"Ṽīīƀřȧȧŧḗḗ","close":"Ƈŀǿǿşḗḗ","save":"Şȧȧṽḗḗ","done":"Ḓǿǿƞḗḗ","closeButton":{"ariaLabel":"Ƈŀǿǿşḗḗ"},"newAlarmButton":{"ariaLabel":"Ƞḗḗẇ ȧȧŀȧȧřḿ"},"alarm-volume-label":"Şẏşŧḗḗḿ Ȧȧŀȧȧřḿ Ṽǿǿŀŭŭḿḗḗ","sound":"Şǿǿŭŭƞḓ","noSound":"Ƞǿǿ Şǿǿŭŭƞḓ","everyday":"Ḗḗṽḗḗřẏ ḓȧȧẏ","weekdays":"Ẇḗḗḗḗķḓȧȧẏş","weekends":"Ẇḗḗḗḗķḗḗƞḓş","never":"Ƞḗḗṽḗḗř","vibrateOn":"Ǿǿƞ","vibrateOff":"Ǿǿƒƒ","plusMinute":"+1 Ḿīīƞ","dateFormat":"%A, %B %e","countdown-lessThanAnHour":"Ŧħḗḗ ȧȧŀȧȧřḿ īīş şḗḗŧ ƒǿǿř <şŧřǿǿƞɠ>{{minutes}}</şŧřǿǿƞɠ> ƒřǿǿḿ ƞǿǿẇ.","countdown-moreThanAnHour":"Ŧħḗḗ ȧȧŀȧȧřḿ īīş şḗḗŧ ƒǿǿř {{hours}} {{minutes}} ƒřǿǿḿ ƞǿǿẇ.","countdown-moreThanADay":"Ŧħḗḗ ȧȧŀȧȧřḿ īīş şḗḗŧ ƒǿǿř {{days}} {{hours}} ƒřǿǿḿ ƞǿǿẇ.","nMinutes":{"_":{"zero":"ŀḗḗşş ŧħȧȧƞ ȧȧ ḿīīƞŭŭŧḗḗ","one":"ǿǿƞḗḗ ḿīīƞŭŭŧḗḗ","two":"{{n}} ḿīīƞŭŭŧḗḗş","few":"{{n}} ḿīīƞŭŭŧḗḗş","many":"{{n}} ḿīīƞŭŭŧḗḗş","other":"{{n}} ḿīīƞŭŭŧḗḗş"}},"nHours":{"_":{"one":"<şŧřǿǿƞɠ>{{n}} ħǿǿŭŭř</şŧřǿǿƞɠ>","two":"<şŧřǿǿƞɠ>{{n}} ħǿǿŭŭřş</şŧřǿǿƞɠ>","few":"<şŧřǿǿƞɠ>{{n}} ħǿǿŭŭřş</şŧřǿǿƞɠ>","many":"<şŧřǿǿƞɠ>{{n}} ħǿǿŭŭřş</şŧřǿǿƞɠ>","other":"<şŧřǿǿƞɠ>{{n}} ħǿǿŭŭřş</şŧřǿǿƞɠ>"}},"nAndRemainHours":{"_":{"one":"ȧȧƞḓ <şŧřǿǿƞɠ>{{n}} ħǿǿŭŭř</şŧřǿǿƞɠ>","two":"ȧȧƞḓ <şŧřǿǿƞɠ>{{n}} ħǿǿŭŭřş</şŧřǿǿƞɠ>","few":"ȧȧƞḓ <şŧřǿǿƞɠ>{{n}} ħǿǿŭŭřş</şŧřǿǿƞɠ>","many":"ȧȧƞḓ <şŧřǿǿƞɠ>{{n}} ħǿǿŭŭřş</şŧřǿǿƞɠ>","other":"ȧȧƞḓ <şŧřǿǿƞɠ>{{n}} ħǿǿŭŭřş</şŧřǿǿƞɠ>"}},"nRemainDays":{"_":{"one":"<şŧřǿǿƞɠ>{{n}} ḓȧȧẏ</şŧřǿǿƞɠ>","two":"<şŧřǿǿƞɠ>{{n}} ḓȧȧẏş</şŧřǿǿƞɠ>","few":"<şŧřǿǿƞɠ>{{n}} ḓȧȧẏş</şŧřǿǿƞɠ>","many":"<şŧřǿǿƞɠ>{{n}} ḓȧȧẏş</şŧřǿǿƞɠ>","other":"<şŧřǿǿƞɠ>{{n}} ḓȧȧẏş</şŧřǿǿƞɠ>"}},"nRemainMinutes":{"_":{"one":"ȧȧƞḓ <şŧřǿǿƞɠ>{{n}} ḿīīƞŭŭŧḗḗ</şŧřǿǿƞɠ>","two":"ȧȧƞḓ <şŧřǿǿƞɠ>{{n}} ḿīīƞŭŭŧḗḗş</şŧřǿǿƞɠ>","few":"ȧȧƞḓ <şŧřǿǿƞɠ>{{n}} ḿīīƞŭŭŧḗḗş</şŧřǿǿƞɠ>","many":"ȧȧƞḓ <şŧřǿǿƞɠ>{{n}} ḿīīƞŭŭŧḗḗş</şŧřǿǿƞɠ>","other":"ȧȧƞḓ <şŧřǿǿƞɠ>{{n}} ḿīīƞŭŭŧḗḗş</şŧřǿǿƞɠ>"}},"nSpinnerSeconds":{"_":{"zero":"ẑḗḗřǿǿ şḗḗƈǿǿƞḓş","one":"ǿǿƞḗḗ şḗḗƈǿǿƞḓ","two":"{{n}} şḗḗƈǿǿƞḓş","few":"{{n}} şḗḗƈǿǿƞḓş","many":"{{n}} şḗḗƈǿǿƞḓş","other":"{{n}} şḗḗƈǿǿƞḓş"}},"nSpinnerMinutes":{"_":{"zero":"ẑḗḗřǿǿ ḿīīƞŭŭŧḗḗş","one":"ǿǿƞḗḗ ḿīīƞŭŭŧḗḗ","two":"{{n}} ḿīīƞŭŭŧḗḗş","few":"{{n}} ḿīīƞŭŭŧḗḗş","many":"{{n}} ḿīīƞŭŭŧḗḗş","other":"{{n}} ḿīīƞŭŭŧḗḗş"}},"nSpinnerHours":{"_":{"zero":"ẑḗḗřǿǿ ħǿǿŭŭřş","one":"{{n}} ħǿǿŭŭř","two":"{{n}} ħǿǿŭŭřş","few":"{{n}} ħǿǿŭŭřş","many":"{{n}} ħǿǿŭŭřş","other":"{{n}} ħǿǿŭŭřş"}}}