{"brandShortName":"B2G OS","browserBrandShortName":"Web Browser","browserBrandFullName":"Mozilla Web Browser","ok":"موافق","cancel":"ألغِ","done":"تمّ","enter-search-or-address":{"placeholder":"ابحث أو أدخل عنوانا"},"history":"تأريخ","new-tab":"لسان جديد","open-in-new-tab":"افتح الوصلة في لسان جديد","future":"المستقبل","today":"اليوم","yesterday":"أمس","last-7-days":"آخر ٧ أيام","this-month":"هذا الشهر","last-6-months":"آخر ٦ أشهر","older-than-6-months":"أقدم من ٦ أشهر","month-0":"يناير","month-1":"فبراير","month-2":"مارس","month-3":"أبريل","month-4":"مايو","month-5":"يونيو","month-6":"يوليو","month-7":"أغسطس","month-8":"سبتمبر","month-9":"أكتوبر","month-10":"نوفمبر","month-11":"ديسمبر","browser":"{{browserBrandShortName}}","start-browsing":"أدخل مصطلح بحث أو عنوان ويب لبدء التصفح.","top-sites-startPage":"المواقع الأكثر زيارة","top-sites-tab":"المواقع الأكثر زيارة","browser-settings":"الإعدادات","privacy-and-security":"الخصوصية والأمان","clear-browsing-history":"إحذف التأريخ","confirm-clear-browsing-history":"أأمسح تأريخ التصفح؟","clear-cookies-and-stored-data":"امسح البيانات الخاصة","confirm-clear-cookies-and-stored-data":"أأمسح البيانات الخاصة والمعلومات المخزنة من الجهاز؟","search-engines":"محركات البحث","default-search-engine":"محرك البحث الإفتراضي","bookmarks":"العلامات المرجعيه","bookmark":"علّم هذه الصفحة","unbookmark":"إزالة العلامة","edit-bookmark":"حرّر العلامة المرجعية","edit-bookmark-header":"حرّر العلامة المرجعية","page-title":"عنوان الصفحة","address":"العنوان","add-to-home-screen":"أضِف إلى شاشة البداية","username":"اسم المستخدم","password":"كلمة السّر","login":"تسجيل الدخول","login-to-a-website":"تسجيل الدخول إلى الموقع","http-authentication-message":"يتطلب منك الموقع {{host}} تسجيل الدخول.","the-username-or-password-is-incorrect":"اسم المستخدم أو كلمة السّر غير صحيحة. ","this-is-embarrassing":"هذا محرِج.","not-responding":"قمنا بمحاولة عرض هذه الصفحة ولكنها لاتستجيب.","close-tab":"أغلِق اللسان","reload-tab":"أعِد التحميل","search-for":"ابحث عن","save-image":"احفظ الصورة","image-saved":"تم حفظ الصورة في معرض الصور                                ","error-saving-image":"خطأ أثناء حفظ الصورة","save-video":"حفظ الفيديو","video-saved":"تم حفظ الفيديو في معرض المقاطع","error-saving-video":"خطأ أثناء حفظ الفيديو","save-audio":"حفظ المقطع الصوتي","audio-saved":"تم حفظ المقطع الصوتي في المقاطع الصوتية","error-saving-audio":"خطأ أثناء حفظ المقطع الصوتي"}