{"music":"‮Wnsıɔ‬","mix":"‮Wıx‬","playlists":"‮Ԁʅɐʎʅısʇ‬","artists":"‮∀ɹʇısʇs‬","albums":"‮∀ʅqnɯs‬","songs":"‮Souƃs‬","more":"‮Woɹǝ‬","songArtist":"‮Souƃ‬ ‮ɐɹʇısʇ‬","songAlbum":"‮Souƃ‬ ‮ɐʅqnɯ‬","unknownArtist":"‮∩uʞuoʍu‬ ‮ɐɹʇısʇ‬","unknownAlbum":"‮∩uʞuoʍu‬ ‮ɐʅqnɯ‬","unknownTitle":"‮∩uʞuoʍu‬ ‮ʇıʇʅǝ‬","empty-title":"‮∀pp‬ ‮souƃs‬ ‮ʇo‬ ‮ƃǝʇ‬ ‮sʇɐɹʇǝp‬","empty-text":"‮˥oɐp‬ ‮souƃs‬ ‮ou‬ ‮ʇo‬ ‮ʇɥǝ‬ ‮ɯǝɯoɹʎ‬ ‮ɔɐɹp‬.","nocard2-title":"‮No‬ ‮ɯǝɯoɹʎ‬ ‮ɔɐɹp‬ ‮ɟonup‬","nocard3-text":"‮Iusǝɹʇ‬ ‮ɐ‬ ‮ɯǝɯoɹʎ‬ ‮ɔɐɹp‬ ‮ʇo‬ ‮ʅısʇǝu‬ ‮ʇo‬ ‮souƃs‬.","pluggedin-title":"‮Wnsıɔ‬ ‮ɔɐu‬ ‮uoʇ‬ ‮qǝ‬ ‮nsǝp‬ ‮ʍɥıʅǝ‬ ‮dɥouǝ‬ ‮ıs‬ ‮dʅnƃƃǝp‬ ‮ıu‬","pluggedin-text":"‮∩udʅnƃ‬ ‮ʇɥǝ‬ ‮dɥouǝ‬ ‮ʇo‬ ‮dʅɐʎ‬ ‮ɯnsıɔ‬.","upgrade-title":"‮pɐʇɐqɐsǝ‬ ‮∩dƃɹɐpǝ‬","upgrade-text":"‮Ԁʅǝɐsǝ‬ ‮ʍɐıʇ‬ ‮ʍɥıʅǝ‬ ‮Wnsıɔ‬ ‮ndpɐʇǝs‬ ‮ıʇs‬ ‮pɐʇɐqɐsǝ‬.","search-music":{"placeholder":"‮Sǝɐɹɔɥ‬ ‮Wnsıɔ‬"},"search-cancel":"‮Ↄɐuɔǝʅ‬","search-artists":"‮∀ɹʇısʇs‬","search-albums":"‮∀ʅqnɯs‬","search-titles":"‮⊥ɹɐɔʞs‬","search-close":"‮ɔʅosǝ‬","playlists-shuffle-all":"‮Sɥnɟɟʅǝ‬ ‮ɐʅʅ‬","playlists-highest-rated":"‮Hıƃɥǝsʇ‬ ‮ɹɐʇǝp‬","playlists-recently-added":"‮ᴚǝɔǝuʇʅʎ‬ ‮ɐppǝp‬","playlists-most-played":"‮Wosʇ‬ ‮dʅɐʎǝp‬","playlists-least-played":"‮˥ǝɐsʇ‬ ‮dʅɐʎǝp‬","picker-title":"‮Sǝʅǝɔʇ‬ ‮ɐ‬ ‮ʇɹɐɔʞ‬","save":"‮Sɐʌǝ‬","saved":"‮Sɐʌǝp‬ {{title}} ‮ʇo‬ ‮Wnsıɔ‬","audioinvalid":"‮∀npıo‬ ‮ɔɐuuoʇ‬ ‮qǝ‬ ‮dʅɐʎǝp‬: ‮ɟoɹɯɐʇ‬ ‮ıs‬ ‮nusnddoɹʇǝp‬ ‮oɹ‬ ‮ɟıʅǝ‬ ‮ıs‬ ‮ıuʌɐʅıp‬.","overlay-cancel-button":"‮Ↄɐuɔǝʅ‬","music-paused-notification":"‮Wnsıɔ‬ ‮dɐnsǝp‬ ‮pnɹıuƃ‬ ‮ʇɥǝ‬ ‮ɔɐʅʅ‬"}