{"number-selected2":{"_":{"zero":"Şḗḗŀḗḗƈŧ","one":"{{ n }} şḗḗŀḗḗƈŧḗḗḓ","two":"{{ n }} şḗḗŀḗḗƈŧḗḗḓ","few":"{{ n }} şḗḗŀḗḗƈŧḗḗḓ","many":"{{ n }} şḗḗŀḗḗƈŧḗḗḓ","other":"{{ n }} şḗḗŀḗḗƈŧḗḗḓ"}},"delete-photo?":"Ḓḗḗŀḗḗŧḗḗ ƥħǿǿŧǿǿ?","delete-video?":"Ḓḗḗŀḗḗŧḗḗ ṽīīḓḗḗǿǿ?","delete-n-items?":{"_":{"zero":"Ƞǿǿŧħīīƞɠ şḗḗŀḗḗƈŧḗḗḓ","one":"Ḓḗḗŀḗḗŧḗḗ şḗḗŀḗḗƈŧḗḗḓ īīŧḗḗḿ?","two":"Ḓḗḗŀḗḗŧḗḗ {{ n }} īīŧḗḗḿş?","few":"Ḓḗḗŀḗḗŧḗḗ {{ n }} īīŧḗḗḿş?","many":"Ḓḗḗŀḗḗŧḗḗ {{ n }} īīŧḗḗḿş?","other":"Ḓḗḗŀḗḗŧḗḗ {{ n }} īīŧḗḗḿş?"}},"pickoneimage2":"Şḗḗŀḗḗƈŧ","cropimage":"Ƈřǿǿƥ","cancel":"Ƈȧȧƞƈḗḗŀ","delete":"Ḓḗḗŀḗḗŧḗḗ","ok":"ǾǿĶ","edit":"Ḗḗḓīīŧ","save":"Şȧȧṽḗḗ","done":"Ḓǿǿƞḗḗ","exposure":"Ḗḗẋƥǿǿşŭŭřḗḗ","crop":"Ƈřǿǿƥ","effects":"Ḗḗƒƒḗḗƈŧş","borders":"Ɓǿǿřḓḗḗřş","enhance-on":"Ȧȧŭŭŧǿǿ-ḗḗƞħȧȧƞƈḗḗ ǿǿƞ","enhance-off":"Ȧȧŭŭŧǿǿ-ḗḗƞħȧȧƞƈḗḗ ǿǿƒƒ","original":"Ǿǿřīīɠīīƞȧȧŀ","blackandwhite":"Ɓ&Ẇ","sepia":"Şḗḗƥīīȧȧ","freeform":"Ƒřḗḗḗḗƒǿǿřḿ","portrait":"Ƥǿǿřŧřȧȧīīŧ","landscape":"Ŀȧȧƞḓşƈȧȧƥḗḗ","square":"Şɋŭŭȧȧřḗḗ","emptygallery2-title":"Ƞǿǿ ƥħǿǿŧǿǿş ǿǿř ṽīīḓḗḗǿǿş","emptygallery2-text":"Ŭŭşḗḗ ŧħḗḗ Ƈȧȧḿḗḗřȧȧ ȧȧƥƥ ŧǿǿ ɠḗḗŧ şŧȧȧřŧḗḗḓ.","emptygallery2-title-pick":"Ƞǿǿ ƥħǿǿŧǿǿş","nocard3-title":"Ƞǿǿ ḿḗḗḿǿǿřẏ ƈȧȧřḓ","nocard4-text":"Īīƞşḗḗřŧ ȧȧ ḿḗḗḿǿǿřẏ ƈȧȧřḓ ŧǿǿ ŭŭşḗḗ ŧħīīş ȧȧƥƥ.","pluggedin2-title":"Ḿḗḗḿǿǿřẏ ƈȧȧřḓ īīƞ ŭŭşḗḗ","pluggedin2-text":"Ŭŭƞƥŀŭŭɠ ŧħḗḗ ƥħǿǿƞḗḗ ŧǿǿ ŭŭşḗḗ ŧħīīş ȧȧƥƥ.","scanning-title":"Şƈȧȧƞƞīīƞɠ","scanning-text":"Ŀǿǿǿǿķīīƞɠ ƒǿǿř ƥħǿǿŧǿǿş ȧȧƞḓ ṽīīḓḗḗǿǿş.","upgrade-title":"Ḓȧȧŧȧȧƀȧȧşḗḗ Ŭŭƥɠřȧȧḓḗḗ","upgrade-text":"Ƥŀḗḗȧȧşḗḗ ẇȧȧīīŧ ẇħīīŀḗḗ Ɠȧȧŀŀḗḗřẏ ŭŭƥḓȧȧŧḗḗş īīŧş ḓȧȧŧȧȧƀȧȧşḗḗ.","share-noprovider":"Ƈȧȧƞ ƞǿǿŧ şħȧȧřḗḗ ŧħīīş īīḿȧȧɠḗḗ ƒīīŀḗḗ ŧẏƥḗḗ.","memorycardfull":"Ƈȧȧƞ ƞǿǿŧ ḗḗḓīīŧ ƥħǿǿŧǿǿş: Ḿḗḗḿǿǿřẏ ƈȧȧřḓ īīş ƒŭŭŀŀ.","imagetoobig":"Īīḿȧȧɠḗḗ īīş ŧǿǿǿǿ ŀȧȧřɠḗḗ ŧǿǿ ḓīīşƥŀȧȧẏ ǿǿƞ ŧħīīş ḓḗḗṽīīƈḗḗ.","imageinvalid":"Īīḿȧȧɠḗḗ īīş īīƞṽȧȧŀīīḓ ǿǿř ƈǿǿřřŭŭƥŧ ȧȧƞḓ ƈȧȧƞƞǿǿŧ ƀḗḗ ḓīīşƥŀȧȧẏḗḗḓ.","saved":"{{filename}} şȧȧṽḗḗḓ ŧǿǿ Ɠȧȧŀŀḗḗřẏ","overlay-camera-button":"Ɠǿǿ ŧǿǿ Ƈȧȧḿḗḗřȧȧ","name-label":"Ƞȧȧḿḗḗ","size-label":"Şīīẑḗḗ","image-type-label":"Īīḿȧȧɠḗḗ Ŧẏƥḗḗ","date-taken-label":"Ḓȧȧŧḗḗ Ŧȧȧķḗḗƞ","resolution-label":"Řḗḗşǿǿŀŭŭŧīīǿǿƞ","close-button":"Ƈŀǿǿşḗḗ","byteUnit-B":"Ɓẏŧḗḗş","byteUnit-KB":"ĶƁ","byteUnit-MB":"ḾƁ","byteUnit-GB":"ƓƁ","gallery":"Ɠȧȧŀŀḗḗřẏ","preview":"Ƥřḗḗṽīīḗḗẇ","date-group-header":"%B %Y","weekday-0-long":"Şŭŭƞḓȧȧẏ","weekday-1-long":"Ḿǿǿƞḓȧȧẏ","weekday-2-long":"Ŧŭŭḗḗşḓȧȧẏ","weekday-3-long":"Ẇḗḗḓƞḗḗşḓȧȧẏ","weekday-4-long":"Ŧħŭŭřşḓȧȧẏ","weekday-5-long":"Ƒřīīḓȧȧẏ","weekday-6-long":"Şȧȧŧŭŭřḓȧȧẏ","weekday-0-short":"Şŭŭƞ","weekday-1-short":"Ḿǿǿƞ","weekday-2-short":"Ŧŭŭḗḗ","weekday-3-short":"Ẇḗḗḓ","weekday-4-short":"Ŧħŭŭ","weekday-5-short":"Ƒřīī","weekday-6-short":"Şȧȧŧ","month-0-long":"Ĵȧȧƞŭŭȧȧřẏ","month-1-long":"Ƒḗḗƀřŭŭȧȧřẏ","month-2-long":"Ḿȧȧřƈħ","month-3-long":"Ȧȧƥřīīŀ","month-4-long":"Ḿȧȧẏ","month-5-long":"Ĵŭŭƞḗḗ","month-6-long":"Ĵŭŭŀẏ","month-7-long":"Ȧȧŭŭɠŭŭşŧ","month-8-long":"Şḗḗƥŧḗḗḿƀḗḗř","month-9-long":"Ǿǿƈŧǿǿƀḗḗř","month-10-long":"Ƞǿǿṽḗḗḿƀḗḗř","month-11-long":"Ḓḗḗƈḗḗḿƀḗḗř","month-0-genitive":"Ĵȧȧƞŭŭȧȧřẏ","month-1-genitive":"Ƒḗḗƀřŭŭȧȧřẏ","month-2-genitive":"Ḿȧȧřƈħ","month-3-genitive":"Ȧȧƥřīīŀ","month-4-genitive":"Ḿȧȧẏ","month-5-genitive":"Ĵŭŭƞḗḗ","month-6-genitive":"Ĵŭŭŀẏ","month-7-genitive":"Ȧȧŭŭɠŭŭşŧ","month-8-genitive":"Şḗḗƥŧḗḗḿƀḗḗř","month-9-genitive":"Ǿǿƈŧǿǿƀḗḗř","month-10-genitive":"Ƞǿǿṽḗḗḿƀḗḗř","month-11-genitive":"Ḓḗḗƈḗḗḿƀḗḗř","month-0-short":"Ĵȧȧƞ","month-1-short":"Ƒḗḗƀ","month-2-short":"Ḿȧȧř","month-3-short":"Ȧȧƥř","month-4-short":"Ḿȧȧẏ","month-5-short":"Ĵŭŭƞ","month-6-short":"Ĵŭŭŀ","month-7-short":"Ȧȧŭŭɠ","month-8-short":"Şḗḗƥ","month-9-short":"Ǿǿƈŧ","month-10-short":"Ƞǿǿṽ","month-11-short":"Ḓḗḗƈ","minutes-ago-long":{"_":{"zero":"ĵŭŭşŧ ƞǿǿẇ","one":"ȧȧ ḿīīƞŭŭŧḗḗ ȧȧɠǿǿ","two":"{{value}} ḿīīƞŭŭŧḗḗş ȧȧɠǿǿ","few":"{{value}} ḿīīƞŭŭŧḗḗş ȧȧɠǿǿ","many":"{{value}} ḿīīƞŭŭŧḗḗş ȧȧɠǿǿ","other":"{{value}} ḿīīƞŭŭŧḗḗş ȧȧɠǿǿ"}},"hours-ago-long":{"_":{"zero":"ĵŭŭşŧ ƞǿǿẇ","one":"ȧȧƞ ħǿǿŭŭř ȧȧɠǿǿ","two":"{{value}} ħǿǿŭŭřş ȧȧɠǿǿ","few":"{{value}} ħǿǿŭŭřş ȧȧɠǿǿ","many":"{{value}} ħǿǿŭŭřş ȧȧɠǿǿ","other":"{{value}} ħǿǿŭŭřş ȧȧɠǿǿ"}},"days-ago-long":{"_":{"zero":"ŧǿǿḓȧȧẏ","one":"ẏḗḗşŧḗḗřḓȧȧẏ","two":"{{value}} ḓȧȧẏş ȧȧɠǿǿ","few":"{{value}} ḓȧȧẏş ȧȧɠǿǿ","many":"{{value}} ḓȧȧẏş ȧȧɠǿǿ","other":"{{value}} ḓȧȧẏş ȧȧɠǿǿ"}},"weeks-ago-long":{"_":{"zero":"ŧħīīş ẇḗḗḗḗķ","one":"ŀȧȧşŧ ẇḗḗḗḗķ","two":"{{value}} ẇḗḗḗḗķş ȧȧɠǿǿ","few":"{{value}} ẇḗḗḗḗķş ȧȧɠǿǿ","many":"{{value}} ẇḗḗḗḗķş ȧȧɠǿǿ","other":"{{value}} ẇḗḗḗḗķş ȧȧɠǿǿ"}},"months-ago-long":{"_":{"zero":"ŧħīīş ḿǿǿƞŧħ","one":"ŀȧȧşŧ ḿǿǿƞŧħ","two":"{{value}} ḿǿǿƞŧħş ȧȧɠǿǿ","few":"{{value}} ḿǿǿƞŧħş ȧȧɠǿǿ","many":"{{value}} ḿǿǿƞŧħş ȧȧɠǿǿ","other":"{{value}} ḿǿǿƞŧħş ȧȧɠǿǿ"}},"years-ago-long":{"_":{"zero":"ŧħīīş ẏḗḗȧȧř","one":"ŀȧȧşŧ ẏḗḗȧȧř","two":"{{value}} ẏḗḗȧȧřş ȧȧɠǿǿ","few":"{{value}} ẏḗḗȧȧřş ȧȧɠǿǿ","many":"{{value}} ẏḗḗȧȧřş ȧȧɠǿǿ","other":"{{value}} ẏḗḗȧȧřş ȧȧɠǿǿ"}},"minutes-until-long":{"_":{"zero":"ƞǿǿẇ","one":"īīƞ ȧȧ ḿīīƞŭŭŧḗḗ","two":"īīƞ {{value}} ḿīīƞŭŭŧḗḗş","few":"īīƞ {{value}} ḿīīƞŭŭŧḗḗş","many":"īīƞ {{value}} ḿīīƞŭŭŧḗḗş","other":"īīƞ {{value}} ḿīīƞŭŭŧḗḗş"}},"hours-until-long":{"_":{"zero":"ƞǿǿẇ","one":"īīƞ ȧȧƞ ħǿǿŭŭř","two":"īīƞ {{value}} ħǿǿŭŭřş","few":"īīƞ {{value}} ħǿǿŭŭřş","many":"īīƞ {{value}} ħǿǿŭŭřş","other":"īīƞ {{value}} ħǿǿŭŭřş"}},"days-until-long":{"_":{"zero":"ŧǿǿḓȧȧẏ","one":"ŧǿǿḿǿǿřřǿǿẇ","two":"īīƞ {{value}} ḓȧȧẏş","few":"īīƞ {{value}} ḓȧȧẏş","many":"īīƞ {{value}} ḓȧȧẏş","other":"īīƞ {{value}} ḓȧȧẏş"}},"weeks-until-long":{"_":{"zero":"ŧħīīş ẇḗḗḗḗķ","one":"ƞḗḗẋŧ ẇḗḗḗḗķ","two":"īīƞ {{value}} ẇḗḗḗḗķş","few":"īīƞ {{value}} ẇḗḗḗḗķş","many":"īīƞ {{value}} ẇḗḗḗḗķş","other":"īīƞ {{value}} ẇḗḗḗḗķş"}},"months-until-long":{"_":{"zero":"ŧħīīş ḿǿǿƞŧħ","one":"ƞḗḗẋŧ ḿǿǿƞŧħ","two":"īīƞ {{value}} ḿǿǿƞŧħş","few":"īīƞ {{value}} ḿǿǿƞŧħş","many":"īīƞ {{value}} ḿǿǿƞŧħş","other":"īīƞ {{value}} ḿǿǿƞŧħş"}},"years-until-long":{"_":{"zero":"ŧħīīş ẏḗḗȧȧř","one":"ƞḗḗẋŧ ẏḗḗȧȧř","two":"īīƞ {{value}} ẏḗḗȧȧřş","few":"īīƞ {{value}} ẏḗḗȧȧřş","many":"īīƞ {{value}} ẏḗḗȧȧřş","other":"īīƞ {{value}} ẏḗḗȧȧřş"}},"minutes-ago-short":{"_":{"zero":"ĵŭŭşŧ ƞǿǿẇ","other":"{{value}}ḿ ȧȧɠǿǿ"}},"hours-ago-short":{"_":{"zero":"ĵŭŭşŧ ƞǿǿẇ","other":"{{value}}ħ ȧȧɠǿǿ"}},"days-ago-short":{"_":{"zero":"ŧǿǿḓȧȧẏ","other":"{{value}}ḓ ȧȧɠǿǿ"}},"minutes-until-short":{"_":{"zero":"ƞǿǿẇ","other":"īīƞ {{value}}ḿ"}},"hours-until-short":{"_":{"zero":"ƞǿǿẇ","other":"īīƞ {{value}}ħ"}},"days-until-short":{"_":{"zero":"ŧǿǿḓȧȧẏ","other":"īīƞ {{value}}ḓ"}},"incorrectDate":"(īīƞƈǿǿřřḗḗƈŧ ḓȧȧŧḗḗ)","dateTimeFormat_%c":"%a %b %e %Y %I:%M:%S %p","dateTimeFormat_%x":"%m/%d/%Y","dateTimeFormat_%X":"%I:%M:%S %p","shortTimeFormat":"%I:%M %p","shortDateTimeFormat":"%x %I:%M %p","weekStartsOnMonday":"0","time_am":"ȦȧḾ","time_pm":"ƤḾ"}