{"search-or-enter-address":{"placeholder":"Şḗḗȧȧřƈħ ǿǿř ḗḗƞŧḗḗř ȧȧḓḓřḗḗşş"},"delete-title":"Ḓḗḗŀḗḗŧḗḗ {{name}}","delete-body":"{{name}} ȧȧƞḓ ȧȧŀŀ ǿǿƒ īīŧş ḓȧȧŧȧȧ ẇīīŀŀ ƀḗḗ ḓḗḗŀḗḗŧḗḗḓ.","delete":"Ḓḗḗŀḗḗŧḗḗ","cancel":"Ƈȧȧƞƈḗḗŀ","change-wallpaper":"Ƈħȧȧƞɠḗḗ Ẇȧȧŀŀƥȧȧƥḗḗř","add-smart-collections":"Ȧȧḓḓ Şḿȧȧřŧ Ƈǿǿŀŀḗḗƈŧīīǿǿƞş","edit-mode":"Ḗḗḓīīŧ","edit-done":"Ḓǿǿƞḗḗ","stop-download-title":"Şŧǿǿƥ {{name}}","stop-download-body":"Ḓǿǿ ẏǿǿŭŭ ẇȧȧƞŧ ŧǿǿ şŧǿǿƥ ŧħḗḗ ḓǿǿẇƞŀǿǿȧȧḓ īīƞ ƥřǿǿɠřḗḗşş?","stop-download-action":"Şŧǿǿƥ","resume-download-title":"Řḗḗşŧȧȧřŧ Ḓǿǿẇƞŀǿǿȧȧḓ","resume-download-body":"Ḓǿǿ ẏǿǿŭŭ ẇȧȧƞŧ ŧǿǿ ḓǿǿẇƞŀǿǿȧȧḓ {{name}}?","resume-download-action":"Ḓǿǿẇƞŀǿǿȧȧḓ","collection-categoryId-22":"Ɓǿǿǿǿķş","collection-categoryId-142":"Ḿŭŭşīīƈ","collection-categoryId-181":"Ḿǿǿṽīīḗḗş","collection-categoryId-194":"Īīƞŧḗḗřƞḗḗŧ","collection-categoryId-207":"Ɠȧȧḿḗḗş","collection-categoryId-211":"Ṽīīḓḗḗǿǿ","collection-categoryId-213":"ŦṼ","collection-categoryId-220":"Řḗḗşŧȧȧŭŭřȧȧƞŧş","collection-categoryId-225":"Ƈḗḗŀḗḗƀş","collection-categoryId-238":"Şħǿǿƥƥīīƞɠ","collection-categoryId-242":"Īīḿȧȧɠḗḗş","collection-categoryId-244":"Ŧḗḗƈħ","collection-categoryId-245":"Ƞḗḗẇş","collection-categoryId-248":"Ḗḗḿȧȧīīŀ","collection-categoryId-249":"Ẇḗḗȧȧŧħḗḗř","collection-categoryId-256":"Ƈŭŭŀŧŭŭřḗḗ","collection-categoryId-260":"Şƥǿǿřŧş","collection-categoryId-270":"Řḗḗƈīīƥḗḗş","collection-categoryId-271":"Řḗḗƒḗḗřḗḗƞƈḗḗ","collection-categoryId-272":"Ŧřȧȧṽḗḗŀ Ɠŭŭīīḓḗḗş","collection-categoryId-274":"Ĵǿǿƀş","collection-categoryId-275":"Ḿḗḗḓīīƈȧȧŀ","collection-categoryId-277":"Ƒŭŭƞƞẏ","collection-categoryId-279":"Ŀḗḗȧȧřƞīīƞɠ & Ḗḗḓŭŭƈȧȧŧīīǿǿƞ","collection-categoryId-282":"Ƒȧȧşħīīǿǿƞ","collection-categoryId-286":"Ḗḗŀḗḗƈŧřǿǿƞīīƈş","collection-categoryId-288":"Ȧȧŭŭŧǿǿş","collection-categoryId-289":"Şǿǿƈīīȧȧŀ","collection-categoryId-291":"Ṽīīḓḗḗǿǿ Ɠȧȧḿḗḗş","collection-categoryId-292":"Ḓȧȧīīŀẏ Ḓḗḗȧȧŀş","collection-categoryId-294":"Ƥḗḗřşǿǿƞȧȧŀ Ƈǿǿḿḿŭŭƞīīƈȧȧŧīīǿǿƞ","collection-categoryId-296":"Ȧȧřǿǿŭŭƞḓ Ḿḗḗ","collection-categoryId-297":"Ȧȧşŧřǿǿŀǿǿɠẏ","collection-categoryId-302":"Ķīīḓş","collection-categoryId-303":"Ƒīīƞȧȧƞƈīīȧȧŀ Şḗḗřṽīīƈḗḗş","collection-categoryId-306":"Ŧřȧȧṽḗḗŀ","collection-categoryId-316":"Ħǿǿŧḗḗŀş","collection-categoryId-320":"Ḓȧȧŧīīƞɠ","collection-categoryId-321":"Ƒīīƞȧȧƞƈīīȧȧŀ Ƞḗḗẇş","collection-categoryId-325":"Ɓȧȧşḗḗƀȧȧŀŀ","collection-categoryId-338":"Ƈŀȧȧşşīīƒīīḗḗḓş","collection-categoryId-347":"Ɓȧȧƀẏ","collection-categoryId-349":"Ƥħǿǿŧǿǿɠřȧȧƥħẏ","collection-categoryId-356":"Ɓḗḗȧȧŭŭŧẏ","collection-categoryId-357":"Ŭŭŧīīŀīīŧīīḗḗş","collection-categoryId-360":"Ƥřǿǿḓŭŭƈŧīīṽīīŧẏ","collection-categoryId-365":"Ƈǿǿḿīīƈş","collection-categoryId-366":"Ŀīīƒḗḗşŧẏŀḗḗ","collection-categoryId-368":"Ƥḗḗřşǿǿƞȧȧŀīīẑȧȧŧīīǿǿƞ","collection-categoryId-372":"Ŧřȧȧƞşƥǿǿřŧȧȧŧīīǿǿƞ","collection-categoryId-373":"Ŧḗḗŀḗḗƈǿǿḿḿŭŭƞīīƈȧȧŧīīǿǿƞ","collection-categoryId-376":"Ḗḗƞŧḗḗřŧȧȧīīƞḿḗḗƞŧ","collection-categoryId-377":"Şǿǿƈƈḗḗř","collection-categoryId-381":"Řḗḗŀīīɠīīǿǿƞ","collection-categoryId-382":"Ƒīīŧƞḗḗşş","collection-categoryId-387":"Ǿǿŭŭŧḓǿǿǿǿř Ȧȧƈŧīīṽīīŧīīḗḗş","collection-categoryId-399":"ḒĪīẎ","collection-categoryId-449":"Īī'ḿ Şǿǿ Ɓǿǿřḗḗḓ","collection-categoryId-462":"Ŧḗḗŀḗḗƞǿǿṽḗḗŀȧȧş","collection-categoryId-463":"Ƥǿǿŀīīŧīīƈş","collection-categoryId-473":"Ƈřīīƈķḗḗŧ","collection-categoryId-491":"Ẇǿǿřŀḓ Ƈŭŭƥ","collection-categoryId-501":"Ɓřȧȧẑīīŀīīȧȧƞ Ȧȧƥƥş","collection-categoryId-504":"Ɓǿǿŀŀẏẇǿǿǿǿḓ","collection-categoryId-505":"Ƒǿǿǿǿḓ & Ḓřīīƞķş","collection-categoryId-507":"Ŧřȧȧṽḗḗŀ & Ŀǿǿƈȧȧŀ","collection-categoryId-510":"Ŧḗḗƈħ & Şƈīīḗḗƞƈḗḗ","collection-categoryId-511":"Ḿḗḗḓīīȧȧ & Ṽīīḓḗḗǿǿ","collection-categoryId-512":"Ħḗḗȧȧŀŧħ & Ƒīīŧƞḗḗşş","collection-categoryId-513":"Ɓŭŭşīīƞḗḗşş","collection-categoryId-520":"Ƈẏƈŀīīƞɠ","collection-categoryId-521":"Şŭŭřƒ","gaia-grid-stop-download-title":"Şŧǿǿƥ {{name}}","gaia-grid-stop-download-body":"Ḓǿǿ ẏǿǿŭŭ ẇȧȧƞŧ ŧǿǿ şŧǿǿƥ ŧħḗḗ ḓǿǿẇƞŀǿǿȧȧḓ īīƞ ƥřǿǿɠřḗḗşş?","gaia-grid-stop-download-action":"Şŧǿǿƥ","gaia-grid-resume-download-title":"Řḗḗşŧȧȧřŧ Ḓǿǿẇƞŀǿǿȧȧḓ","gaia-grid-resume-download-body":"Ḓǿǿ ẏǿǿŭŭ ẇȧȧƞŧ ŧǿǿ ḓǿǿẇƞŀǿǿȧȧḓ {{name}}?","gaia-grid-resume-download-action":"Ḓǿǿẇƞŀǿǿȧȧḓ","gaia-grid-unrecoverable-error-title":"Řḗḗḿǿǿṽḗḗ Ȧȧƥƥŀīīƈȧȧŧīīǿǿƞ","gaia-grid-unrecoverable-error-body":"Ƈȧȧƞƞǿǿŧ īīƞşŧȧȧŀŀ ȧȧƥƥŀīīƈȧȧŧīīǿǿƞ ḓŭŭḗḗ ŧǿǿ ȧȧƞ ŭŭƞřḗḗƈǿǿṽḗḗřȧȧƀŀḗḗ ḗḗřřǿǿř. Ƥŀḗḗȧȧşḗḗ ŧřẏ ḓǿǿẇƞŀǿǿȧȧḓīīƞɠ ȧȧɠȧȧīīƞ. Ŧħḗḗ ȧȧƥƥŀīīƈȧȧŧīīǿǿƞ ẇīīŀŀ ƀḗḗ řḗḗḿǿǿṽḗḗḓ.","gaia-grid-unrecoverable-error-action":"ǾǿĶ","gaia-grid-cancel":"Ƈȧȧƞƈḗḗŀ"}