{"close":"Fermer","import":"Importer","update":"Enreg.","fbFriends":"Amis Facebook","live-serviceName":"Outlook","gmail-serviceName":"Gmail","facebook-serviceName":"Amis Facebook","selectAll":"Tout sélectionner","deselectAll":"Tout désélectionner","viewAll":"Afficher tous les amis Facebook","viewRecommend":"N’afficher que les propositions","linkProposal":{"_index":["plural","numFriends"],"_":{"zero":"Aucun ami correspondant. Affichage de la liste complète","one":"Choix restreint à une unique proposition","two":"Sélectionnez l’un des amis proposés","few":"Sélectionnez l’un des amis proposés","many":"Sélectionnez l’un des amis proposés","other":"Sélectionnez l’un des amis proposés"}},"fbFriendsFound":{"_index":["plural","numFriends"],"_":{"zero":"Tous vos amis ont été importés","one":"Un ami à importer","two":"{{numFriends}} amis à importer","few":"{{numFriends}} amis à importer","many":"{{numFriends}} amis à importer","other":"{{numFriends}} amis à importer"}},"facebook":"Facebook","search-contact":{"placeholder":"Rechercher"},"noResults":"Aucun contact trouvé","done-search":"Terminé","progressFB3ImportTitle":"Importation des amis dans Contacts","progressFB":"{{current}}/{{total}}","progressFB3UpdateTitle":"Mise à jour des amis dans Contacts","message2":"Cela peut prendre quelques minutes","messageLinking":"Veuillez patienter, nous ajoutons vos amis à vos contacts.","messageCanceling":"Veuillez patienter, nous annulons l’opération en cours.","error1":"Erreur lors {{from}}","error2":"Voulez-vous réessayer ?","errorProposal":"du calcul des propositions","errorFriends":"de la récupération des amis","errorLinking":"de l’ajout des contacts","timeout1":"Temps d’attente dépassé pour {{from}}","timeout2":"Voulez-vous réessayer ?","timeoutProposal":"le calcul des propositions","timeoutFriends":"la récupération des amis","timeoutLinking":"l’ajout des contacts","wait1":"Veuillez patienter","wait2":"Cela peut prendre quelques minutes","waitProposal":"Veuillez patienter, nous calculons une proposition.","waitFriends":"Veuillez patienter, nous nous connectons pour obtenir votre liste d’amis.","curtainCancel":"Annuler","curtainRetry":"Réessayer","curtainOK":"OK","connectionLost":"Aucune connexion Internet","connectionLostMsg":"Les photos des amis ne seront pas ajoutées à vos contacts. Continuer quand même ?","yesOption":"OK","noOption":"Annuler","friendsUpdated":{"_index":["plural","numFriends"],"_":{"zero":"Aucun ami mis à jour","one":"Un ami mis à jour","two":"{{numFriends}} amis mis à jour","few":"{{numFriends}} amis mis à jour","many":"{{numFriends}} amis mis à jour","other":"{{numFriends}} amis mis à jour"}},"friendsMerged":{"_index":["plural","numDups"],"_":{"zero":"No duplicated friends merged","one":"One duplicated friend merged","two":"{{numDups}} friends merged","few":"{{numDups}} friends merged","many":"{{numDups}} friends merged","other":"{{numDups}} friends merged"}},"notificationLogin":"Votre session Facebook n’est pas valide. Veuillez vous connecter.","syncError":"Erreur de synchro. des données des amis","addNewNumber":"Add new number","addToExistingContact":"Ajouter à un contact existant","all":"Tous","asterisk":{"ariaLabel":"Asterisk"},"callLog":"Journal d’appels","callLogEdit":{"title":"Edit call log"},"callLogEditDialog":{"ariaLabel":"Edit call log dialog"},"connecting":"Appel","cancel":"Annuler","cf-async":"Asynchrone : {{ async }}\\n","cf-data":"Données : {{ data }}\\n","cf-error":"Une erreur s’est produite lors de la récupération de l’état du transfert d’appel.","cf-fax":"FAX : {{ fax }}\\n","cf-inactive":"Inactif","cf-packet":"Paquets : {{ packet }}\\n","cf-pad":"PAD : {{ pad }}\\n","cf-sms":"SMS : {{ sms }}\\n","cf-status":"État du renvoi d’appels\\n","cf-sync":"Synchrone : {{ sync }}\\n","cf-voice":"Voix : {{ voice }}\\n","confirm-deletion":"Effacer les appels sélectionnés ?","contacts":"Contacts","createNewContact":"Créer un nouveau contact","delete":"Delete","dialerAddContact":{"ariaLabel":"Add contact"},"dialerAddContactDialog":{"ariaLabel":"Add Contact Dialog"},"edit-selected":{"_index":["plural","n"],"_":{"one":"{{ n }} sélectionné","two":"{{ n }} sélectionnés","few":"{{ n }} sélectionnés","many":"{{ n }} sélectionnés","other":"{{ n }} sélectionnés"}},"edit":"Modifier","hashSign":{"ariaLabel":"Hash sign"},"hideKeypad":{"ariaLabel":"Hide keypad"},"ignore":"Ignorer l’appel","incoming":"Entrant","keypad":{"ariaLabel":"Keypad"},"keypadDelete":{"ariaLabel":"Delete"},"makeCall":{"ariaLabel":"Make call"},"merge":"Fusionner","missed":"Manqués","missedCall":"Appel manqué","missedCallMultiSims":"(SIM {{ n }}) Appel manqué","mmi-error":"Une erreur s’est produite lors de l’envoi du message","mmi-session-expired":"Session expirée","mmi-successfully-sent":"Message envoyé avec succès","mmi-notification-title-with-sim":"({{sim}}) {{title}}","mute":{"ariaLabel":"Mute"},"newCall":{"ariaLabel":"New call"},"no-logs-msg-1":"Aucun appel enregistré","no-logs-msg-2":"Vous pouvez dès à présent passer un appel","no-logs-msg-3":"Aucun appel manqué","phoneNumberInput":{"ariaLabel":"Phone number"},"recents":{"ariaLabel":"Recent calls"},"reply":"Répondre","send":"Envoyer","switch-calls":"Basculer sur un autre appel","today":"Aujourd’hui,","voiceMailKey":{"ariaLabel":"Voicemail"},"withheld-number":"Numéro masqué","from-contact":"De {{ contact }}","from-number":"Du {{ number }}","from-withheld-number":"D’un numéro masqué","yesterday":"Hier,","sending":"Envoi en cours…","speakerOption":{"ariaLabel":"Speaker"},"ussd-services":"Services {{ operator }}","toggleKeypad":{"ariaLabel":"Toggle keypad"},"type-your-response":{"placeholder":"Saisissez votre réponse…"},"clear-all-text":"Effacer tout le texte","hide":"Masquer","call":"Appeler","hold":{"ariaLabel":"En attente"},"resume":"Reprendre","sendSms":"Envoyer un message","callEnded":"Appel terminé","via-sim":"avec la SIM {{ n }}","sim-number":"SIM {{ n }}","hangup-a11y-button":{"aria-label":"Raccrocher"},"pickup-a11y-button":{"aria-label":"Répondre"},"unlock-a11y-button":{"aria-label":"Bouton à faire glisser"},"settings":"Paramètres","delete-n-log?":{"_index":["plural","n"],"_":{"zero":"Aucune entrée sélectionnée","one":"Supprimer l’entrée sélectionnée ?","two":"Supprimer {{ n }} entrées ?","few":"Supprimer {{ n }} entrées ?","many":"Supprimer {{ n }} entrées ?","other":"Supprimer {{ n }} entrées ?"}},"callDurationMinutes":"{{ m }}:{{ s }}","callDurationHours":"{{ h }}:{{ m }}:{{ s}}","suggestionMatches":{"_index":["plural","n"],"_":{"one":"{{ n }} correspondance pour « {{ matchNumber }} »","two":"{{ n }} correspondances pour « {{ matchNumber }} »","few":"{{ n }} correspondances pour « {{ matchNumber }} »","many":"{{ n }} correspondances pour « {{ matchNumber }} »","other":"{{ n }} correspondances pour « {{ matchNumber }} »"}},"scCallBarring":"Restrictions d’appels","scCallForwarding":"Transfert d’appel","scClip":"Présentation du numéro entrant","scClir":"Présentation du numéro sortant","scPwd":"Modifier mot de passe","scCallWaiting":"Double appel","scPin":"Modifier PIN","scPin2":"Modifier PIN2","scPuk":"Débloquer PIN","scPuk2":"Débloquer PIN2","scImei":"IMEI","scUssd":"USSD","serviceClassVoice":"Voix","serviceClassData":"Données","serviceClassFax":"FAX","serviceClassSms":"SMS","serviceClassDataSync":"Synchrone","serviceClassDataAsync":"Asynchrone","serviceClassPacket":"Paquets","serviceClassPad":"PAD","smServiceEnabled":"Le service était activé","smServiceDisabled":"Le service a été désactivé","smServiceRegistered":"Échec de l’enregistrement","smServiceErased":"L’effacement a réussi","smServiceInterrogated":"La requête a réussi","smServiceNotProvisioned":"Service non provisionné","smClirPermanent":"Vous ne pouvez pas modifier le paramètre de présentation du numéro","smClirDefaultOnNextCallOn":"Présentation du numéro désactivée par défaut. Prochain appel : masqué","smClirDefaultOnNextCallOff":"Présentation du numéro désactivée par défaut. Prochain appel : affiché","smClirDefaultOffNextCallOn":"Présentation du numéro activée par défaut. Prochain appel : masqué","smClirDefaultOffNextCallOff":"Présentation du numéro activée par défaut. Prochain appel : affiché","smServiceEnabledFor":"Le service était activé pour :","smPinChanged":"Changement PIN réussi","smPinUnblocked":"Déblocage PIN réussi","smPin2Changed":"Changement PIN2 réussi","smPin2Unblocked":"Déblocage PIN2 réussi","emMmiError":"Problème de connexion ou code MMI non valide","emMmiErrorPasswordIncorrect":"Mot de passe incorrect","emMmiErrorNotSupported":"Code MMI non valide ou non pris en charge","emMmiErrorInvalidAction":"Action non valide","emMmiErrorInvalidScCode":"Code de service non valide","emMmiErrorBadPuk":"Le PUK saisi n’est pas correct","emMmiErrorBadPin":"L’ancien PIN saisi n’est pas correct.","emMmiErrorNeedPuk2":"Saisissez le PUK2 pour déverrouiller la carte SIM","emMmiErrorMismatchPin":"Les PIN saisis ne correspondent pas","emMmiErrorInvalidPin":"Saisissez un PIN de 4 à 8 chiffres","emMmiErrorNeedsPuk":"Votre carte SIM est verrouillée par code PUK","emMmiErrorEnablePin":"Échec. Activer SIM/RUIM LOCK","emMmiErrorMmiFdn":"Opération restreinte à la liste de numéros autorisés (FDN)","emMmiErrorStkCcUssdDial":"Requête USSD modifiée en requête DIAL","emMmiErrorStkCcUssdSs":"Requête USSD modifiée en requête SS","emMmiErrorStkCcUssdUssd":"Requête USSD modifiée en nouvelle requête USSD","emMmiErrorStkCcSsDial":"Requête SS modifiée en requête DIAL","emMmiErrorStkCcSsUssd":"Requête SS modifiée en requête USSD","emMmiErrorStkCcSsSs":"Requête SS modifiée en nouvelle requête SS","emMmiErrorPinPukAttempts":{"_index":["plural","n"],"_":{"one":"Dernier essai","two":"{{ n }} essais restants","few":"{{ n }} essais restants","many":"{{ n }} essais restants","other":"{{ n }} essais restants"}},"emMmiErrorSimBlocked":"Nombre maximal d’essais dépassé. SIM bloquée","RadioNotAvailable":"Radio indisponible","GenericFailure":"Échec générique","PasswordIncorrect":"Mot de passe incorrect","SimPin2":"PIN2 carte SIM","SimPuk2":"PUK2 carte SIM","RequestNotSupported":"Requête non prise en charge","OpNotAllowedDuringVoiceCall":"Opération non permise durant un appel","SmsSendFailRetry":"Échec de l’envoi du SMS, réessayer","SimAbsent":"SIM absente","SubscriptionNotAvailable":"Abonnement non disponible","ModeNotSupported":"Mode non pris en charge","FdnCheckFailure":"Échec de la vérification de la liste de numéros autorisés (FDN)","IllegalSimOrMe":"SIM ou ME illégal","DialModifiedToUssd":"Dial modifiée en USSD","DialModifiedToSs":"Dial modifiée en SS","DialModifiedToDial":"Dial modifiée en dial","UssdModifiedToDial":"USSD modifiée en dial","UssdModifiedToSs":"USSD modifiée en SS","UssdModifiedToUssd":"USSD modifiée en USSD","SsModifiedToDial":"SS modifiée en dial","SsModifiedToUssd":"SS modifiée en USSD","SsModifiedToSs":"SS modifiée en SS","SubscriptionNotSupported":"Abonnement non pris en charge","InvalidParameter":"Paramètre non valide","RejectedByRemote":"Rejeté par l’équipement distant","conference":{"_index":["plural","n"],"_":{"one":"Conference ({{ n }})","two":"Conference ({{ n }})","few":"Conference ({{ n }})","many":"Conference ({{ n }})","other":"Conference ({{ n }})"}},"caller-left-call":"{{ caller }} a quitté l’appel.","conferenceAddError":"Impossible de regrouper les appels","conferenceRemoveError":"Impossible de séparer les appels","longDateFormat":"%A %e %Eb","select-audio-sources":"Choisir les sources audio","bluetooth-handsfree-device":"Kit mains libres Bluetooth","receiver":"Écouteur","speaker":"Haut-parleur","callAirplaneModeMessage":"Afin de passer un appel vous devez désactiver le mode avion dans les paramètres.","callAirplaneModeBtnOk":"OK","callAirplaneModeTitle":"Mode avion activé","numberIsBusyTitle":"Numéro occupé","numberIsBusyMessage":"Le numéro est actuellement occupé. Veuillez réessayer plus tard.","fdnIsActiveTitle":"FDN active","fdnIsActiveMessage":"FDN (Fixed Dialing Numbers) is activated and the following number is not in your FDN list: {{ number }}","voiceMail":"Messagerie vocale","emergencyNumber":"Numéro d’urgence","emergencyDialogBodyBadNumber":"Afin d’appeler, vous devez d’abord avoir une couverture réseau.","emergencyDialogBodyDeviceNotAccepted":"Appels d’urgence non autorisés par le réseau.","emergencyDialogBtnOk":"OK","emergencyDialogTitle":"Pas de réseau","invalidNumberToDialTitle":"Numéro de téléphone non valide","invalidNumberToDialMessage":"Le numéro de téléphone que vous essayez de joindre n’est pas valide.","unableToCallTitle":"Impossible de passer un appel maintenant","unableToCallMessage":"Impossible de passer un appel. Si vous êtes déjà en communication, veuillez d’abord raccrocher.","otherConnectionInUseTitle":"Autre ligne active","otherConnectionInUseMessage":"Un appel est déjà en cours sur une autre ligne. Vous ne pouvez utiliser qu’une ligne à la fois.","add":"Ajouter","done":"Fini","ok":"OK","retry":"Réessayer","addContact":"Ajouter un contact","deleteContact":"Supprimer le contact","selectContact":"Choisir un contact","editContact":"Modifier contact","deleteConfirmMsg":"Supprimer le contact ?","remove":"Supprimer","comments":"Commentaires","no_contact_phones":"Ce contact ne possède pas de numéro de téléphone","no_contact_email":"Ce contact ne possède pas d’adresse électronique","removePhotoConfirm":"Supprimer la photo du contact ?","loadingContacts":"Chargement des contacts…","noContactsActivity":"Ajout contact impossible car votre liste de contacts est vide","noName":"Pas de nom","givenName":{"placeholder":"Prénom"},"familyName":{"placeholder":"Nom"},"tel":{"placeholder":"Téléphone"},"carrier":{"_":"Opérateur","placeholder":"Opérateur"},"separator":",","email":{"_":"Courriel","placeholder":"Courriel"},"streetAddress":{"placeholder":"Rue"},"postalCode":{"placeholder":"Code postal"},"locality":{"placeholder":"Ville"},"countryName":{"placeholder":"Pays"},"comment":{"placeholder":"Commentaire"},"org":{"placeholder":"Entreprise"},"custom":"Personnalisée","date":{"_":"Date","placeholder":"Date"},"date-span-placeholder":"Date","birthday":"Anniversaire","dateFormat":"%e %Eb","dateOutput":"{{dayMonthFormatted}} {{year}}","anniversary":"Date anniversaire","addPhoto":"Ajouter photo","addPhone":"Ajouter un numéro","addEmail":"Ajouter un courriel","addAddress":"Ajouter une adresse","addDate":"Ajouter une date","addComment":"Ajouter un commentaire","addFavorite":"Ajouter aux favoris","removeFavorite":"Retirer des favoris","label":"Étiquette","mobile":"Mobile","home":"Domicile","work":"Bureau","personal":"Personnel","faxHome":"Fax domicile","faxOffice":"Fax bureau","faxOther":"Autre fax","another":"Autre","other":"Autre","customTag":{"placeholder":"Custom tag"},"current":"Actuelle","itemWithLabel":"{{label}}, {{item}}","exit":"Quitter","expand":"Dérouler","labelName":"Nom :","labelLastName":"Prénom :","labelPhoneNumber":"Numéro de tél. :","labelCarrier":"Opérateur :","labelEmail":"Courriel :","labelStreet":"Rue :","labelZip":"Code postal :","labelCity":"Ville :","labelCountry":"Pays :","labelComment":"Commentaire :","legendTitleMain":"Information principale","legendPhones":"Numéros de tél.","legendEmail":"Adresse courriel","legendAddress":"Adresse","transferContactsTitle":"Transférer des contacts","importContactsTitle":"Importer des contacts","importContactsButton":"Importer des contacts","exportContactsTitle":"Exporter des contacts","exportContactsButton":"Exporter des contacts","exportContactsAction":"Exporter","simExport-title":"Exportation vers la SIM","sdExport-title":"Exportation vers la carte SD","btExport-title":"Exportation par Bluetooth","sdUMSEnabled":"Impossible d’utiliser la carte SD car le stockage USB est activé","exportErrorTitle":"Erreur d’exportation","contactsExported2":{"_index":["plural","exported"],"_":{"zero":"Aucun contact exporté","one":"Un contact exporté (sur {{total}})","two":"{{exported}}/{{total}} contacts exportés","few":"{{exported}}/{{total}} contacts exportés","many":"{{exported}}/{{total}} contacts exportés","other":"{{exported}}/{{total}} contacts exportés"}},"exportError-general":"Une erreur s’est produite lors de l’exportation","exportError-SD-shared":"Impossible d’accéder à la carte mémoire tant que le partage est activé","exportError-SD-unavailable":"Carte mémoire indisponible","exportError-SD-noSpace":"L’espace disponible sur la carte mémoire est insuffisant pour exporter les contacts","exportError-SIM-unavailable":"Carte SIM indisponible","exportError-BT-shared":"Impossible d’accéder à la carte mémoire tant que le partage est activé","exportError-BT-unavailable":"Carte mémoire indisponible","exportError-BT-noSpace":"L’espace disponible sur la carte mémoire est insuffisant pour exporter les contacts","social-network":"Réseaux sociaux","social-link":"Ajouter le contact","social-unlink":"Retirer le contact","social-unlink-confirm-title":"Voulez-vous retirer cet ami ?","social-unlink-confirm-accept":"Retirer","facebook-import":"Importer des amis Facebook","show-fb-profile":"Voir le profil Facebook","msg-send":"Message","wall-post":"Statut","facebook-export-forbidden":"The contact cannot be shared due to Facebook constraint.","otherAccount":"Autres comptes","facebookSwitchMsg":"Synchroniser amis","select_mobile":"Choisir le mobile","select_email":"Choisir le courriel","contactsOrderBy":"Trier par nom de famille","importSim2":"Carte SIM","importGmail":"Gmail","bluetooth":"Bluetooth","importOutlook":"Outlook","fbUpdateFriends":"Mettre à jour les amis importés","cleaningFbData":"Suppression des données Facebook","loggingOutFb":"Déconnexion de Facebook","cleanFbConfirmMsg":"Supprimer toutes les données Facebook ?","renewPwdMsg":"Votre mot de passe a été modifié sur Facebook. Veuillez le mettre à jour.","notEnabledYet":"Pas encore activé","genericNoConnection":"Pour importer des contacts, connectez-vous à un réseau Wi-Fi ou à un réseau de données mobiles","simCard":"Carte SIM","memoryCard":"Carte mémoire","simNumber":"SIM {{number}} ","create-new":"Créer un nouveau contact","import-now":"Importer vos contacts depuis la carte SIM ou Facebook","no-contacts":"Aucun contact","start-adding":"Vous pouvez dès à présent commencer à en ajouter","notImported":"Jamais importé","imported":"Importé le","organise-contacts":"Organiser les contacts","find-merge-contacts":"Rechercher des doublons","preparing-contacts":"Préparation des contacts","exportError-SIM-NoFreeRecordFound":"La carte SIM est pleine","exportError-SIM-CannotAccessPhoneBook":"Impossible d’accéder au carnet d’adresses de la carte SIM","exportError-SIM-Unavailable":"Aucune SIM détectée","exportError-SIM-GenericError":"Une erreur s’est produite lors de l’exportation d’un contact.","noSimMsgExport":"Pour exporter des contacts, insérez ou débloquez votre carte SIM","noMemoryCardMsgExport":"Pour exporter des contacts, insérez une carte mémoire","ContactManagementTitle":"Gestion des contacts","DeleteTitle":"Supprimer","bulkDeleteButton":"Supprimer des contacts","BulkDelCancel":"Suppression des contacts annulée","DeletedTxt":{"_index":["plural","n"],"_":{"zero":"Aucun contact à supprimer","one":"1 contact supprimé","two":"{{n}} contacts supprimés","few":"{{n}} contacts supprimés","many":"{{n}} contacts supprimés","other":"{{n}} contacts supprimés"}},"DeletingContacts":"Suppression des contacts","ContactConfirmDel":{"_index":["plural","n"],"_":{"zero":"Aucun contact à supprimer","one":"Supprimer 1 contact ? Cette action est irréversible.","two":"Supprimer {{n}} contacts ? Cette action est irréversible.","few":"Supprimer {{n}} contacts ? Cette action est irréversible.","many":"Supprimer {{n}} contacts ? Cette action est irréversible.","other":"Supprimer {{n}} contacts ? Cette action est irréversible."}},"SelectedTxt":{"_index":["plural","n"],"_":{"zero":"Contacts","one":"{{n}} sélectionné","two":"{{n}} sélectionnés","few":"{{n}} sélectionnés","many":"{{n}} sélectionnés","other":"{{n}} sélectionnés"}},"video":"Video","audio":"Audio","weekday-0-long":"Dimanche","weekday-1-long":"Lundi","weekday-2-long":"Mardi","weekday-3-long":"Mercredi","weekday-4-long":"Jeudi","weekday-5-long":"Vendredi","weekday-6-long":"Samedi","weekday-0-short":"dim","weekday-1-short":"lun","weekday-2-short":"mar","weekday-3-short":"mer","weekday-4-short":"jeu","weekday-5-short":"ven","weekday-6-short":"sam","month-0-long":"Janvier","month-1-long":"Février","month-2-long":"Mars","month-3-long":"Avril","month-4-long":"Mai","month-5-long":"Juin","month-6-long":"Juillet","month-7-long":"Août","month-8-long":"Septembre","month-9-long":"Octobre","month-10-long":"Novembre","month-11-long":"Décembre","month-0-genitive":"janvier","month-1-genitive":"février","month-2-genitive":"mars","month-3-genitive":"avril","month-4-genitive":"mai","month-5-genitive":"juin","month-6-genitive":"juillet","month-7-genitive":"août","month-8-genitive":"septembre","month-9-genitive":"octobre","month-10-genitive":"novembre","month-11-genitive":"décembre","month-0-short":"jan.","month-1-short":"fév.","month-2-short":"mars","month-3-short":"avr.","month-4-short":"mai","month-5-short":"juin","month-6-short":"juil.","month-7-short":"août","month-8-short":"sep.","month-9-short":"oct.","month-10-short":"nov.","month-11-short":"déc.","minutes-ago-long":{"_index":["plural","value"],"_":{"zero":"à l’instant","one":"il y a {{value}} minute","two":"il y a {{value}} minutes","few":"il y a {{value}} minutes","many":"il y a {{value}} minutes","other":"il y a {{value}} minutes"}},"hours-ago-long":{"_index":["plural","value"],"_":{"zero":"à l’instant","one":"il y a {{value}} heure","two":"il y a {{value}} heures","few":"il y a {{value}} heures","many":"il y a {{value}} heures","other":"il y a {{value}} heures"}},"days-ago-long":{"_index":["plural","value"],"_":{"zero":"aujourd’hui","one":"hier","two":"il y a {{value}} jours","few":"il y a {{value}} jours","many":"il y a {{value}} jours","other":"il y a {{value}} jours"}},"weeks-ago-long":{"_index":["plural","value"],"_":{"zero":"cette semaine","one":"la semaine dernière","two":"il y a {{value}} semaines","few":"il y a {{value}} semaines","many":"il y a {{value}} semaines","other":"il y a {{value}} semaines"}},"months-ago-long":{"_index":["plural","value"],"_":{"zero":"ce mois-ci","one":"le mois dernier","two":"il y a {{value}} mois","few":"il y a {{value}} mois","many":"il y a {{value}} mois","other":"il y a {{value}} mois"}},"years-ago-long":{"_index":["plural","value"],"_":{"zero":"cette année","one":"l’année dernière","two":"il y a {{value}} ans","few":"il y a {{value}} ans","many":"il y a {{value}} ans","other":"il y a {{value}} ans"}},"minutes-until-long":{"_index":["plural","value"],"_":{"zero":"maintenant","one":"dans {{value}} minute","two":"dans {{value}} minutes","few":"dans {{value}} minutes","many":"dans {{value}} minutes","other":"dans {{value}} minutes"}},"hours-until-long":{"_index":["plural","value"],"_":{"zero":"maintenant","one":"dans {{value}} heure","two":"dans {{value}} heures","few":"dans {{value}} heures","many":"dans {{value}} heures","other":"dans {{value}} heures"}},"days-until-long":{"_index":["plural","value"],"_":{"zero":"aujourd’hui","one":"demain","two":"dans {{value}} jours","few":"dans {{value}} jours","many":"dans {{value}} jours","other":"dans {{value}} jours"}},"weeks-until-long":{"_index":["plural","value"],"_":{"zero":"cette semaine","one":"la semaine prochaine","two":"dans {{value}} semaines","few":"dans {{value}} semaines","many":"dans {{value}} semaines","other":"dans {{value}} semaines"}},"months-until-long":{"_index":["plural","value"],"_":{"zero":"ce mois-ci","one":"le mois prochain","two":"dans {{value}} mois","few":"dans {{value}} mois","many":"dans {{value}} mois","other":"dans {{value}} mois"}},"years-until-long":{"_index":["plural","value"],"_":{"zero":"cette année","one":"l’année prochaine","two":"dans {{value}} ans","few":"dans {{value}} ans","many":"dans {{value}} ans","other":"dans {{value}} ans"}},"minutes-ago-short":{"_index":["plural","value"],"_":{"zero":"à l’instant","other":"il y a {{value}} min"}},"hours-ago-short":{"_index":["plural","value"],"_":{"zero":"à l’instant","other":"il y a {{value}}h"}},"days-ago-short":{"_index":["plural","value"],"_":{"zero":"aujourd’hui","other":"il y a {{value}}j"}},"minutes-until-short":{"_index":["plural","value"],"_":{"zero":"maintenant","other":"dans {{value}}m"}},"hours-until-short":{"_index":["plural","value"],"_":{"zero":"maintenant","other":"dans {{value}}h"}},"days-until-short":{"_index":["plural","value"],"_":{"zero":"aujourd’hui","other":"dans {{value}}j"}},"incorrectDate":"(date incorrecte)","dateTimeFormat_%c":"%a %e %b %Y %H:%M:%S","dateTimeFormat_%x":"%d/%m/%Y","dateTimeFormat_%X":"%H:%M:%S","shortTimeFormat":"%H:%M","shortDateTimeFormat":"%x %H:%M","weekStartsOnMonday":"1","time_am":"AM","time_pm":"PM","sim-picker-dial-via-with-number":"Composer le {{ phoneNumber }} avec","sim-picker-select-sim":"Choisir une SIM","sim-picker-button":"SIM {{ n }}","sim-picker-button-default":"(par défaut)","voicemailNoNumberTitle":"Le numéro de la messagerie vocale est indisponible","voicemailNoNumberText":"Impossible d’appeler la messagerie vocale. Veuillez renseigner le numéro de la messagerie afin de passer l’appel.","voicemailNoNumberSettings":"Paramètres","voicemailNoNumberCancel":"Annuler","waitDuplicateContacts":"Recherche de contacts doublons","waitMergingDuplicateContacts":"Fusion des contacts doublons","alertNoDuplicateContacts":"Aucun contact doublon trouvé","mergeDuplicateTitle":"Fusionner les doublons","suggestedDuplicateContacts":"Doublons suggérés pour {{name}}","mergeActionButtonLabel":{"_index":["plural","n"],"_":{"zero":"Aucun contact sélectionné","one":"Fusionner avec {{n}} contact","other":"Fusionner avec {{n}} contacts"}},"duplicatesFoundTitle":"Doublons trouvés","duplicatesFoundMessage":"{{name}} présente des informations redondantes avec les contacts suivants","back":"Retour","noSimMsg":"Pour importer des contacts, insérez ou déverouillez votre carte SIM","noMemoryCardMsg":"Pour importer des contacts, insérez une carte mémoire","importMemoryCard":"Carte mémoire","noConnection11":"Pour importer des contacts ou des amis Facebook, connectez-vous à un réseau Wi-Fi ou à un réseau de données mobiles","simContacts-import":"Importer les contacts de la SIM","simContacts-importing":"Importation des contacts de la SIM…","simContacts-reading":"Lecture de la SIM…","simContacts-error":"Impossible d’importer les contacts de la SIM","simContacts-imported3":{"_index":["plural","n"],"_":{"zero":"Aucun contact à importer n’a été détecté sur la SIM","one":"Un contact importé","two":"{{n}} contacts importés","few":"{{n}} contacts importés","many":"{{n}} contacts importés","other":"{{n}} contacts importés"}},"memoryCardContacts-import":"Importer des contacts depuis la carte mémoire","memoryCardContacts-importing":"Importation des contacts de la carte mémoire…","memoryCardContacts-reading":"Lecture de la carte mémoire…","memoryCardContacts-error":"Impossible d’importer les contacts de la carte mémoire","memoryCardContacts-imported3":{"_index":["plural","n"],"_":{"zero":"Aucun contact à importer n’a été détecté sur la carte mémoire","one":"Un contact importé","two":"{{n}} contacts importés","few":"{{n}} contacts importés","many":"{{n}} contacts importés","other":"{{n}} contacts importés"}},"genericProgress":"{{current}}/{{total}}","facebook-import-msg":{"_index":["plural","imported"],"_":{"zero":"Aucun ami importé (sur {{total}})","one":"Un ami importé (sur {{total}})","two":"{{imported}}/{{total}} amis importés","few":"{{imported}}/{{total}} amis importés","many":"{{imported}}/{{total}} amis importés","other":"{{imported}}/{{total}} amis importés"}},"contactsMerged":{"_index":["plural","numDups"],"_":{"zero":"No duplicated contacts merged","one":"One duplicated contact merged","two":"{{numDups}} contacts merged","few":"{{numDups}} contacts merged","many":"{{numDups}} contacts merged","other":"{{numDups}} contacts merged"}}}