{"close":"Ƈŀǿǿşḗḗ","import":"Īīḿƥǿǿřŧ","update":"Ŭŭƥḓȧȧŧḗḗ","fbFriends":"Ƒȧȧƈḗḗƀǿǿǿǿķ Ƒřīīḗḗƞḓş","live-serviceName":"Ǿǿŭŭŧŀǿǿǿǿķ","gmail-serviceName":"Ɠḿȧȧīīŀ","facebook-serviceName":"Ƒȧȧƈḗḗƀǿǿǿǿķ Ƒřīīḗḗƞḓş","selectAll":"Şḗḗŀḗḗƈŧ ȧȧŀŀ","deselectAll":"Ḓḗḗşḗḗŀḗḗƈŧ ȧȧŀŀ","viewAll":"Ṽīīḗḗẇ Ȧȧŀŀ Ƒȧȧƈḗḗƀǿǿǿǿķ Ƒřīīḗḗƞḓş","viewRecommend":"Ṽīīḗḗẇ Ǿǿƞŀẏ Řḗḗƈǿǿḿḿḗḗƞḓḗḗḓ","linkProposal":{"_":{"zero":"Ƞǿǿ ḿȧȧŧƈħīīƞɠ ƒřīīḗḗƞḓş. Şħǿǿẇīīƞɠ ȧȧŀŀ","one":"Şḗḗŀḗḗƈŧ ŧħḗḗ řḗḗƈǿǿḿḿḗḗƞḓḗḗḓ ǿǿƞḗḗ","two":"Şḗḗŀḗḗƈŧ ȧȧ řḗḗƈǿǿḿḿḗḗƞḓḗḗḓ ǿǿƞḗḗ","few":"Şḗḗŀḗḗƈŧ ȧȧ řḗḗƈǿǿḿḿḗḗƞḓḗḗḓ ǿǿƞḗḗ","many":"Şḗḗŀḗḗƈŧ ȧȧ řḗḗƈǿǿḿḿḗḗƞḓḗḗḓ ǿǿƞḗḗ","other":"Şḗḗŀḗḗƈŧ ȧȧ řḗḗƈǿǿḿḿḗḗƞḓḗḗḓ ǿǿƞḗḗ"}},"fbFriendsFound":{"_":{"zero":"Ȧȧŀŀ ẏǿǿŭŭř ƒřīīḗḗƞḓş ȧȧřḗḗ īīḿƥǿǿřŧḗḗḓ","one":"Ƒǿǿŭŭƞḓ ǿǿƞḗḗ ƒřīīḗḗƞḓ ŧǿǿ īīḿƥǿǿřŧ","two":"Ƒǿǿŭŭƞḓ {{numFriends}} ƒřīīḗḗƞḓş ŧǿǿ īīḿƥǿǿřŧ","few":"Ƒǿǿŭŭƞḓ {{numFriends}} ƒřīīḗḗƞḓş ŧǿǿ īīḿƥǿǿřŧ","many":"Ƒǿǿŭŭƞḓ {{numFriends}} ƒřīīḗḗƞḓş ŧǿǿ īīḿƥǿǿřŧ","other":"Ƒǿǿŭŭƞḓ {{numFriends}} ƒřīīḗḗƞḓş ŧǿǿ īīḿƥǿǿřŧ"}},"facebook":"Ƒȧȧƈḗḗƀǿǿǿǿķ","search-contact":{"placeholder":"Şḗḗȧȧřƈħ"},"noResults":"Ƞǿǿ ƈǿǿƞŧȧȧƈŧş ƒǿǿŭŭƞḓ","done-search":"Ḓǿǿƞḗḗ","progressFB3ImportTitle":"Īīḿƥǿǿřŧīīƞɠ ƒřīīḗḗƞḓş ŧǿǿ Ƈǿǿƞŧȧȧƈŧş","progressFB":"{{current}}/{{total}}","progressFB3UpdateTitle":"Ŭŭƥḓȧȧŧīīƞɠ ƒřīīḗḗƞḓş īīƞ Ƈǿǿƞŧȧȧƈŧş","message2":"Ŧħīīş ḿȧȧẏ ŧȧȧķḗḗ ȧȧ ƈǿǿŭŭƥŀḗḗ ǿǿƒ ḿīīƞŭŭŧḗḗş","messageLinking":"Ƥŀḗḗȧȧşḗḗ ħǿǿŀḓ ǿǿƞ. Ẇḗḗ ȧȧřḗḗ ŀīīƞķīīƞɠ ẏǿǿŭŭř ƒřīīḗḗƞḓ ȧȧƞḓ ẏǿǿŭŭř ƈǿǿƞŧȧȧƈŧ.","messageCanceling":"Ƥŀḗḗȧȧşḗḗ ħǿǿŀḓ ǿǿƞ. Ẇḗḗ ȧȧřḗḗ ƈȧȧƞƈḗḗŀīīƞɠ ŧħḗḗ ǿǿƞɠǿǿīīƞɠ ǿǿƥḗḗřȧȧŧīīǿǿƞ.","error1":"Ḗḗřřǿǿř {{from}}","error2":"Ḓǿǿ ẏǿǿŭŭ ẇȧȧƞŧ ŧǿǿ řḗḗŧřẏ?","errorProposal":"ƈȧȧŀƈŭŭŀȧȧŧīīƞɠ ƥřǿǿƥǿǿşȧȧŀş","errorFriends":"řḗḗŧřīīḗḗṽīīƞɠ ƒřīīḗḗƞḓş","errorLinking":"ŀīīƞķīīƞɠ ƈǿǿƞŧȧȧƈŧ","timeout1":"Ḗḗẋƈḗḗḗḗḓḗḗḓ ŧīīḿḗḗǿǿŭŭŧ {{from}}","timeout2":"Ḓǿǿ ẏǿǿŭŭ ẇȧȧƞŧ ŧǿǿ řḗḗŧřẏ?","timeoutProposal":"ƈȧȧŀƈŭŭŀȧȧŧīīƞɠ ƥřǿǿƥǿǿşȧȧŀş","timeoutFriends":"řḗḗŧřīīḗḗṽīīƞɠ ƒřīīḗḗƞḓş","timeoutLinking":"ŀīīƞķīīƞɠ ƈǿǿƞŧȧȧƈŧş","wait1":"Ƥŀḗḗȧȧşḗḗ ħǿǿŀḓ ǿǿƞ","wait2":"Ŧħīīş ḿȧȧẏ ŧȧȧķḗḗ ȧȧ ƈǿǿŭŭƥŀḗḗ ǿǿƒ ḿīīƞŭŭŧḗḗş","waitProposal":"Ƥŀḗḗȧȧşḗḗ ħǿǿŀḓ ǿǿƞ. Ẇḗḗ ȧȧřḗḗ ƈȧȧŀƈŭŭŀȧȧŧīīƞɠ ȧȧ ƥřǿǿƥǿǿşȧȧŀ.","waitFriends":"Ƥŀḗḗȧȧşḗḗ ħǿǿŀḓ ǿǿƞ. Ẇḗḗ ȧȧřḗḗ ƈǿǿƞƞḗḗƈŧīīƞɠ ŧǿǿ ǿǿƀŧȧȧīīƞ ẏǿǿŭŭř ƒřīīḗḗƞḓ ŀīīşŧ.","curtainCancel":"Ƈȧȧƞƈḗḗŀ","curtainRetry":"Řḗḗŧřẏ","curtainOK":"ǾǿĶ","connectionLost":"Ƞǿǿ Īīƞŧḗḗřƞḗḗŧ ƈǿǿƞƞḗḗƈŧīīǿǿƞ","connectionLostMsg":"Ƒřīīḗḗƞḓş’ ƥħǿǿŧǿǿş ẇīīŀŀ ƞǿǿŧ ƀḗḗ ȧȧḓḓḗḗḓ ŧǿǿ ẏǿǿŭŭř ƈǿǿƞŧȧȧƈŧş. Ƈǿǿƞŧīīƞŭŭḗḗ ȧȧƞẏẇȧȧẏ?","yesOption":"ǾǿĶ","noOption":"Ƈȧȧƞƈḗḗŀ","friendsUpdated":{"_":{"zero":"Ƞǿǿ ƒřīīḗḗƞḓş ŭŭƥḓȧȧŧḗḗḓ","one":"Ŭŭƥḓȧȧŧḗḗḓ ǿǿƞḗḗ ƒřīīḗḗƞḓ","two":"Ŭŭƥḓȧȧŧḗḗḓ {{numFriends}} ƒřīīḗḗƞḓş","few":"Ŭŭƥḓȧȧŧḗḗḓ {{numFriends}} ƒřīīḗḗƞḓş","many":"Ŭŭƥḓȧȧŧḗḗḓ {{numFriends}} ƒřīīḗḗƞḓş","other":"Ŭŭƥḓȧȧŧḗḗḓ {{numFriends}} ƒřīīḗḗƞḓş"}},"friendsMerged":{"_":{"zero":"Ƞǿǿ ḓŭŭƥŀīīƈȧȧŧḗḗḓ ƒřīīḗḗƞḓş ḿḗḗřɠḗḗḓ","one":"Ǿǿƞḗḗ ḓŭŭƥŀīīƈȧȧŧḗḗḓ ƒřīīḗḗƞḓ ḿḗḗřɠḗḗḓ","two":"{{numDups}} ƒřīīḗḗƞḓş ḿḗḗřɠḗḗḓ","few":"{{numDups}} ƒřīīḗḗƞḓş ḿḗḗřɠḗḗḓ","many":"{{numDups}} ƒřīīḗḗƞḓş ḿḗḗřɠḗḗḓ","other":"{{numDups}} ƒřīīḗḗƞḓş ḿḗḗřɠḗḗḓ"}},"notificationLogin":"Ẏǿǿŭŭř Ƒȧȧƈḗḗƀǿǿǿǿķ şḗḗşşīīǿǿƞ īīş īīƞṽȧȧŀīīḓ. Ƥŀḗḗȧȧşḗḗ şīīɠƞ īīƞ.","syncError":"Ŧħḗḗřḗḗ ẇȧȧş ȧȧƞ ḗḗřřǿǿř şẏƞƈħřǿǿƞīīẑīīƞɠ ẏǿǿŭŭř ƒřīīḗḗƞḓ’ş ḓȧȧŧȧȧ","addNewNumber":"Ȧȧḓḓ ƞḗḗẇ ƞŭŭḿƀḗḗř","addToExistingContact":"Ȧȧḓḓ ŧǿǿ ḗḗẋīīşŧīīƞɠ ƈǿǿƞŧȧȧƈŧ","all":{"_":"Ȧȧŀŀ","ariaLabel":"Ȧȧŀŀ"},"asterisk":{"ariaLabel":"Ȧȧşŧḗḗřīīşķ"},"callLog":"Ƈȧȧŀŀ ŀǿǿɠ","callLogEdit":{"title":"Ḗḗḓīīŧ ƈȧȧŀŀ ŀǿǿɠ"},"callLogEditDialog":{"ariaLabel":"Ḗḗḓīīŧ ƈȧȧŀŀ ŀǿǿɠ ḓīīȧȧŀǿǿɠ"},"connecting":"Ƈǿǿƞƞḗḗƈŧīīƞɠ","cancel":"Ƈȧȧƞƈḗḗŀ","cf-async":"Ȧȧşẏƞƈħřǿǿƞǿǿŭŭş: {{ async }}\\ƞ","cf-data":"Ḓȧȧŧȧȧ: {{ data }}\\ƞ","cf-error":"Ȧȧƞ ḗḗřřǿǿř ǿǿƈƈŭŭřřḗḗḓ ẇħīīŀḗḗ řḗḗŧřīīḗḗṽīīƞɠ ƈȧȧŀŀ ƒǿǿřẇȧȧřḓīīƞɠ şŧȧȧŧŭŭş","cf-fax":"ƑȦȧẊ: {{ fax }}\\ƞ","cf-inactive":"Īīƞȧȧƈŧīīṽḗḗ","cf-packet":"Ƥȧȧƈķḗḗŧ: {{ packet }}\\ƞ","cf-pad":"ƤȦȧḒ: {{ pad }}\\ƞ","cf-sms":"ŞḾŞ: {{ sms }}\\ƞ","cf-status":"Ƈȧȧŀŀ ƒǿǿřẇȧȧřḓīīƞɠ şŧȧȧŧŭŭş\\ƞ","cf-sync":"Şẏƞƈħřǿǿƞǿǿŭŭş: {{ sync }}\\ƞ","cf-voice":"Ṽǿǿīīƈḗḗ: {{ voice }}\\ƞ","confirm-deletion":"Ƈŀḗḗȧȧř şḗḗŀḗḗƈŧḗḗḓ ƈȧȧŀŀş?","contacts":"Ƈǿǿƞŧȧȧƈŧş","createNewContact":"Ƈřḗḗȧȧŧḗḗ ƞḗḗẇ ƈǿǿƞŧȧȧƈŧ","delete":"Ḓḗḗŀḗḗŧḗḗ","dialerAddContact":{"ariaLabel":"Ȧȧḓḓ ƈǿǿƞŧȧȧƈŧ"},"dialerAddContactDialog":{"ariaLabel":"Ȧȧḓḓ Ƈǿǿƞŧȧȧƈŧ Ḓīīȧȧŀǿǿɠ"},"edit-selected":{"_":{"one":"{{ n }} şḗḗŀḗḗƈŧḗḗḓ","two":"{{ n }} şḗḗŀḗḗƈŧḗḗḓ","few":"{{ n }} şḗḗŀḗḗƈŧḗḗḓ","many":"{{ n }} şḗḗŀḗḗƈŧḗḗḓ","other":"{{ n }} şḗḗŀḗḗƈŧḗḗḓ"}},"edit":"Ḗḗḓīīŧ","hashSign":{"ariaLabel":"Ħȧȧşħ şīīɠƞ"},"hideKeypad":{"ariaLabel":"Ħīīḓḗḗ ķḗḗẏƥȧȧḓ"},"ignore":"Īīɠƞǿǿřḗḗ Ƈȧȧŀŀ","incoming":"Īīƞƈǿǿḿīīƞɠ","keypad":{"ariaLabel":"Ķḗḗẏƥȧȧḓ"},"keypadDelete":{"ariaLabel":"Ḓḗḗŀḗḗŧḗḗ"},"makeCall":{"ariaLabel":"Ḿȧȧķḗḗ ƈȧȧŀŀ"},"merge":"Ḿḗḗřɠḗḗ","missed":{"_":"Ḿīīşşḗḗḓ","ariaLabel":"Ḿīīşşḗḗḓ"},"missedCall":"Ḿīīşşḗḗḓ ƈȧȧŀŀ","missedCallMultiSims":"(ŞĪīḾ {{ n }}) Ḿīīşşḗḗḓ ƈȧȧŀŀ","mmi-error":"Ȧȧƞ ḗḗřřǿǿř ǿǿƈƈŭŭřřḗḗḓ ẇħīīŀḗḗ şḗḗƞḓīīƞɠ ŧħḗḗ ḿḗḗşşȧȧɠḗḗ","mmi-session-expired":"Şḗḗşşīīǿǿƞ ḗḗẋƥīīřḗḗḓ","mmi-successfully-sent":"Ḿḗḗşşȧȧɠḗḗ şŭŭƈƈḗḗşşƒŭŭŀŀẏ şḗḗƞŧ","mmi-notification-title-with-sim":"({{sim}}) {{title}}","mute":{"ariaLabel":"Ḿŭŭŧḗḗ"},"newCall":{"ariaLabel":"Ƞḗḗẇ ƈȧȧŀŀ"},"no-logs-msg-1":"Ƞǿǿ ƈȧȧŀŀş řḗḗƈǿǿřḓḗḗḓ","no-logs-msg-2":"Şŧȧȧřŧ ƈǿǿḿḿŭŭƞīīƈȧȧŧīīƞɠ ƞǿǿẇ","no-logs-msg-3":"Ƞǿǿ ḿīīşşḗḗḓ ƈȧȧŀŀş","phoneNumberInput":{"ariaLabel":"Ƥħǿǿƞḗḗ ƞŭŭḿƀḗḗř"},"recents":{"ariaLabel":"Řḗḗƈḗḗƞŧ ƈȧȧŀŀş"},"reply":"Řḗḗƥŀẏ","send":"Şḗḗƞḓ","switch-calls":"Şẇīīŧƈħ ƈȧȧŀŀş","today":"Ŧǿǿḓȧȧẏ","voiceMailKey":{"ariaLabel":"Ṽǿǿīīƈḗḗḿȧȧīīŀ"},"withheld-number":"Ẇīīŧħħḗḗŀḓ ƞŭŭḿƀḗḗř","from-contact":"Ƒřǿǿḿ {{ contact }}","from-number":"Ƒřǿǿḿ {{ number }}","from-withheld-number":"Ƒřǿǿḿ ẇīīŧħħḗḗŀḓ ƞŭŭḿƀḗḗř","yesterday":"Ẏḗḗşŧḗḗřḓȧȧẏ","sending":"Şḗḗƞḓīīƞɠ…","speakerOption":{"ariaLabel":"Şƥḗḗȧȧķḗḗř"},"ussd-services":"{{ operator }} şḗḗřṽīīƈḗḗş","toggleKeypad":{"ariaLabel":"Ŧǿǿɠɠŀḗḗ ķḗḗẏƥȧȧḓ"},"type-your-response":{"placeholder":"Ŧẏƥḗḗ ẏǿǿŭŭř řḗḗşƥǿǿƞşḗḗ…"},"clear-all-text":"Ƈŀḗḗȧȧř ȧȧŀŀ ŧḗḗẋŧ","hide":"Ħīīḓḗḗ","call":"Ƈȧȧŀŀ","hold":{"ariaLabel":"Ħǿǿŀḓ"},"resume":{"_":"Řḗḗşŭŭḿḗḗ","ariaLabel":"Řḗḗşŭŭḿḗḗ"},"sendSms":"Şḗḗƞḓ Ḿḗḗşşȧȧɠḗḗ","callEnded":"Ƈȧȧŀŀ Ḗḗƞḓḗḗḓ","via-sim":"ṽīīȧȧ ŞĪīḾ{{ n }}","sim-number":"ŞĪīḾ{{ n }}","hangup-a11y-button":{"ariaLabel":"Ħȧȧƞɠ Ŭŭƥ"},"pickup-a11y-button":{"ariaLabel":"Ƥīīƈķ ŭŭƥ"},"unlock-a11y-button":{"ariaLabel":"Şŀīīḓḗḗř"},"settings":"Şḗḗŧŧīīƞɠş","delete-n-log?":{"_":{"zero":"Ƞǿǿŧħīīƞɠ şḗḗŀḗḗƈŧḗḗḓ","one":"Ḓḗḗŀḗḗŧḗḗ şḗḗŀḗḗƈŧḗḗḓ ŀǿǿɠ?","two":"Ḓḗḗŀḗḗŧḗḗ {{ n }} ŀǿǿɠş?","few":"Ḓḗḗŀḗḗŧḗḗ {{ n }} ŀǿǿɠş?","many":"Ḓḗḗŀḗḗŧḗḗ {{ n }} ŀǿǿɠş?","other":"Ḓḗḗŀḗḗŧḗḗ {{ n }} ŀǿǿɠş?"}},"callDurationMinutes":"{{ m }}:{{ s }}","callDurationHours":"{{ h }}:{{ m }}:{{ s}}","suggestionMatches":{"_":{"one":"{{ n }} ḿȧȧŧƈħ ƒǿǿř \"{{ matchNumber }}\"","two":"{{ n }} ḿȧȧŧƈħḗḗş ƒǿǿř \"{{ matchNumber }}\"","few":"{{ n }} ḿȧȧŧƈħḗḗş ƒǿǿř \"{{ matchNumber }}\"","many":"{{ n }} ḿȧȧŧƈħḗḗş ƒǿǿř \"{{ matchNumber }}\"","other":"{{ n }} ḿȧȧŧƈħḗḗş ƒǿǿř \"{{ matchNumber }}\""}},"scCallBarring":"Ƈȧȧŀŀ ƀȧȧřřīīƞɠ","scCallForwarding":"Ƈȧȧŀŀ ƒǿǿřẇȧȧřḓīīƞɠ","scClip":"Īīƞƈǿǿḿīīƞɠ Ƈȧȧŀŀḗḗř ĪīḒ","scClir":"Ǿǿŭŭŧɠǿǿīīƞɠ Ƈȧȧŀŀḗḗř ĪīḒ","scPwd":"Ƥȧȧşşẇǿǿřḓ ƈħȧȧƞɠḗḗ","scCallWaiting":"Ƈȧȧŀŀ ẇȧȧīīŧīīƞɠ","scPin":"ƤĪīȠ ƈħȧȧƞɠḗḗ","scPin2":"ƤĪīȠ2 ƈħȧȧƞɠḗḗ","scPuk":"Ŭŭƞƀŀǿǿƈķ ƤĪīȠ","scPuk2":"Ŭŭƞƀŀǿǿƈķ ƤĪīȠ2","scImei":"ĪīḾḖḗĪī","scUssd":"ŬŭŞŞḒ","serviceClassVoice":"Ṽǿǿīīƈḗḗ","serviceClassData":"Ḓȧȧŧȧȧ","serviceClassFax":"ƑȦȧẊ","serviceClassSms":"ŞḾŞ","serviceClassDataSync":"Şẏƞƈ","serviceClassDataAsync":"Ȧȧşẏƞƈ","serviceClassPacket":"Ƥȧȧƈķḗḗŧ","serviceClassPad":"ƤȦȧḒ","smServiceEnabled":"Şḗḗřṽīīƈḗḗ ẇȧȧş ḗḗƞȧȧƀŀḗḗḓ","smServiceDisabled":"Şḗḗřṽīīƈḗḗ ħȧȧş ƀḗḗḗḗƞ ḓīīşȧȧƀŀḗḗḓ","smServiceRegistered":"Řḗḗɠīīşŧřȧȧŧīīǿǿƞ ẇȧȧş şŭŭƈƈḗḗşşƒŭŭŀ","smServiceErased":"Ḗḗřȧȧşŭŭřḗḗ ẇȧȧş şŭŭƈƈḗḗşşƒŭŭŀ","smServiceInterrogated":"Řḗḗɋŭŭḗḗşŧ ẇȧȧş şŭŭƈƈḗḗşşƒŭŭŀ","smServiceNotProvisioned":"Şḗḗřṽīīƈḗḗ ƞǿǿŧ ƥřǿǿṽīīşīīǿǿƞḗḗḓ","smClirPermanent":"Ẏǿǿŭŭ ƈȧȧƞ ƞǿǿŧ ƈħȧȧƞɠḗḗ ŧħḗḗ ƈȧȧŀŀḗḗř ĪīḒ şḗḗŧŧīīƞɠ","smClirDefaultOnNextCallOn":"Ƈȧȧŀŀḗḗř ĪīḒ ḓḗḗƒȧȧŭŭŀŧş ŧǿǿ řḗḗşŧřīīƈŧḗḗḓ. Ƞḗḗẋŧ ƈȧȧŀŀ: Řḗḗşŧřīīƈŧḗḗḓ","smClirDefaultOnNextCallOff":"Ƈȧȧŀŀḗḗř ĪīḒ ḓḗḗƒȧȧŭŭŀŧş ŧǿǿ řḗḗşŧřīīƈŧḗḗḓ. Ƞḗḗẋŧ ƈȧȧŀŀ: Ƞǿǿŧ řḗḗşŧřīīƈŧḗḗḓ","smClirDefaultOffNextCallOn":"Ƈȧȧŀŀḗḗř ĪīḒ ḓḗḗƒȧȧŭŭŀŧş ŧǿǿ ƞǿǿŧ řḗḗşŧřīīƈŧḗḗḓ. Ƞḗḗẋŧ ƈȧȧŀŀ: Řḗḗşŧřīīƈŧḗḗḓ","smClirDefaultOffNextCallOff":"Ƈȧȧŀŀḗḗř ĪīḒ ḓḗḗƒȧȧŭŭŀŧş ŧǿǿ ƞǿǿŧ řḗḗşŧřīīƈŧḗḗḓ. Ƞḗḗẋŧ ƈȧȧŀŀ: Ƞǿǿŧ řḗḗşŧřīīƈŧḗḗḓ","smServiceEnabledFor":"Şḗḗřṽīīƈḗḗ ẇȧȧş ḗḗƞȧȧƀŀḗḗḓ ƒǿǿř:","smPinChanged":"ƤĪīȠ şŭŭƈƈḗḗşşƒŭŭŀŀẏ ƈħȧȧƞɠḗḗḓ","smPinUnblocked":"ƤĪīȠ şŭŭƈƈḗḗşşƒŭŭŀŀẏ ŭŭƞƀŀǿǿƈķḗḗḓ","smPin2Changed":"ƤĪīȠ2 şŭŭƈƈḗḗşşƒŭŭŀŀẏ ƈħȧȧƞɠḗḗḓ","smPin2Unblocked":"ƤĪīȠ2 şŭŭƈƈḗḗşşƒŭŭŀŀẏ ŭŭƞƀŀǿǿƈķḗḗḓ","emMmiError":"Ƈǿǿƞƞḗḗƈŧīīǿǿƞ ƥřǿǿƀŀḗḗḿ ǿǿř īīƞṽȧȧŀīīḓ ḾḾĪī ƈǿǿḓḗḗ","emMmiErrorPasswordIncorrect":"Īīƞƈǿǿřřḗḗƈŧ Ƥȧȧşşẇǿǿřḓ","emMmiErrorNotSupported":"Īīƞṽȧȧŀīīḓ ǿǿř Ŭŭƞşŭŭƥƥǿǿřŧḗḗḓ ḾḾĪī Ƈǿǿḓḗḗ","emMmiErrorInvalidAction":"Īīƞṽȧȧŀīīḓ ȧȧƈŧīīǿǿƞ","emMmiErrorInvalidScCode":"Īīƞṽȧȧŀīīḓ şḗḗřṽīīƈḗḗ ƈǿǿḓḗḗ","emMmiErrorBadPuk":"Ŧħḗḗ ƤŬŭĶ ẏǿǿŭŭ ŧẏƥḗḗḓ īīş ƞǿǿŧ ƈǿǿřřḗḗƈŧ","emMmiErrorBadPin":"Ŧħḗḗ ǿǿŀḓ ƤĪīȠ ẏǿǿŭŭ ŧẏƥḗḗḓ īīş ƞǿǿŧ ƈǿǿřřḗḗƈŧ.","emMmiErrorNeedPuk2":"Ŧẏƥḗḗ ƤŬŭĶ2 ŧǿǿ ŭŭƞƀŀǿǿƈķ ŞĪīḾ ƈȧȧřḓ","emMmiErrorMismatchPin":"Ŧħḗḗ ƤĪīȠş ẏǿǿŭŭ ŧẏƥḗḗḓ ḓǿǿ ƞǿǿŧ ḿȧȧŧƈħ","emMmiErrorInvalidPin":"Ŧẏƥḗḗ ȧȧ ƤĪīȠ ŧħȧȧŧ īīş 4 ŧǿǿ 8 ƞŭŭḿƀḗḗřş","emMmiErrorNeedsPuk":"Ẏǿǿŭŭř ŞĪīḾ ƈȧȧřḓ īīş ƤŬŭĶ-ŀǿǿƈķḗḗḓ","emMmiErrorEnablePin":"Ŭŭƞşŭŭƈƈḗḗşşƒŭŭŀ. Ḗḗƞȧȧƀŀḗḗ ŞĪīḾ/ŘŬŭĪīḾ ĿǾǿƇĶ","emMmiErrorMmiFdn":"Ǿǿƥḗḗřȧȧŧīīǿǿƞ īīş řḗḗşŧřīīƈŧḗḗḓ ŧǿǿ ƒīīẋḗḗḓ ḓīīȧȧŀīīƞɠ ƞŭŭḿƀḗḗřş ǿǿƞŀẏ","emMmiErrorStkCcUssdDial":"ŬŭŞŞḒ řḗḗɋŭŭḗḗşŧ īīş ḿǿǿḓīīƒīīḗḗḓ ŧǿǿ ḒĪīȦȧĿ řḗḗɋŭŭḗḗşŧ","emMmiErrorStkCcUssdSs":"ŬŭŞŞḒ řḗḗɋŭŭḗḗşŧ īīş ḿǿǿḓīīƒīīḗḗḓ ŧǿǿ ŞŞ řḗḗɋŭŭḗḗşŧ","emMmiErrorStkCcUssdUssd":"ŬŭŞŞḒ řḗḗɋŭŭḗḗşŧ īīş ḿǿǿḓīīƒīīḗḗḓ ŧǿǿ ƞḗḗẇ ŬŭŞŞḒ řḗḗɋŭŭḗḗşŧ","emMmiErrorStkCcSsDial":"ŞŞ řḗḗɋŭŭḗḗşŧ īīş ḿǿǿḓīīƒīīḗḗḓ ŧǿǿ ḒĪīȦȧĿ řḗḗɋŭŭḗḗşŧ","emMmiErrorStkCcSsUssd":"ŞŞ řḗḗɋŭŭḗḗşŧ īīş ḿǿǿḓīīƒīīḗḗḓ ŧǿǿ ŬŭŞŞḒ řḗḗɋŭŭḗḗşŧ","emMmiErrorStkCcSsSs":"ŞŞ řḗḗɋŭŭḗḗşŧ īīş ḿǿǿḓīīƒīīḗḗḓ ŧǿǿ ƞḗḗẇ ŞŞ řḗḗɋŭŭḗḗşŧ","emMmiErrorPinPukAttempts":{"_":{"one":"Ǿǿƞŀẏ {{ n }} řḗḗŧřẏ ŀḗḗƒŧ","two":"{{ n }} řḗḗŧřīīḗḗş ŀḗḗƒŧ","few":"{{ n }} řḗḗŧřīīḗḗş ŀḗḗƒŧ","many":"{{ n }} řḗḗŧřīīḗḗş ŀḗḗƒŧ","other":"{{ n }} řḗḗŧřīīḗḗş ŀḗḗƒŧ"}},"emMmiErrorSimBlocked":"Ḿȧȧẋīīḿŭŭḿ ƞŭŭḿƀḗḗř ǿǿƒ řḗḗŧřīīḗḗş ḗḗẋƈḗḗḗḗḓḗḗḓ. ŞĪīḾ ƀŀǿǿƈķḗḗḓ","RadioNotAvailable":"Řȧȧḓīīǿǿ ƞǿǿŧ ȧȧṽȧȧīīŀȧȧƀŀḗḗ","GenericFailure":"Ɠḗḗƞḗḗřīīƈ ƒȧȧīīŀŭŭřḗḗ","PasswordIncorrect":"Ƥȧȧşşẇǿǿřḓ īīƞƈǿǿřřḗḗƈŧ","SimPin2":"ŞĪīḾ ƤĪīȠ2","SimPuk2":"ŞĪīḾ ƤŬŭĶ2","RequestNotSupported":"Řḗḗɋŭŭḗḗşŧ ƞǿǿŧ şŭŭƥƥǿǿřŧḗḗḓ","OpNotAllowedDuringVoiceCall":"Ǿǿƥḗḗřȧȧŧīīǿǿƞ ƞǿǿŧ ȧȧŀŀǿǿẇḗḗḓ ḓŭŭřīīƞɠ ṽǿǿīīƈḗḗ ƈȧȧŀŀ","SmsSendFailRetry":"ŞḾŞ şḗḗƞḓ ƒȧȧīīŀ řḗḗŧřẏ","SimAbsent":"ŞĪīḾ ȧȧƀşḗḗƞŧ","SubscriptionNotAvailable":"Şŭŭƀşƈřīīƥŧīīǿǿƞ ƞǿǿŧ ȧȧṽȧȧīīŀȧȧƀŀḗḗ","ModeNotSupported":"Ḿǿǿḓḗḗ ƞǿǿŧ şŭŭƥƥǿǿřŧḗḗḓ","FdnCheckFailure":"Ƒḓƞ ƈħḗḗƈķ ƒȧȧīīŀŭŭřḗḗ","IllegalSimOrMe":"Īīŀŀḗḗɠȧȧŀ ŞĪīḾ ǿǿř ḾḖḗ","DialModifiedToUssd":"Ḓīīȧȧŀ ḿǿǿḓīīƒīīḗḗḓ ŧǿǿ ŬŭŞŞḒ","DialModifiedToSs":"Ḓīīȧȧŀ ḿǿǿḓīīƒīīḗḗḓ ŧǿǿ ŞŞ","DialModifiedToDial":"Ḓīīȧȧŀ ḿǿǿḓīīƒīīḗḗḓ ŧǿǿ ḓīīȧȧŀ","UssdModifiedToDial":"ŬŭŞŞḒ ḿǿǿḓīīƒīīḗḗḓ ŧǿǿ ḓīīȧȧŀ","UssdModifiedToSs":"ŬŭŞŞḒ ḿǿǿḓīīƒīīḗḗḓ ŧǿǿ ŞŞ","UssdModifiedToUssd":"ŬŭŞŞḒ ḿǿǿḓīīƒīīḗḗḓ ŧǿǿ ŬŭŞŞḒ","SsModifiedToDial":"ŞŞ ḿǿǿḓīīƒīīḗḗḓ ŧǿǿ ḓīīȧȧŀ","SsModifiedToUssd":"ŞŞ ḿǿǿḓīīƒīīḗḗḓ ŧǿǿ ŬŭŞŞḒ","SsModifiedToSs":"ŞŞ ḿǿǿḓīīƒīīḗḗḓ ŧǿǿ ŞŞ","SubscriptionNotSupported":"Şŭŭƀşƈřīīƥŧīīǿǿƞ ƞǿǿŧ şŭŭƥƥǿǿřŧḗḗḓ","InvalidParameter":"Īīƞṽȧȧŀīīḓ ƥȧȧřȧȧḿḗḗŧḗḗř","RejectedByRemote":"Řḗḗĵḗḗƈŧḗḗḓ ƀẏ řḗḗḿǿǿŧḗḗ","conference":{"_":{"one":"Ƈǿǿƞƒḗḗřḗḗƞƈḗḗ ({{ n }})","two":"Ƈǿǿƞƒḗḗřḗḗƞƈḗḗ ({{ n }})","few":"Ƈǿǿƞƒḗḗřḗḗƞƈḗḗ ({{ n }})","many":"Ƈǿǿƞƒḗḗřḗḗƞƈḗḗ ({{ n }})","other":"Ƈǿǿƞƒḗḗřḗḗƞƈḗḗ ({{ n }})"}},"caller-left-call":"{{ caller }} ħȧȧş ŀḗḗƒŧ ŧħḗḗ ƈȧȧŀŀ.","conferenceAddError":"Ŭŭƞȧȧƀŀḗḗ ŧǿǿ ḿḗḗřɠḗḗ ƈȧȧŀŀş","conferenceRemoveError":"Ŭŭƞȧȧƀŀḗḗ ŧǿǿ ŭŭƞḿḗḗřɠḗḗ ƈȧȧŀŀş","longDateFormat":"%A, %B %e","select-audio-sources":"Şḗḗŀḗḗƈŧ ȧȧŭŭḓīīǿǿ şǿǿŭŭřƈḗḗş","bluetooth-handsfree-device":"Ɓŀŭŭḗḗŧǿǿǿǿŧħ ħȧȧƞḓşƒřḗḗḗḗ ḓḗḗṽīīƈḗḗ","receiver":"Řḗḗƈḗḗīīṽḗḗř","speaker":"Şƥḗḗȧȧķḗḗř","callAirplaneModeMessage":"Ŧǿǿ ḿȧȧķḗḗ ȧȧ ƈȧȧŀŀ ẏǿǿŭŭ ƞḗḗḗḗḓ ŧǿǿ ḓīīşȧȧƀŀḗḗ ȧȧīīřƥŀȧȧƞḗḗ ḿǿǿḓḗḗ īīƞ şḗḗŧŧīīƞɠş.","callAirplaneModeBtnOk":"ǾǿĶ","callAirplaneModeTitle":"Ȧȧīīřƥŀȧȧƞḗḗ ḿǿǿḓḗḗ ȧȧƈŧīīṽȧȧŧḗḗḓ","numberIsBusyTitle":"Ƞŭŭḿƀḗḗř īīş ƀŭŭşẏ","numberIsBusyMessage":"Ŧħḗḗ ƞŭŭḿƀḗḗř īīş ƈŭŭřřḗḗƞŧŀẏ ƀŭŭşẏ. Ƥŀḗḗȧȧşḗḗ ŧřẏ ȧȧɠȧȧīīƞ ŀȧȧŧḗḗř.","fdnIsActiveTitle":"ƑḒȠ ȧȧƈŧīīṽḗḗ","fdnIsActiveMessage":"ƑḒȠ (Ƒīīẋḗḗḓ Ḓīīȧȧŀīīƞɠ Ƞŭŭḿƀḗḗřş) īīş ȧȧƈŧīīṽȧȧŧḗḗḓ ȧȧƞḓ ŧħḗḗ ƒǿǿŀŀǿǿẇīīƞɠ ƞŭŭḿƀḗḗř īīş ƞǿǿŧ īīƞ ẏǿǿŭŭř ƑḒȠ ŀīīşŧ: {{ number }}","voiceMail":"Ṽǿǿīīƈḗḗḿȧȧīīŀ","emergencyNumber":"Ḗḗḿḗḗřɠḗḗƞƈẏ ƞŭŭḿƀḗḗř","emergencyDialogBodyBadNumber":"Ŧǿǿ ḿȧȧķḗḗ ȧȧ ƈȧȧŀŀ, ŧħḗḗ ƥħǿǿƞḗḗ ḿŭŭşŧ ƀḗḗ ƈǿǿƞƞḗḗƈŧḗḗḓ ŧǿǿ ȧȧ ƞḗḗŧẇǿǿřķ.","emergencyDialogBodyDeviceNotAccepted":"Ḗḗḿḗḗřɠḗḗƞƈẏ ƈȧȧŀŀş ȧȧřḗḗ ƞǿǿŧ ȧȧŀŀǿǿẇḗḗḓ ƀẏ ŧħḗḗ ƞḗḗŧẇǿǿřķ.","emergencyDialogBtnOk":"ǾǿĶ","emergencyDialogTitle":"Ƞǿǿ ƞḗḗŧẇǿǿřķ ƈǿǿƞƞḗḗƈŧīīǿǿƞ","invalidNumberToDialTitle":"Īīƞṽȧȧŀīīḓ ƥħǿǿƞḗḗ ƞŭŭḿƀḗḗř","invalidNumberToDialMessage":"Ŧħḗḗ ƥħǿǿƞḗḗ ƞŭŭḿƀḗḗř ẏǿǿŭŭ ȧȧřḗḗ ƈȧȧŀŀīīƞɠ īīş ƞǿǿŧ ṽȧȧŀīīḓ.","unableToCallTitle":"Ŭŭƞȧȧƀŀḗḗ ŧǿǿ ḿȧȧķḗḗ ȧȧ ƥħǿǿƞḗḗ ƈȧȧŀŀ ƞǿǿẇ","unableToCallMessage":"Ƈȧȧƞƞǿǿŧ ḿȧȧķḗḗ ȧȧ ƈȧȧŀŀ. Īīƒ ẏǿǿŭŭ ȧȧřḗḗ ȧȧŀřḗḗȧȧḓẏ ḓīīȧȧŀīīƞɠ, ƥŀḗḗȧȧşḗḗ ħȧȧƞɠ ŭŭƥ ƒīīřşŧ.","otherConnectionInUseTitle":"Ǿǿŧħḗḗř ƈǿǿƞƞḗḗƈŧīīǿǿƞ īīƞ ŭŭşḗḗ","otherConnectionInUseMessage":"Ẏǿǿŭŭ ħȧȧṽḗḗ ȧȧƞ ȧȧƈŧīīṽḗḗ ƈȧȧŀŀ ǿǿƞ ȧȧƞǿǿŧħḗḗř ƈǿǿƞƞḗḗƈŧīīǿǿƞ. Ẏǿǿŭŭ ƈȧȧƞ ǿǿƞŀẏ ŭŭşḗḗ ǿǿƞḗḗ ƈǿǿƞƞḗḗƈŧīīǿǿƞ ȧȧŧ ȧȧ ŧīīḿḗḗ.","add":"Ȧȧḓḓ","done":"Ḓǿǿƞḗḗ","ok":"ǾǿĶ","retry":"Řḗḗŧřẏ","addContact":"Ȧȧḓḓ ƈǿǿƞŧȧȧƈŧ","deleteContact":"Ḓḗḗŀḗḗŧḗḗ ƈǿǿƞŧȧȧƈŧ","selectContact":"Şḗḗŀḗḗƈŧ ƈǿǿƞŧȧȧƈŧ","editContact":"Ḗḗḓīīŧ ƈǿǿƞŧȧȧƈŧ","deleteConfirmMsg":"Ḓḗḗŀḗḗŧḗḗ ƈǿǿƞŧȧȧƈŧ?","remove":"Řḗḗḿǿǿṽḗḗ","comments":"Ƈǿǿḿḿḗḗƞŧş","no_contact_phones":"Ŧħīīş ƈǿǿƞŧȧȧƈŧ ḓǿǿḗḗş ƞǿǿŧ ħȧȧṽḗḗ ȧȧ ƥħǿǿƞḗḗ ƞŭŭḿƀḗḗř","no_contact_email":"Ŧħīīş ƈǿǿƞŧȧȧƈŧ ḓǿǿḗḗş ƞǿǿŧ ħȧȧṽḗḗ ȧȧƞ ḗḗḿȧȧīīŀ ȧȧḓḓřḗḗşş","removePhotoConfirm":"Řḗḗḿǿǿṽḗḗ ƈǿǿƞŧȧȧƈŧ ƥīīƈŧŭŭřḗḗ?","loadingContacts":"Ŀǿǿȧȧḓīīƞɠ ƈǿǿƞŧȧȧƈŧş…","noContactsActivity":"Ƈȧȧƞƞǿǿŧ ȧȧḓḓ ŧǿǿ ƈǿǿƞŧȧȧƈŧ ȧȧş ẏǿǿŭŭř ƈǿǿƞŧȧȧƈŧ ŀīīşŧ īīş ḗḗḿƥŧẏ","noName":"Ƞǿǿ ƞȧȧḿḗḗ","givenName":{"placeholder":"Ƞȧȧḿḗḗ"},"familyName":{"placeholder":"Ŀȧȧşŧ ƞȧȧḿḗḗ"},"tel":{"placeholder":"Ƥħǿǿƞḗḗ"},"carrier":{"_":"Ƈȧȧřřīīḗḗř","placeholder":"Ƈȧȧřřīīḗḗř"},"separator":",","email":{"_":"Ḗḗḿȧȧīīŀ","placeholder":"Ḗḗḿȧȧīīŀ"},"streetAddress":{"placeholder":"Şŧřḗḗḗḗŧ"},"postalCode":{"placeholder":"Ẑīīƥ ƈǿǿḓḗḗ"},"locality":{"placeholder":"Ƈīīŧẏ"},"countryName":{"placeholder":"Ƈǿǿŭŭƞŧřẏ"},"comment":{"placeholder":"Ƈǿǿḿḿḗḗƞŧ"},"org":{"placeholder":"Ƈǿǿḿƥȧȧƞẏ"},"custom":{"placeholder":"Ƈŭŭşŧǿǿḿ"},"date":{"_":"Ḓȧȧŧḗḗ","placeholder":"Ḓȧȧŧḗḗ"},"date-span-placeholder":"Ḓȧȧŧḗḗ","birthday":"Ɓīīřŧħḓȧȧẏ","dateFormat":"%B %e","dateOutput":"{{dayMonthFormatted}} {{year}}","anniversary":"Ȧȧƞƞīīṽḗḗřşȧȧřẏ","addPhoto":"Ȧȧḓḓ Ƥīīƈŧŭŭřḗḗ","addPhone":"Ȧȧḓḓ Ƥħǿǿƞḗḗ","addEmail":"Ȧȧḓḓ Ḗḗḿȧȧīīŀ","addAddress":"Ȧȧḓḓ Ȧȧḓḓřḗḗşş","addDate":"Ȧȧḓḓ Ḓȧȧŧḗḗ","addComment":"Ȧȧḓḓ Ƈǿǿḿḿḗḗƞŧ","addFavorite":"Ȧȧḓḓ ȧȧş Ƒȧȧṽǿǿřīīŧḗḗ","removeFavorite":"Řḗḗḿǿǿṽḗḗ ȧȧş Ƒȧȧṽǿǿřīīŧḗḗ","label":"Ŀȧȧƀḗḗŀ","mobile":"Ḿǿǿƀīīŀḗḗ","home":"Ħǿǿḿḗḗ","work":"Ẇǿǿřķ","personal":"Ƥḗḗřşǿǿƞȧȧŀ","faxHome":"Ƒȧȧẋ ħǿǿḿḗḗ","faxOffice":"Ƒȧȧẋ ǿǿƒƒīīƈḗḗ","faxOther":"Ƒȧȧẋ ǿǿŧħḗḗř","another":"Ȧȧƞǿǿŧħḗḗř","other":"Ǿǿŧħḗḗř","customTag":{"placeholder":"Ƈŭŭşŧǿǿḿ ŧȧȧɠ"},"current":"Ƈŭŭřřḗḗƞŧ","itemWithLabel":"{{label}}, {{item}}","exit":"Ḗḗẋīīŧ","expand":"Ḗḗẋƥȧȧƞḓ","labelName":"Ƞȧȧḿḗḗ:","labelLastName":"Ŀȧȧşŧ ƞȧȧḿḗḗ:","labelPhoneNumber":"Ƥħǿǿƞḗḗ ƞŭŭḿƀḗḗř:","labelCarrier":"Ƈȧȧřřīīḗḗř:","labelEmail":"Ḗḗḿȧȧīīŀ:","labelStreet":"Şŧřḗḗḗḗŧ:","labelZip":"Ẑīīƥ ƈǿǿḓḗḗ:","labelCity":"Ƈīīŧẏ:","labelCountry":"Ƈǿǿŭŭƞŧřẏ:","labelComment":"Ƈǿǿḿḿḗḗƞŧ:","legendTitleMain":"Ḿȧȧīīƞ īīƞƒǿǿřḿȧȧŧīīǿǿƞ","legendPhones":"Ƥħǿǿƞḗḗ ƞŭŭḿƀḗḗřş","legendEmail":"Ḗḗḿȧȧīīŀ ȧȧḓḓřḗḗşş","legendAddress":"Ȧȧḓḓřḗḗşş","transferContactsTitle":"Ŧřȧȧƞşƒḗḗř Ƈǿǿƞŧȧȧƈŧş","importContactsTitle":"Īīḿƥǿǿřŧ Ƈǿǿƞŧȧȧƈŧş","importContactsButton":"Īīḿƥǿǿřŧ Ƈǿǿƞŧȧȧƈŧş","exportContactsTitle":"Ḗḗẋƥǿǿřŧ Ƈǿǿƞŧȧȧƈŧş","exportContactsButton":"Ḗḗẋƥǿǿřŧ Ƈǿǿƞŧȧȧƈŧş","exportContactsAction":"Ḗḗẋƥǿǿřŧ","simExport-title":"Ḗḗẋƥǿǿřŧ ŧǿǿ ŞĪīḾ","sdExport-title":"Ḗḗẋƥǿǿřŧ ŧǿǿ ŞḒ Ƈȧȧřḓ","btExport-title":"Ḗḗẋƥǿǿřŧ ŧǿǿ Ɓŀŭŭḗḗŧǿǿǿǿŧħ","sdUMSEnabled":"Ƈȧȧƞƞǿǿŧ ŭŭşḗḗ ŞḒ Ƈȧȧřḓ ƀḗḗƈȧȧŭŭşḗḗ ŬŭŞƁ şŧǿǿřȧȧɠḗḗ īīş ḗḗƞȧȧƀŀḗḗḓ","exportErrorTitle":"Ḗḗẋƥǿǿřŧ ḗḗřřǿǿř","contactsExported2":{"_":{"zero":"Ƞǿǿ ƈǿǿƞŧȧȧƈŧş ḗḗẋƥǿǿřŧḗḗḓ","one":"{{exported}}/{{total}} ƈǿǿƞŧȧȧƈŧş ḗḗẋƥǿǿřŧḗḗḓ","two":"{{exported}}/{{total}} ƈǿǿƞŧȧȧƈŧş ḗḗẋƥǿǿřŧḗḗḓ","few":"{{exported}}/{{total}} ƈǿǿƞŧȧȧƈŧş ḗḗẋƥǿǿřŧḗḗḓ","many":"{{exported}}/{{total}} ƈǿǿƞŧȧȧƈŧş ḗḗẋƥǿǿřŧḗḗḓ","other":"{{exported}}/{{total}} ƈǿǿƞŧȧȧƈŧş ḗḗẋƥǿǿřŧḗḗḓ"}},"exportError-general":"Şǿǿḿḗḗ ḗḗřřǿǿř ħȧȧƥƥḗḗƞḗḗḓ ẇħīīŀḗḗ ḗḗẋƥǿǿřŧīīƞɠ","exportError-SD-shared":"Ƈȧȧƞ’ŧ ȧȧƈƈḗḗşş ḿḗḗḿǿǿřẏ ƈȧȧřḓ ƀḗḗƈȧȧŭŭşḗḗ īīŧ’ş şħȧȧřḗḗḓ","exportError-SD-unavailable":"Ḿḗḗḿǿǿřẏ ƈȧȧřḓ īīş ƞǿǿŧ ȧȧṽȧȧīīŀȧȧƀŀḗḗ","exportError-SD-noSpace":"Ŧħḗḗřḗḗ’ş ƞǿǿŧ ḗḗƞǿǿŭŭɠħ şƥȧȧƈḗḗ ǿǿƞ ŧħḗḗ ḿḗḗḿǿǿřẏ ƈȧȧřḓ ŧǿǿ ḗḗẋƥǿǿřŧ ŧħḗḗ ƈǿǿƞŧȧȧƈŧş","exportError-SIM-unavailable":"ŞĪīḾ ƈȧȧřḓ īīş ƞǿǿŧ ȧȧṽȧȧīīŀȧȧƀŀḗḗ","exportError-BT-shared":"Ƈȧȧƞ’ŧ ȧȧƈƈḗḗşş ḿḗḗḿǿǿřẏ ƈȧȧřḓ ƀḗḗƈȧȧŭŭşḗḗ īīŧ’ş şħȧȧřḗḗḓ","exportError-BT-unavailable":"Ḿḗḗḿǿǿřẏ ƈȧȧřḓ īīş ƞǿǿŧ ȧȧṽȧȧīīŀȧȧƀŀḗḗ","exportError-BT-noSpace":"Ŧħḗḗřḗḗ’ş ƞǿǿŧ ḗḗƞǿǿŭŭɠħ şƥȧȧƈḗḗ ǿǿƞ ŧħḗḗ ḿḗḗḿǿǿřẏ ƈȧȧřḓ ŧǿǿ ḗḗẋƥǿǿřŧ ŧħḗḗ ƈǿǿƞŧȧȧƈŧş","social-network":"Şǿǿƈīīȧȧŀ ƞḗḗŧẇǿǿřķş","social-link":"Ŀīīƞķ ƈǿǿƞŧȧȧƈŧ","social-unlink":"Ŭŭƞŀīīƞķ ƈǿǿƞŧȧȧƈŧ","social-unlink-confirm-title":"Ḓǿǿ ẏǿǿŭŭ ẇȧȧƞŧ ŧǿǿ ŭŭƞŀīīƞķ ẏǿǿŭŭř ƒřīīḗḗƞḓ?","social-unlink-confirm-accept":"Ŭŭƞŀīīƞķ","facebook-import":"Īīḿƥǿǿřŧ Ƒȧȧƈḗḗƀǿǿǿǿķ ƒřīīḗḗƞḓş","show-fb-profile":"Ṽīīḗḗẇ Ƒȧȧƈḗḗƀǿǿǿǿķ ƥřǿǿƒīīŀḗḗ","msg-send":"Ḿḗḗşşȧȧɠḗḗ","wall-post":"Ẇȧȧŀŀ ƥǿǿşŧ","facebook-export-forbidden":"Ŧħḗḗ ƈǿǿƞŧȧȧƈŧ ƈȧȧƞƞǿǿŧ ƀḗḗ şħȧȧřḗḗḓ ḓŭŭḗḗ ŧǿǿ Ƒȧȧƈḗḗƀǿǿǿǿķ ƈǿǿƞşŧřȧȧīīƞŧ.","otherAccount":"Ǿǿŧħḗḗř ȧȧƈƈǿǿŭŭƞŧş","facebookSwitchMsg":"Şẏƞƈ ƒřīīḗḗƞḓş","select_mobile":"Şḗḗŀḗḗƈŧ ḿǿǿƀīīŀḗḗ","select_email":"Şḗḗŀḗḗƈŧ ḗḗḿȧȧīīŀ","contactsOrderBy":"Ǿǿřḓḗḗř ƀẏ ŀȧȧşŧ ƞȧȧḿḗḗ","importSim2":"ŞĪīḾ ƈȧȧřḓ","importGmail":"Ɠḿȧȧīīŀ","bluetooth":"Ɓŀŭŭḗḗŧǿǿǿǿŧħ","importOutlook":"Ǿǿŭŭŧŀǿǿǿǿķ","fbUpdateFriends":"Ŭŭƥḓȧȧŧḗḗ īīḿƥǿǿřŧḗḗḓ ƒřīīḗḗƞḓş","cleaningFbData":"Řḗḗḿǿǿṽīīƞɠ Ƒȧȧƈḗḗƀǿǿǿǿķ ḓȧȧŧȧȧ","loggingOutFb":"Ŀǿǿɠɠīīƞɠ ǿǿŭŭŧ ƒřǿǿḿ Ƒȧȧƈḗḗƀǿǿǿǿķ","cleanFbConfirmMsg":"Řḗḗḿǿǿṽḗḗ ȧȧŀŀ Ƒȧȧƈḗḗƀǿǿǿǿķ ḓȧȧŧȧȧ?","renewPwdMsg":"Ẏǿǿŭŭř ƥȧȧşşẇǿǿřḓ īīƞ Ƒȧȧƈḗḗƀǿǿǿǿķ ħȧȧş ƈħȧȧƞɠḗḗḓ. Ƥŀḗḗȧȧşḗḗ, ŭŭƥḓȧȧŧḗḗ īīŧ.","notEnabledYet":"Ƞǿǿŧ ḗḗƞȧȧƀŀḗḗḓ ẏḗḗŧ","genericNoConnection":"Ŧǿǿ īīḿƥǿǿřŧ ƈǿǿƞŧȧȧƈŧş ƈǿǿƞƞḗḗƈŧ ŧǿǿ Ẇīī-Ƒīī ǿǿř ḓȧȧŧȧȧ ƞḗḗŧẇǿǿřķ","simCard":"ŞĪīḾ ƈȧȧřḓ","memoryCard":"Ḿḗḗḿǿǿřẏ ƈȧȧřḓ","simNumber":"ŞĪīḾ {{number}}","create-new":"Ƈřḗḗȧȧŧḗḗ ȧȧ ƞḗḗẇ ƈǿǿƞŧȧȧƈŧ","import-now":"Īīḿƥǿǿřŧ ẏǿǿŭŭř ƈǿǿƞŧȧȧƈŧş ƒřǿǿḿ ŞĪīḾ ƈȧȧřḓ ǿǿř Ƒȧȧƈḗḗƀǿǿǿǿķ","no-contacts":"Ƞǿǿ ƈǿǿƞŧȧȧƈŧş","start-adding":"Şŧȧȧřŧ ȧȧḓḓīīƞɠ ŧħḗḗḿ ƞǿǿẇ","notImported":"Ƞǿǿŧ īīḿƥǿǿřŧḗḗḓ","imported":"Īīḿƥǿǿřŧḗḗḓ","organise-contacts":"Ǿǿřɠȧȧƞīīẑḗḗ Ƈǿǿƞŧȧȧƈŧş","find-merge-contacts":"Ƒīīƞḓ ḓŭŭƥŀīīƈȧȧŧḗḗ ƈǿǿƞŧȧȧƈŧş","preparing-contacts":"Ƥřḗḗƥȧȧřīīƞɠ ƈǿǿƞŧȧȧƈŧş","exportError-SIM-NoFreeRecordFound":"ŞĪīḾ Ƈȧȧřḓ īīş ƒŭŭŀŀ","exportError-SIM-CannotAccessPhoneBook":"Ƈȧȧƞƞǿǿŧ ȧȧƈƈḗḗşş ŞĪīḾ ƈȧȧřḓ’ş ƥħǿǿƞḗḗ ƀǿǿǿǿķ","exportError-SIM-Unavailable":"Ƞǿǿ ŞĪīḾ ḓḗḗŧḗḗƈŧḗḗḓ","exportError-SIM-GenericError":"Ȧȧƞ ḗḗřřǿǿř ǿǿƈƈŭŭřřḗḗḓ ẇħīīŀḗḗ ḗḗẋƥǿǿřŧīīƞɠ ȧȧ ƈǿǿƞŧȧȧƈŧ","noSimMsgExport":"Ŧǿǿ ḗḗẋƥǿǿřŧ ƈǿǿƞŧȧȧƈŧş īīƞşḗḗřŧ ǿǿř ŭŭƞŀǿǿƈķ ẏǿǿŭŭř ŞĪīḾ ƈȧȧřḓ","noMemoryCardMsgExport":"Ŧǿǿ ḗḗẋƥǿǿřŧ ƈǿǿƞŧȧȧƈŧş īīƞşḗḗřŧ ȧȧ ḿḗḗḿǿǿřẏ ƈȧȧřḓ","ContactManagementTitle":"Ƈǿǿƞŧȧȧƈŧş Ḿȧȧƞȧȧɠḗḗḿḗḗƞŧ","DeleteTitle":"Ḓḗḗŀḗḗŧḗḗ","bulkDeleteButton":"Ḓḗḗŀḗḗŧḗḗ Ƈǿǿƞŧȧȧƈŧş","BulkDelCancel":"Ƈǿǿƞŧȧȧƈŧş ḓḗḗŀḗḗŧḗḗ ƈȧȧƞƈḗḗŀŀḗḗḓ","DeletedTxt":{"_":{"zero":"Ƞǿǿ Ƈǿǿƞŧȧȧƈŧ ŧǿǿ Ḓḗḗŀḗḗŧḗḗ","one":"1 Ƈǿǿƞŧȧȧƈŧ řḗḗḿǿǿṽḗḗḓ","two":"{{n}} Ƈǿǿƞŧȧȧƈŧş řḗḗḿǿǿṽḗḗḓ","few":"{{n}} Ƈǿǿƞŧȧȧƈŧş řḗḗḿǿǿṽḗḗḓ","many":"{{n}} Ƈǿǿƞŧȧȧƈŧş řḗḗḿǿǿṽḗḗḓ","other":"{{n}} Ƈǿǿƞŧȧȧƈŧş řḗḗḿǿǿṽḗḗḓ"}},"DeletingContacts":"Ḓḗḗŀḗḗŧīīƞɠ ƈǿǿƞŧȧȧƈŧş","ContactConfirmDel":{"_":{"zero":"Ƞǿǿ Ƈǿǿƞŧȧȧƈŧ ŧǿǿ Ḓḗḗŀḗḗŧḗḗ","one":"Ḓḗḗŀḗḗŧḗḗ 1 Ƈǿǿƞŧȧȧƈŧ? Ŧħīīş ƈȧȧƞƞǿǿŧ ƀḗḗ ŭŭƞḓǿǿƞḗḗ.","two":"Ḓḗḗŀḗḗŧḗḗ {{n}} Ƈǿǿƞŧȧȧƈŧş? Ŧħīīş ƈȧȧƞƞǿǿŧ ƀḗḗ ŭŭƞḓǿǿƞḗḗ.","few":"Ḓḗḗŀḗḗŧḗḗ {{n}} Ƈǿǿƞŧȧȧƈŧş? Ŧħīīş ƈȧȧƞƞǿǿŧ ƀḗḗ ŭŭƞḓǿǿƞḗḗ.","many":"Ḓḗḗŀḗḗŧḗḗ {{n}} Ƈǿǿƞŧȧȧƈŧş? Ŧħīīş ƈȧȧƞƞǿǿŧ ƀḗḗ ŭŭƞḓǿǿƞḗḗ.","other":"Ḓḗḗŀḗḗŧḗḗ {{n}} Ƈǿǿƞŧȧȧƈŧş? Ŧħīīş ƈȧȧƞƞǿǿŧ ƀḗḗ ŭŭƞḓǿǿƞḗḗ."}},"SelectedTxt":{"_":{"zero":"Ƈǿǿƞŧȧȧƈŧş","one":"{{n}} şḗḗŀḗḗƈŧḗḗḓ","two":"{{n}} şḗḗŀḗḗƈŧḗḗḓ","few":"{{n}} şḗḗŀḗḗƈŧḗḗḓ","many":"{{n}} şḗḗŀḗḗƈŧḗḗḓ","other":"{{n}} şḗḗŀḗḗƈŧḗḗḓ"}},"video":"Ṽīīḓḗḗǿǿ","audio":"Ȧȧŭŭḓīīǿǿ","weekday-0-long":"Şŭŭƞḓȧȧẏ","weekday-1-long":"Ḿǿǿƞḓȧȧẏ","weekday-2-long":"Ŧŭŭḗḗşḓȧȧẏ","weekday-3-long":"Ẇḗḗḓƞḗḗşḓȧȧẏ","weekday-4-long":"Ŧħŭŭřşḓȧȧẏ","weekday-5-long":"Ƒřīīḓȧȧẏ","weekday-6-long":"Şȧȧŧŭŭřḓȧȧẏ","weekday-0-short":"Şŭŭƞ","weekday-1-short":"Ḿǿǿƞ","weekday-2-short":"Ŧŭŭḗḗ","weekday-3-short":"Ẇḗḗḓ","weekday-4-short":"Ŧħŭŭ","weekday-5-short":"Ƒřīī","weekday-6-short":"Şȧȧŧ","month-0-long":"Ĵȧȧƞŭŭȧȧřẏ","month-1-long":"Ƒḗḗƀřŭŭȧȧřẏ","month-2-long":"Ḿȧȧřƈħ","month-3-long":"Ȧȧƥřīīŀ","month-4-long":"Ḿȧȧẏ","month-5-long":"Ĵŭŭƞḗḗ","month-6-long":"Ĵŭŭŀẏ","month-7-long":"Ȧȧŭŭɠŭŭşŧ","month-8-long":"Şḗḗƥŧḗḗḿƀḗḗř","month-9-long":"Ǿǿƈŧǿǿƀḗḗř","month-10-long":"Ƞǿǿṽḗḗḿƀḗḗř","month-11-long":"Ḓḗḗƈḗḗḿƀḗḗř","month-0-genitive":"Ĵȧȧƞŭŭȧȧřẏ","month-1-genitive":"Ƒḗḗƀřŭŭȧȧřẏ","month-2-genitive":"Ḿȧȧřƈħ","month-3-genitive":"Ȧȧƥřīīŀ","month-4-genitive":"Ḿȧȧẏ","month-5-genitive":"Ĵŭŭƞḗḗ","month-6-genitive":"Ĵŭŭŀẏ","month-7-genitive":"Ȧȧŭŭɠŭŭşŧ","month-8-genitive":"Şḗḗƥŧḗḗḿƀḗḗř","month-9-genitive":"Ǿǿƈŧǿǿƀḗḗř","month-10-genitive":"Ƞǿǿṽḗḗḿƀḗḗř","month-11-genitive":"Ḓḗḗƈḗḗḿƀḗḗř","month-0-short":"Ĵȧȧƞ","month-1-short":"Ƒḗḗƀ","month-2-short":"Ḿȧȧř","month-3-short":"Ȧȧƥř","month-4-short":"Ḿȧȧẏ","month-5-short":"Ĵŭŭƞ","month-6-short":"Ĵŭŭŀ","month-7-short":"Ȧȧŭŭɠ","month-8-short":"Şḗḗƥ","month-9-short":"Ǿǿƈŧ","month-10-short":"Ƞǿǿṽ","month-11-short":"Ḓḗḗƈ","minutes-ago-long":{"_":{"zero":"ĵŭŭşŧ ƞǿǿẇ","one":"ȧȧ ḿīīƞŭŭŧḗḗ ȧȧɠǿǿ","two":"{{value}} ḿīīƞŭŭŧḗḗş ȧȧɠǿǿ","few":"{{value}} ḿīīƞŭŭŧḗḗş ȧȧɠǿǿ","many":"{{value}} ḿīīƞŭŭŧḗḗş ȧȧɠǿǿ","other":"{{value}} ḿīīƞŭŭŧḗḗş ȧȧɠǿǿ"}},"hours-ago-long":{"_":{"zero":"ĵŭŭşŧ ƞǿǿẇ","one":"ȧȧƞ ħǿǿŭŭř ȧȧɠǿǿ","two":"{{value}} ħǿǿŭŭřş ȧȧɠǿǿ","few":"{{value}} ħǿǿŭŭřş ȧȧɠǿǿ","many":"{{value}} ħǿǿŭŭřş ȧȧɠǿǿ","other":"{{value}} ħǿǿŭŭřş ȧȧɠǿǿ"}},"days-ago-long":{"_":{"zero":"ŧǿǿḓȧȧẏ","one":"ẏḗḗşŧḗḗřḓȧȧẏ","two":"{{value}} ḓȧȧẏş ȧȧɠǿǿ","few":"{{value}} ḓȧȧẏş ȧȧɠǿǿ","many":"{{value}} ḓȧȧẏş ȧȧɠǿǿ","other":"{{value}} ḓȧȧẏş ȧȧɠǿǿ"}},"weeks-ago-long":{"_":{"zero":"ŧħīīş ẇḗḗḗḗķ","one":"ŀȧȧşŧ ẇḗḗḗḗķ","two":"{{value}} ẇḗḗḗḗķş ȧȧɠǿǿ","few":"{{value}} ẇḗḗḗḗķş ȧȧɠǿǿ","many":"{{value}} ẇḗḗḗḗķş ȧȧɠǿǿ","other":"{{value}} ẇḗḗḗḗķş ȧȧɠǿǿ"}},"months-ago-long":{"_":{"zero":"ŧħīīş ḿǿǿƞŧħ","one":"ŀȧȧşŧ ḿǿǿƞŧħ","two":"{{value}} ḿǿǿƞŧħş ȧȧɠǿǿ","few":"{{value}} ḿǿǿƞŧħş ȧȧɠǿǿ","many":"{{value}} ḿǿǿƞŧħş ȧȧɠǿǿ","other":"{{value}} ḿǿǿƞŧħş ȧȧɠǿǿ"}},"years-ago-long":{"_":{"zero":"ŧħīīş ẏḗḗȧȧř","one":"ŀȧȧşŧ ẏḗḗȧȧř","two":"{{value}} ẏḗḗȧȧřş ȧȧɠǿǿ","few":"{{value}} ẏḗḗȧȧřş ȧȧɠǿǿ","many":"{{value}} ẏḗḗȧȧřş ȧȧɠǿǿ","other":"{{value}} ẏḗḗȧȧřş ȧȧɠǿǿ"}},"minutes-until-long":{"_":{"zero":"ƞǿǿẇ","one":"īīƞ ȧȧ ḿīīƞŭŭŧḗḗ","two":"īīƞ {{value}} ḿīīƞŭŭŧḗḗş","few":"īīƞ {{value}} ḿīīƞŭŭŧḗḗş","many":"īīƞ {{value}} ḿīīƞŭŭŧḗḗş","other":"īīƞ {{value}} ḿīīƞŭŭŧḗḗş"}},"hours-until-long":{"_":{"zero":"ƞǿǿẇ","one":"īīƞ ȧȧƞ ħǿǿŭŭř","two":"īīƞ {{value}} ħǿǿŭŭřş","few":"īīƞ {{value}} ħǿǿŭŭřş","many":"īīƞ {{value}} ħǿǿŭŭřş","other":"īīƞ {{value}} ħǿǿŭŭřş"}},"days-until-long":{"_":{"zero":"ŧǿǿḓȧȧẏ","one":"ŧǿǿḿǿǿřřǿǿẇ","two":"īīƞ {{value}} ḓȧȧẏş","few":"īīƞ {{value}} ḓȧȧẏş","many":"īīƞ {{value}} ḓȧȧẏş","other":"īīƞ {{value}} ḓȧȧẏş"}},"weeks-until-long":{"_":{"zero":"ŧħīīş ẇḗḗḗḗķ","one":"ƞḗḗẋŧ ẇḗḗḗḗķ","two":"īīƞ {{value}} ẇḗḗḗḗķş","few":"īīƞ {{value}} ẇḗḗḗḗķş","many":"īīƞ {{value}} ẇḗḗḗḗķş","other":"īīƞ {{value}} ẇḗḗḗḗķş"}},"months-until-long":{"_":{"zero":"ŧħīīş ḿǿǿƞŧħ","one":"ƞḗḗẋŧ ḿǿǿƞŧħ","two":"īīƞ {{value}} ḿǿǿƞŧħş","few":"īīƞ {{value}} ḿǿǿƞŧħş","many":"īīƞ {{value}} ḿǿǿƞŧħş","other":"īīƞ {{value}} ḿǿǿƞŧħş"}},"years-until-long":{"_":{"zero":"ŧħīīş ẏḗḗȧȧř","one":"ƞḗḗẋŧ ẏḗḗȧȧř","two":"īīƞ {{value}} ẏḗḗȧȧřş","few":"īīƞ {{value}} ẏḗḗȧȧřş","many":"īīƞ {{value}} ẏḗḗȧȧřş","other":"īīƞ {{value}} ẏḗḗȧȧřş"}},"minutes-ago-short":{"_":{"zero":"ĵŭŭşŧ ƞǿǿẇ","other":"{{value}}ḿ ȧȧɠǿǿ"}},"hours-ago-short":{"_":{"zero":"ĵŭŭşŧ ƞǿǿẇ","other":"{{value}}ħ ȧȧɠǿǿ"}},"days-ago-short":{"_":{"zero":"ŧǿǿḓȧȧẏ","other":"{{value}}ḓ ȧȧɠǿǿ"}},"minutes-until-short":{"_":{"zero":"ƞǿǿẇ","other":"īīƞ {{value}}ḿ"}},"hours-until-short":{"_":{"zero":"ƞǿǿẇ","other":"īīƞ {{value}}ħ"}},"days-until-short":{"_":{"zero":"ŧǿǿḓȧȧẏ","other":"īīƞ {{value}}ḓ"}},"incorrectDate":"(īīƞƈǿǿřřḗḗƈŧ ḓȧȧŧḗḗ)","dateTimeFormat_%c":"%a %b %e %Y %I:%M:%S %p","dateTimeFormat_%x":"%m/%d/%Y","dateTimeFormat_%X":"%I:%M:%S %p","shortTimeFormat":"%I:%M %p","shortDateTimeFormat":"%x %I:%M %p","weekStartsOnMonday":"0","time_am":"ȦȧḾ","time_pm":"ƤḾ","sim-picker-dial-via-with-number":"Ḓīīȧȧŀ {{ phoneNumber }} ṽīīȧȧ","sim-picker-select-sim":"Şḗḗŀḗḗƈŧ ŞĪīḾ","sim-picker-button":"ŞĪīḾ{{ n }}","sim-picker-button-default":"(ḓḗḗƒȧȧŭŭŀŧ)","voicemailNoNumberTitle":"Ṽǿǿīīƈḗḗḿȧȧīīŀ ƞŭŭḿƀḗḗř īīş ŭŭƞȧȧṽȧȧīīŀȧȧƀŀḗḗ","voicemailNoNumberText":"Ŭŭƞȧȧƀŀḗḗ ŧǿǿ ƈȧȧŀŀ ŧħḗḗ ṽǿǿīīƈḗḗḿȧȧīīŀ. Şḗḗŧ ŭŭƥ ŧħḗḗ ṽǿǿīīƈḗḗḿȧȧīīŀ ƞŭŭḿƀḗḗř ŧǿǿ ƥŀȧȧƈḗḗ ŧħḗḗ ƈȧȧŀŀ.","voicemailNoNumberSettings":"Şḗḗŧŧīīƞɠş","voicemailNoNumberCancel":"Ƈȧȧƞƈḗḗŀ","waitDuplicateContacts":"Ŀǿǿǿǿķīīƞɠ ƒǿǿř ḓŭŭƥŀīīƈȧȧŧḗḗ ƈǿǿƞŧȧȧƈŧş","waitMergingDuplicateContacts":"Ḿḗḗřɠīīƞɠ ḓŭŭƥŀīīƈȧȧŧḗḗ ƈǿǿƞŧȧȧƈŧş","alertNoDuplicateContacts":"Ƞǿǿ ḓŭŭƥŀīīƈȧȧŧḗḗ ƈǿǿƞŧȧȧƈŧş ƒǿǿŭŭƞḓ","mergeDuplicateTitle":"Ḿḗḗřɠḗḗ ḓŭŭƥŀīīƈȧȧŧḗḗş","suggestedDuplicateContacts":"Şŭŭɠɠḗḗşŧḗḗḓ ḓŭŭƥŀīīƈȧȧŧḗḗ ƈǿǿƞŧȧȧƈŧş ƒǿǿř {{name}}","mergeActionButtonLabel":{"_":{"zero":"Ƞǿǿ ƈǿǿƞŧȧȧƈŧş şḗḗŀḗḗƈŧḗḗḓ","one":"Ḿḗḗřɠḗḗ ẇīīŧħ {{n}} ƈǿǿƞŧȧȧƈŧ","two":"Ḿḗḗřɠḗḗ ẇīīŧħ {{n}} ƈǿǿƞŧȧȧƈŧş","few":"Ḿḗḗřɠḗḗ ẇīīŧħ {{n}} ƈǿǿƞŧȧȧƈŧş","many":"Ḿḗḗřɠḗḗ ẇīīŧħ {{n}} ƈǿǿƞŧȧȧƈŧş","other":"Ḿḗḗřɠḗḗ ẇīīŧħ {{n}} ƈǿǿƞŧȧȧƈŧş"}},"duplicatesFoundTitle":"Ḓŭŭƥŀīīƈȧȧŧḗḗş ƒǿǿŭŭƞḓ","duplicatesFoundMessage":"{{name}} ḓŭŭƥŀīīƈȧȧŧḗḗş īīƞƒǿǿřḿȧȧŧīīǿǿƞ īīƞ ŧħḗḗ ƒǿǿŀŀǿǿẇīīƞɠ ƈǿǿƞŧȧȧƈŧş","back":"Ɓȧȧƈķ","noSimMsg":"Ŧǿǿ īīḿƥǿǿřŧ ƈǿǿƞŧȧȧƈŧş īīƞşḗḗřŧ ǿǿř ŭŭƞŀǿǿƈķ ẏǿǿŭŭř ŞĪīḾ ƈȧȧřḓ","noMemoryCardMsg":"Ŧǿǿ īīḿƥǿǿřŧ ƈǿǿƞŧȧȧƈŧş īīƞşḗḗřŧ ȧȧ ḿḗḗḿǿǿřẏ ƈȧȧřḓ","importMemoryCard":"Ḿḗḗḿǿǿřẏ ƈȧȧřḓ","noConnection11":"Ŧǿǿ īīḿƥǿǿřŧ Ƒȧȧƈḗḗƀǿǿǿǿķ ƒřīīḗḗƞḓş ǿǿř ƈǿǿƞŧȧȧƈŧş ƈǿǿƞƞḗḗƈŧ ŧǿǿ Ẇīī-Ƒīī ǿǿř ḓȧȧŧȧȧ ƞḗḗŧẇǿǿřķ","simContacts-import":"Īīḿƥǿǿřŧ ŞĪīḾ ƈǿǿƞŧȧȧƈŧş","simContacts-importing":"Īīḿƥǿǿřŧīīƞɠ ŞĪīḾ ƈǿǿƞŧȧȧƈŧş…","simContacts-reading":"Řḗḗȧȧḓīīƞɠ ƒřǿǿḿ ŞĪīḾ ƈȧȧřḓ…","simContacts-error":"Ƈǿǿŭŭŀḓ ƞǿǿŧ īīḿƥǿǿřŧ ƈǿǿƞŧȧȧƈŧş ƒřǿǿḿ ŞĪīḾ","simContacts-imported3":{"_":{"zero":"Ƞǿǿ ƈǿǿƞŧȧȧƈŧş ḓḗḗŧḗḗƈŧḗḗḓ ǿǿƞ ŞĪīḾ ŧǿǿ īīḿƥǿǿřŧ","one":"Īīḿƥǿǿřŧḗḗḓ ǿǿƞḗḗ ƈǿǿƞŧȧȧƈŧ","two":"Īīḿƥǿǿřŧḗḗḓ {{n}} ƈǿǿƞŧȧȧƈŧş","few":"Īīḿƥǿǿřŧḗḗḓ {{n}} ƈǿǿƞŧȧȧƈŧş","many":"Īīḿƥǿǿřŧḗḗḓ {{n}} ƈǿǿƞŧȧȧƈŧş","other":"Īīḿƥǿǿřŧḗḗḓ {{n}} ƈǿǿƞŧȧȧƈŧş"}},"memoryCardContacts-import":"Īīḿƥǿǿřŧ ƈǿǿƞŧȧȧƈŧş ƒřǿǿḿ ḿḗḗḿǿǿřẏ ƈȧȧřḓ","memoryCardContacts-importing":"Īīḿƥǿǿřŧīīƞɠ ƈǿǿƞŧȧȧƈŧş ƒřǿǿḿ ḿḗḗḿǿǿřẏ ƈȧȧřḓ…","memoryCardContacts-reading":"Řḗḗȧȧḓīīƞɠ ƒřǿǿḿ ḿḗḗḿǿǿřẏ ƈȧȧřḓ…","memoryCardContacts-error":"Ƈǿǿŭŭŀḓ ƞǿǿŧ īīḿƥǿǿřŧ ƈǿǿƞŧȧȧƈŧş ƒřǿǿḿ ḿḗḗḿǿǿřẏ ƈȧȧřḓ","memoryCardContacts-imported3":{"_":{"zero":"Ƞǿǿ ƈǿǿƞŧȧȧƈŧş ḓḗḗŧḗḗƈŧḗḗḓ ǿǿƞ ḿḗḗḿǿǿřẏ ƈȧȧřḓ ŧǿǿ īīḿƥǿǿřŧ","one":"Īīḿƥǿǿřŧḗḗḓ ǿǿƞḗḗ ƈǿǿƞŧȧȧƈŧ","two":"Īīḿƥǿǿřŧḗḗḓ {{n}} ƈǿǿƞŧȧȧƈŧş","few":"Īīḿƥǿǿřŧḗḗḓ {{n}} ƈǿǿƞŧȧȧƈŧş","many":"Īīḿƥǿǿřŧḗḗḓ {{n}} ƈǿǿƞŧȧȧƈŧş","other":"Īīḿƥǿǿřŧḗḗḓ {{n}} ƈǿǿƞŧȧȧƈŧş"}},"genericProgress":"{{current}}/{{total}}","facebook-import-msg":{"_":{"zero":"Ƞǿǿ ƒřīīḗḗƞḓş īīḿƥǿǿřŧḗḗḓ (ǿǿŭŭŧ ǿǿƒ {{total}})","one":"Ǿǿƞḗḗ ƒřīīḗḗƞḓ īīḿƥǿǿřŧḗḗḓ (ǿǿŭŭŧ ǿǿƒ {{total}})","two":"{{imported}}/{{total}} ƒřīīḗḗƞḓş īīḿƥǿǿřŧḗḗḓ","few":"{{imported}}/{{total}} ƒřīīḗḗƞḓş īīḿƥǿǿřŧḗḗḓ","many":"{{imported}}/{{total}} ƒřīīḗḗƞḓş īīḿƥǿǿřŧḗḗḓ","other":"{{imported}}/{{total}} ƒřīīḗḗƞḓş īīḿƥǿǿřŧḗḗḓ"}},"contactsMerged":{"_":{"zero":"Ƞǿǿ ḓŭŭƥŀīīƈȧȧŧḗḗḓ ƈǿǿƞŧȧȧƈŧş ḿḗḗřɠḗḗḓ","one":"Ǿǿƞḗḗ ḓŭŭƥŀīīƈȧȧŧḗḗḓ ƈǿǿƞŧȧȧƈŧ ḿḗḗřɠḗḗḓ","two":"{{numDups}} ƈǿǿƞŧȧȧƈŧş ḿḗḗřɠḗḗḓ","few":"{{numDups}} ƈǿǿƞŧȧȧƈŧş ḿḗḗřɠḗḗḓ","many":"{{numDups}} ƈǿǿƞŧȧȧƈŧş ḿḗḗřɠḗḗḓ","other":"{{numDups}} ƈǿǿƞŧȧȧƈŧş ḿḗḗřɠḗḗḓ"}}}