{"close":"關閉","import":"匯入","update":"更新","fbFriends":"Facebook 朋友","live-serviceName":"Outlook","gmail-serviceName":"Gmail","facebook-serviceName":"Facebook 朋友","selectAll":"全部選擇","deselectAll":"全部不選","viewAll":"檢視所有的 Facebook 朋友","viewRecommend":"僅檢視推薦項目","linkProposal":{"_index":["plural","numFriends"],"_":{"zero":"沒有符合的朋友。改顯示全部","one":"選擇建議的朋友","two":"選擇建議的朋友","few":"選擇建議的朋友","many":"選擇建議的朋友","other":"選擇建議的朋友"}},"fbFriendsFound":{"_index":["plural","numFriends"],"_":{"zero":"已匯入您所有的朋友","one":"找到一位可匯入的朋友","two":"找到 {{numFriends}} 位可以匯入的朋友","few":"找到 {{numFriends}} 位可以匯入的朋友","many":"找到 {{numFriends}} 位可以匯入的朋友","other":"找到 {{numFriends}} 位可以匯入的朋友"}},"facebook":"Facebook","search-contact":{"placeholder":"搜尋"},"noResults":"找不到聯絡人","done-search":"完成","progressFB3ImportTitle":"正在將朋友匯入至通訊錄","progressFB":"{{current}}/{{total}}","progressFB3UpdateTitle":"正在更新通訊錄中的朋友","message2":"這可能要花一點時間","messageLinking":"請稍候。我們正在連結您的朋友與聯絡人。","messageCanceling":"請稍候，我們正在取消目前的操作。","error1":"錯誤 {{from}}","error2":"再試一次？","errorProposal":"正在計算請求","errorFriends":"正在擷取朋友","errorLinking":"正在連結聯絡人","timeout1":"超過時限 {{from}}","timeout2":"再試一次？","timeoutProposal":"正在計算請求","timeoutFriends":"正在擷取朋友","timeoutLinking":"正在連結聯絡人","wait1":"請稍候","wait2":"這可能要花一點時間","waitProposal":"請稍候。我們正在計算請求。","waitFriends":"請稍候，我們正在連線取得您的朋友清單。","curtainCancel":"取消","curtainRetry":"重試","curtainOK":"確定","connectionLost":"沒有網際網路連線","connectionLostMsg":"朋友的照片將不會加入您的聯絡人清單。確定要繼續嗎？","yesOption":"確定","noOption":"取消","friendsUpdated":{"_index":["plural","numFriends"],"_":{"zero":"未更新朋友","one":"已更新一位朋友","two":"已更新 {{numFriends}} 位朋友","few":"已更新 {{numFriends}} 位朋友","many":"已更新 {{numFriends}} 位朋友","other":"已更新 {{numFriends}} 位朋友"}},"friendsMerged":{"_index":["plural","numDups"],"_":{"zero":"No duplicated friends merged","one":"One duplicated friend merged","two":"{{numDups}} friends merged","few":"{{numDups}} friends merged","many":"{{numDups}} friends merged","other":"{{numDups}} friends merged"}},"notificationLogin":"您的 Facebook 作業階段無效。請重新登入。","syncError":"同步您朋友的資料時發生錯誤。","addNewNumber":"Add new number","addToExistingContact":"新增到現有聯絡人資料","all":"全部","asterisk":{"ariaLabel":"Asterisk"},"callLog":"通話紀錄","callLogEdit":{"title":"Edit call log"},"callLogEditDialog":{"ariaLabel":"Edit call log dialog"},"connecting":"撥號中","cancel":"取消","cf-async":"非同步: {{ async }}\\n","cf-data":"資料：{{ data }}\\n","cf-error":"取得通話轉接狀態時發生錯誤","cf-fax":"傳真: {{ fax }}\\n","cf-inactive":"停用","cf-packet":"封包: {{ packet }}\\n","cf-pad":"PAD: {{ pad }}\\n","cf-sms":"簡訊：{{ sms }}\\n","cf-status":"通話轉接狀態\\n","cf-sync":"同步: {{ sync }}\\n","cf-voice":"語音：{{ voice }}\\n","confirm-deletion":"清除所選的來電？","contacts":"聯絡人","createNewContact":"建立新聯絡人","delete":"Delete","dialerAddContact":{"ariaLabel":"Add contact"},"dialerAddContactDialog":{"ariaLabel":"Add Contact Dialog"},"edit-selected":{"_index":["plural","n"],"_":{"one":"已選擇 {{ n }} 筆","two":"已選擇 {{ n }} 筆","few":"已選擇 {{ n }} 筆","many":"已選擇 {{ n }} 筆","other":"已選擇 {{ n }} 筆"}},"edit":"編輯","hashSign":{"ariaLabel":"Hash sign"},"hideKeypad":{"ariaLabel":"Hide keypad"},"ignore":"忽略通話","incoming":"來電","keypad":{"ariaLabel":"Keypad"},"keypadDelete":{"ariaLabel":"Delete"},"makeCall":{"ariaLabel":"Make call"},"merge":"合併","missed":"未接","missedCall":"未接來電","missedCallMultiSims":"(SIM {{ n }}) 未接來電","mmi-error":"傳送訊息時發生錯誤","mmi-session-expired":"Session 已過期","mmi-successfully-sent":"訊息已成功送出","mmi-notification-title-with-sim":"({{sim}}) {{title}}","mute":{"ariaLabel":"Mute"},"newCall":{"ariaLabel":"New call"},"no-logs-msg-1":"未紀錄來電","no-logs-msg-2":"立刻開始通訊","no-logs-msg-3":"無未接來電","phoneNumberInput":{"ariaLabel":"Phone number"},"recents":{"ariaLabel":"Recent calls"},"reply":"回覆","send":"傳送","switch-calls":"切換通話","today":"今天","voiceMailKey":{"ariaLabel":"Voicemail"},"withheld-number":"隱藏發話號碼","from-contact":"來自 {{ contact }}","from-number":"來自 {{ number }}","from-withheld-number":"來電號碼隱藏","yesterday":"昨天","sending":"傳送中…","speakerOption":{"ariaLabel":"Speaker"},"ussd-services":"{{ operator }} 服務","toggleKeypad":{"ariaLabel":"Toggle keypad"},"type-your-response":{"placeholder":"輸入您的回應…"},"clear-all-text":"清除所有文字","hide":"隱藏","call":"撥號","hold":{"ariaLabel":"保留"},"resume":"繼續","sendSms":"寄送郵件","callEnded":"通話已結束","via-sim":"透過 SIM{{ n }}","sim-number":"SIM{{ n }}","hangup-a11y-button":{"aria-label":"掛斷"},"pickup-a11y-button":{"aria-label":"接聽"},"unlock-a11y-button":{"aria-label":"滑塊"},"settings":"設定","delete-n-log?":{"_index":["plural","n"],"_":{"zero":"未選取項目","one":"要刪除所選的紀錄？","two":"要刪除 {{ n }} 筆紀錄？","few":"要刪除 {{ n }} 筆紀錄？","many":"要刪除 {{ n }} 筆紀錄？","other":"要刪除 {{ n }} 筆紀錄？"}},"callDurationMinutes":"{{ m }}:{{ s }}","callDurationHours":"{{ h }}:{{ m }}:{{ s }}","suggestionMatches":{"_index":["plural","n"],"_":{"one":"「{{ matchNumber }}」找到 {{ n }} 筆","two":"「{{ matchNumber }}」找到 {{ n }} 筆","few":"「{{ matchNumber }}」找到 {{ n }} 筆","many":"「{{ matchNumber }}」找到 {{ n }} 筆","other":"「{{ matchNumber }}」找到 {{ n }} 筆"}},"scCallBarring":"通話限制","scCallForwarding":"通話轉接","scClip":"來電號碼","scClir":"去話號碼","scPwd":"修改密碼","scCallWaiting":"來電等待","scPin":"修改 PIN 碼","scPin2":"修改 PIN2 碼","scPuk":"解鎖 PIN 碼","scPuk2":"解鎖 PIN2 碼","scImei":"IMEI","scUssd":"USSD","serviceClassVoice":"語音","serviceClassData":"數據","serviceClassFax":"傳真","serviceClassSms":"簡訊","serviceClassDataSync":"同步","serviceClassDataAsync":"非同步","serviceClassPacket":"封包","serviceClassPad":"PAD","smServiceEnabled":"服務已啟用","smServiceDisabled":"服務已停用","smServiceRegistered":"已成功註冊","smServiceErased":"已成功解除註冊","smServiceInterrogated":"已成功完成請求","smServiceNotProvisioned":"服務未開通","smClirPermanent":"您無法修改通話號碼選項","smClirDefaultOnNextCallOn":"通話號碼預設不顯示。下次通話：不顯示","smClirDefaultOnNextCallOff":"通話號碼預設不顯示。下次通話：顯示","smClirDefaultOffNextCallOn":"通話號碼預設顯示。下次通話：不顯示","smClirDefaultOffNextCallOff":"通話號碼預設顯示。下次通話：顯示","smServiceEnabledFor":"已啟用下列服務:","smPinChanged":"成功更改 PIN 碼","smPinUnblocked":"成功解鎖 PIN 碼","smPin2Changed":"成功更改 PIN2 碼","smPin2Unblocked":"成功解鎖 PIN2 碼","emMmiError":"連線問題或無效的 MMI 碼","emMmiErrorPasswordIncorrect":"密碼不正確","emMmiErrorNotSupported":"無效或未支援的 MMI 碼","emMmiErrorInvalidAction":"無效行為","emMmiErrorInvalidScCode":"服務碼無效","emMmiErrorBadPuk":"您輸入的 PUK 碼不正確","emMmiErrorBadPin":"您輸入的舊 PIN 碼不正確。","emMmiErrorNeedPuk2":"輸入 PUK2 碼以解除封鎖 SIM 卡","emMmiErrorMismatchPin":"您輸入的 PIN 碼不相同","emMmiErrorInvalidPin":"輸入 4 到 8 位數的 PIN 碼","emMmiErrorNeedsPuk":"您的 SIM 卡已被鎖定，需要輸入 PUK 碼","emMmiErrorEnablePin":"未成功，啟用 SIM/RUIM 鎖定","emMmiErrorMmiFdn":"操作被限制為僅能撥打固定號碼","emMmiErrorStkCcUssdDial":"USSD 請求被修改為撥號請求","emMmiErrorStkCcUssdSs":"USSD 請求被修改為 SS 請求","emMmiErrorStkCcUssdUssd":"USSD 請求被修改為新的 USSD 請求","emMmiErrorStkCcSsDial":"SS 請求被修改為撥號請求","emMmiErrorStkCcSsUssd":"SS 請求被修改為 USSD 請求","emMmiErrorStkCcSsSs":"SS 請求被修改為新的 SS 請求","emMmiErrorPinPukAttempts":{"_index":["plural","n"],"_":{"one":"僅剩下 {{ n }} 次重試機會","two":"剩下 {{ n }} 次重試機會","few":"剩下 {{ n }} 次重試機會","many":"剩下 {{ n }} 次重試機會","other":"剩下 {{ n }} 次重試機會"}},"emMmiErrorSimBlocked":"已達最大重試次數，SIM 卡已被封鎖","RadioNotAvailable":"無法使用無線訊號","GenericFailure":"一般失敗","PasswordIncorrect":"密碼不正確","SimPin2":"SIM PIN2","SimPuk2":"SIM PUK2","RequestNotSupported":"請求未支援","OpNotAllowedDuringVoiceCall":"語音通話時不允許進行操作","SmsSendFailRetry":"簡訊傳送失敗重試","SimAbsent":"SIM 卡不存在","SubscriptionNotAvailable":"訂閱無法使用","ModeNotSupported":"模式未支援","FdnCheckFailure":"Fdn 檢查失敗","IllegalSimOrMe":"無效的 SIM 卡或 ME","DialModifiedToUssd":"撥號請求被修改為 USSD 請求","DialModifiedToSs":"撥號請求被修改為 SS 請求","DialModifiedToDial":"撥號請求被修改為新的撥號請求","UssdModifiedToDial":"USSD 請求被修改為撥號請求","UssdModifiedToSs":"USSD 請求被修改為 SS 請求","UssdModifiedToUssd":"USSD 請求被修改為新的 USSD 請求","SsModifiedToDial":"SS 請求被修改為撥號請求","SsModifiedToUssd":"SS 請求被修改為 USSD 請求","SsModifiedToSs":"SS 請求被修改為新的 SS 請求","SubscriptionNotSupported":"訂閱不被支援","InvalidParameter":"參數無效","RejectedByRemote":"被遠端拒絕","conference":{"_index":["plural","n"],"_":{"one":"Conference ({{ n }})","two":"Conference ({{ n }})","few":"Conference ({{ n }})","many":"Conference ({{ n }})","other":"Conference ({{ n }})"}},"caller-left-call":"{{ caller }} 已離開通話。","conferenceAddError":"無法合併通話","conferenceRemoveError":"無法取消合併通話","longDateFormat":"%b %e 日 %A","select-audio-sources":"選擇音訊來源","bluetooth-handsfree-device":"藍牙免持裝置","receiver":"接收器","speaker":"擴音","callAirplaneModeMessage":"若要撥打電話，您需要在設定畫面停用飛航模式。","callAirplaneModeBtnOk":"確定","callAirplaneModeTitle":"已啟用飛航模式","numberIsBusyTitle":"號碼忙線中","numberIsBusyMessage":"您所撥的號碼忙線中，請稍候再撥。","fdnIsActiveTitle":"FDN active","fdnIsActiveMessage":"FDN (Fixed Dialing Numbers) is activated and the following number is not in your FDN list: {{ number }}","voiceMail":"語音信箱","emergencyNumber":"緊急號碼","emergencyDialogBodyBadNumber":"手機必須連線到通訊網路才能撥打電話。","emergencyDialogBodyDeviceNotAccepted":"通訊網路不允許撥打緊急電話。","emergencyDialogBtnOk":"確定","emergencyDialogTitle":"無網路連線","invalidNumberToDialTitle":"無效的電話號碼","invalidNumberToDialMessage":"您撥打的電話號碼無效。","unableToCallTitle":"目前無法撥號","unableToCallMessage":"無法撥號，若您正在撥號請先掛斷。","otherConnectionInUseTitle":"其他使用中的連線","otherConnectionInUseMessage":"您還有通話進行中，您同時只能使用一個連線。","add":"新增","done":"完成","ok":"確定","retry":"重試","addContact":"新增聯絡人","deleteContact":"刪除聯絡人","selectContact":"選擇聯絡人","editContact":"編輯聯絡人","deleteConfirmMsg":"要刪除聯絡人？","remove":"移除","comments":"附註","no_contact_phones":"此聯絡人沒有電話號碼","no_contact_email":"此聯絡人沒有電子郵件地址","removePhotoConfirm":"移除聯絡人大頭照？","loadingContacts":"正在載入聯絡人…","noContactsActivity":"因為您的聯絡人清單是空的，無法新增至聯絡人","noName":"無名","givenName":{"placeholder":"名字"},"familyName":{"placeholder":"姓氏"},"tel":{"placeholder":"電話"},"carrier":{"_":"電信業者","placeholder":"電信業者"},"separator":",","email":{"_":"電子郵件","placeholder":"電子郵件"},"streetAddress":{"placeholder":"街道"},"postalCode":{"placeholder":"郵遞區號"},"locality":{"placeholder":"城市"},"countryName":{"placeholder":"國家"},"comment":{"placeholder":"附註"},"org":{"placeholder":"公司"},"custom":"自訂標籤","date":{"_":"日期","placeholder":"日期"},"date-span-placeholder":"Date","birthday":"生日","dateFormat":"%b %e 日","dateOutput":"{{year}} {{dayMonthFormatted}}","anniversary":"周年紀念日","addPhoto":"新增大頭照","addPhone":"新增電話號碼","addEmail":"新增電子郵件地址","addAddress":"新增地址","addDate":"新增日期","addComment":"新增附註","addFavorite":"加入我的最愛","removeFavorite":"自我的最愛移除","label":"標籤","mobile":"行動電話","home":"住家","work":"商務","personal":"私人","faxHome":"家用傳真","faxOffice":"公司傳真","faxOther":"其他傳真","another":"另一個","other":"其他","customTag":{"placeholder":"Custom tag"},"current":"目前","itemWithLabel":"{{label}}: {{item}}","exit":"結束","expand":"展開","labelName":"名字:","labelLastName":"姓氏:","labelPhoneNumber":"電話號碼:","labelCarrier":"電信業者:","labelEmail":"電子郵件:","labelStreet":"街道:","labelZip":"郵遞區號:","labelCity":"縣／市:","labelCountry":"國家:","labelComment":"附註:","legendTitleMain":"主要資訊","legendPhones":"電話號碼","legendEmail":"電子郵件地址","legendAddress":"住址","transferContactsTitle":"轉移聯絡人","importContactsTitle":"匯入聯絡人","importContactsButton":"匯入聯絡人","exportContactsTitle":"匯出聯絡人","exportContactsButton":"匯出聯絡人","exportContactsAction":"匯出","simExport-title":"匯出至 SIM 卡","sdExport-title":"匯出至 SD 卡","btExport-title":"匯出至藍牙","sdUMSEnabled":"因為已啟用 USB 儲存空間，無法使用 SD 卡","exportErrorTitle":"匯出錯誤","contactsExported2":{"_index":["plural","exported"],"_":{"zero":"未匯出聯絡人","one":"已匯出 {{exported}}/{{total}}  聯絡人","two":"已匯出 {{exported}}/{{total}}  聯絡人","few":"已匯出 {{exported}}/{{total}}  聯絡人","many":"已匯出 {{exported}}/{{total}}  聯絡人","other":"已匯出 {{exported}}/{{total}}  聯絡人"}},"exportError-general":"匯出時發生錯誤","exportError-SD-shared":"因為已共享，無法存取記憶卡","exportError-SD-unavailable":"無法使用記憶卡","exportError-SD-noSpace":"記憶卡剩餘空間不足，無法匯出聯絡人","exportError-SIM-unavailable":"無法使用 SIM 卡","exportError-BT-shared":"因為已共享，無法存取記憶卡","exportError-BT-unavailable":"無法使用記憶卡","exportError-BT-noSpace":"記憶卡剩餘空間不足，無法匯出聯絡人","social-network":"社群網路","social-link":"連結聯絡人","social-unlink":"解除連結聯絡人","social-unlink-confirm-title":"您是否想要取消您朋友的連結？","social-unlink-confirm-accept":"解除連結","facebook-import":"匯入 Facebook 上的朋友","show-fb-profile":"檢視 Facebook 個人資訊","msg-send":"訊息","wall-post":"動態時報貼文","facebook-export-forbidden":"The contact cannot be shared due to Facebook constraint.","otherAccount":"其他帳號","facebookSwitchMsg":"同步朋友","select_mobile":"選擇行動電話號碼","select_email":"選擇電子郵件地址","contactsOrderBy":"依照姓氏排序","importSim2":"SIM 卡","importGmail":"Gmail","bluetooth":"藍牙","importOutlook":"Outlook","fbUpdateFriends":"更新匯入的朋友","cleaningFbData":"移除 Facebook 資料","loggingOutFb":"自 Facebook 登出","cleanFbConfirmMsg":"移除所有 Facebook 資料？","renewPwdMsg":"您的 Facebook 密碼已更動。請更新。","notEnabledYet":"未啟用","genericNoConnection":"請連線至 Wi-Fi 或數據網路以匯入聯絡人","simCard":"SIM 卡","memoryCard":"記憶卡","simNumber":"SIM {{number}}","create-new":"建立新聯絡人","import-now":"自您的 SIM 卡或 Facebook 帳號匯入聯絡人","no-contacts":"無聯絡人","start-adding":"開始新增聯絡人吧","notImported":"未匯入","imported":"已匯入","organise-contacts":"管理聯絡人","find-merge-contacts":"搜尋重複的聯絡人","preparing-contacts":"正在整理聯絡人","exportError-SIM-NoFreeRecordFound":"SIM 卡已滿","exportError-SIM-CannotAccessPhoneBook":"無法存取 SIM 卡通訊錄","exportError-SIM-Unavailable":"未偵測到 SIM 卡","exportError-SIM-GenericError":"匯出聯絡人時發生錯誤","noSimMsgExport":"要匯出聯絡人，請插入或解鎖您的 SIM 卡","noMemoryCardMsgExport":"請插入記憶卡以匯出聯絡人","ContactManagementTitle":"Contacts Management","DeleteTitle":"Delete","bulkDeleteButton":"Delete Contacts","BulkDelCancel":"Contacts delete cancelled","DeletedTxt":{"_index":["plural","n"],"_":{"zero":"No Contact to Delete","one":"1 Contact removed","two":"{{n}} Contacts removed","few":"{{n}} Contacts removed","many":"{{n}} Contacts removed","other":"{{n}} Contacts removed"}},"DeletingContacts":"Deleting contacts","ContactConfirmDel":{"_index":["plural","n"],"_":{"zero":"No Contact to Delete","one":"Delete 1 Contact? This cannot be undone.","two":"Delete {{n}} Contacts? This cannot be undone.","few":"Delete {{n}} Contacts? This cannot be undone.","many":"Delete {{n}} Contacts? This cannot be undone.","other":"Delete {{n}} Contacts? This cannot be undone."}},"SelectedTxt":{"_index":["plural","n"],"_":{"zero":"Contacts","one":"{{n}} selected","two":"{{n}} selected","few":"{{n}} selected","many":"{{n}} selected","other":"{{n}} selected"}},"video":"Video","audio":"Audio","weekday-0-long":"星期日","weekday-1-long":"星期一","weekday-2-long":"星期二","weekday-3-long":"星期三","weekday-4-long":"星期四","weekday-5-long":"星期五","weekday-6-long":"星期六","weekday-0-short":"週日","weekday-1-short":"週一","weekday-2-short":"週二","weekday-3-short":"週三","weekday-4-short":"週四","weekday-5-short":"週五","weekday-6-short":"週六","month-0-long":"一月","month-1-long":"二月","month-2-long":"三月","month-3-long":"四月","month-4-long":"五月","month-5-long":"六月","month-6-long":"七月","month-7-long":"八月","month-8-long":"九月","month-9-long":"十月","month-10-long":"十一月","month-11-long":"十二月","month-0-genitive":"1 月","month-1-genitive":"2 月","month-2-genitive":"3 月","month-3-genitive":"4 月","month-4-genitive":"5 月","month-5-genitive":"6 月","month-6-genitive":"7 月","month-7-genitive":"8 月","month-8-genitive":"9 月","month-9-genitive":"10 月","month-10-genitive":"11 月","month-11-genitive":"12 月","month-0-short":"1 月","month-1-short":"2 月","month-2-short":"3 月","month-3-short":"4 月","month-4-short":"5 月","month-5-short":"6 月","month-6-short":"7 月","month-7-short":"8 月","month-8-short":"9 月","month-9-short":"10 月","month-10-short":"11 月","month-11-short":"12 月","minutes-ago-long":{"_index":["plural","value"],"_":{"zero":"剛剛","one":"1 分鐘前","two":"{{value}} 分鐘前","few":"{{value}} 分鐘前","many":"{{value}} 分鐘前","other":"{{value}} 分鐘前"}},"hours-ago-long":{"_index":["plural","value"],"_":{"zero":"剛剛","one":"1 小時前","two":"{{value}} 小時前","few":"{{value}} 小時前","many":"{{value}} 小時前","other":"{{value}} 小時前"}},"days-ago-long":{"_index":["plural","value"],"_":{"zero":"今天","one":"昨天","two":"{{value}} 天前","few":"{{value}} 天前","many":"{{value}} 天前","other":"{{value}} 天前"}},"weeks-ago-long":{"_index":["plural","value"],"_":{"zero":"本週","one":"上週","two":"{{value}} 週前","few":"{{value}} 週前","many":"{{value}} 週前","other":"{{value}} 週前"}},"months-ago-long":{"_index":["plural","value"],"_":{"zero":"本月","one":"上月","two":"{{value}} 月前","few":"{{value}} 月前","many":"{{value}} 月前","other":"{{value}} 月前"}},"years-ago-long":{"_index":["plural","value"],"_":{"zero":"今年","one":"去年","two":"{{value}} 年前","few":"{{value}} 年前","many":"{{value}} 年前","other":"{{value}} 年前"}},"minutes-until-long":{"_index":["plural","value"],"_":{"zero":"現在","one":"1 分鐘內","two":"{{value}} 分鐘內","few":"{{value}} 分鐘內","many":"{{value}} 分鐘內","other":"{{value}} 分鐘內"}},"hours-until-long":{"_index":["plural","value"],"_":{"zero":"現在","one":"1 小時內","two":"{{value}} 小時前","few":"{{value}} 小時前","many":"{{value}} 小時前","other":"{{value}} 小時前"}},"days-until-long":{"_index":["plural","value"],"_":{"zero":"今天","one":"明天","two":"{{value}} 天內","few":"{{value}} 天內","many":"{{value}} 天內","other":"{{value}} 天內"}},"weeks-until-long":{"_index":["plural","value"],"_":{"zero":"本週","one":"下週","two":"{{value}} 週內","few":"{{value}} 週內","many":"{{value}} 週內","other":"{{value}} 週內"}},"months-until-long":{"_index":["plural","value"],"_":{"zero":"本月","one":"下月","two":"{{value}} 月內","few":"{{value}} 月內","many":"{{value}} 月內","other":"{{value}} 月內"}},"years-until-long":{"_index":["plural","value"],"_":{"zero":"今年","one":"明年","two":"{{value}} 年內","few":"{{value}} 年內","many":"{{value}} 年內","other":"{{value}} 年內"}},"minutes-ago-short":{"_index":["plural","value"],"_":{"zero":"剛剛","other":"{{value}} 分前"}},"hours-ago-short":{"_index":["plural","value"],"_":{"zero":"剛剛","other":"{{value}} 時前"}},"days-ago-short":{"_index":["plural","value"],"_":{"zero":"今天","other":"{{value}} 天前"}},"minutes-until-short":{"_index":["plural","value"],"_":{"zero":"現在","other":"{{value}} 分內"}},"hours-until-short":{"_index":["plural","value"],"_":{"zero":"現在","other":"{{value}} 時內"}},"days-until-short":{"_index":["plural","value"],"_":{"zero":"今天","other":"{{value}} 天內"}},"incorrectDate":"（日期不正確）","dateTimeFormat_%c":"%Y年%b%d日 %a %p %I:%M:%S","dateTimeFormat_%x":"%Y/%m/%d","dateTimeFormat_%X":"%p %I:%M:%S","shortTimeFormat":"%p %I:%M","shortDateTimeFormat":"%x %p %I:%M","weekStartsOnMonday":"1","time_am":"上午","time_pm":"下午","sim-picker-dial-via-with-number":"撥打 {{ phoneNumber }} 經由","sim-picker-select-sim":"選擇 SIM","sim-picker-button":"SIM{{ n }}","sim-picker-button-default":"(預設)","voicemailNoNumberTitle":"Voicemail number is unavailable","voicemailNoNumberText":"Unable to call the voicemail. Set up the voicemail number to place the call.","voicemailNoNumberSettings":"Settings","voicemailNoNumberCancel":"Cancel","waitDuplicateContacts":"正在尋找重複的聯絡人","waitMergingDuplicateContacts":"正在合併重複的聯絡人","alertNoDuplicateContacts":"找不到重複的聯絡人","mergeDuplicateTitle":"合併重複","suggestedDuplicateContacts":"{{name}} 可能的重複聯絡人","mergeActionButtonLabel":{"_index":["plural","n"],"_":{"zero":"未選擇聯絡人","one":"合併 {{n}} 位聯絡人","other":"合併 {{n}} 位聯絡人"}},"duplicatesFoundTitle":"找到重複","duplicatesFoundMessage":"找到 {{name}} 的重複聯絡資訊","back":"上一頁","noSimMsg":"請插入或解鎖 SIM 卡以匯入聯絡人","noMemoryCardMsg":"請插入記憶卡以匯入聯絡人","importMemoryCard":"記憶卡","noConnection11":"請先連線到 Wi-Fi 或數據網路以匯入 Facebook 朋友或聯絡人","simContacts-import":"匯入 SIM 卡中的聯絡人","simContacts-importing":"正在匯入 SIM 卡中的聯絡人…","simContacts-reading":"正在讀取 SIM 卡…","simContacts-error":"無法自 SIM 卡中匯入聯絡人","simContacts-imported3":{"_index":["plural","n"],"_":{"zero":"SIM 卡上找不到可匯入的聯絡人","one":"已匯入 1 位聯絡人","two":"已匯入 {{n}} 位聯絡人","few":"已匯入 {{n}} 位聯絡人","many":"已匯入 {{n}} 位聯絡人","other":"已匯入 {{n}} 位聯絡人"}},"memoryCardContacts-import":"自記憶卡中匯入聯絡人","memoryCardContacts-importing":"正在自記憶卡中匯入聯絡人…","memoryCardContacts-reading":"正在讀取記憶卡…","memoryCardContacts-error":"無法自記憶卡中匯入聯絡人","memoryCardContacts-imported3":{"_index":["plural","n"],"_":{"zero":"記憶卡中偵測不到聯絡人","one":"已匯入 1 位聯絡人","two":"已匯入 {{n}} 位聯絡人","few":"已匯入 {{n}} 位聯絡人","many":"已匯入 {{n}} 位聯絡人","other":"已匯入 {{n}} 位聯絡人"}},"genericProgress":"{{current}}/{{total}}","facebook-import-msg":{"_index":["plural","imported"],"_":{"zero":"未匯入朋友（共 {{total}} 位）","one":"已匯入 1 位朋友（共 {{total}} 位）","two":"已匯入 {{imported}}/{{total}} 位朋友","few":"已匯入 {{imported}}/{{total}} 位朋友","many":"已匯入 {{imported}}/{{total}} 位朋友","other":"已匯入 {{imported}}/{{total}} 位朋友"}},"contactsMerged":{"_index":["plural","numDups"],"_":{"zero":"No duplicated contacts merged","one":"One duplicated contact merged","two":"{{numDups}} contacts merged","few":"{{numDups}} contacts merged","many":"{{numDups}} contacts merged","other":"{{numDups}} contacts merged"}}}