{"addNewNumber":"Ȧȧḓḓ ƞḗḗẇ ƞŭŭḿƀḗḗř","addToExistingContact":"Ȧȧḓḓ ŧǿǿ ḗḗẋīīşŧīīƞɠ ƈǿǿƞŧȧȧƈŧ","all":{"_":"Ȧȧŀŀ","ariaLabel":"Ȧȧŀŀ"},"asterisk":{"ariaLabel":"Ȧȧşŧḗḗřīīşķ"},"callLog":"Ƈȧȧŀŀ ŀǿǿɠ","callLogEdit":{"title":"Ḗḗḓīīŧ ƈȧȧŀŀ ŀǿǿɠ"},"callLogEditDialog":{"ariaLabel":"Ḗḗḓīīŧ ƈȧȧŀŀ ŀǿǿɠ ḓīīȧȧŀǿǿɠ"},"connecting":"Ƈǿǿƞƞḗḗƈŧīīƞɠ","cancel":"Ƈȧȧƞƈḗḗŀ","cf-async":"Ȧȧşẏƞƈħřǿǿƞǿǿŭŭş: {{ async }}\\ƞ","cf-data":"Ḓȧȧŧȧȧ: {{ data }}\\ƞ","cf-error":"Ȧȧƞ ḗḗřřǿǿř ǿǿƈƈŭŭřřḗḗḓ ẇħīīŀḗḗ řḗḗŧřīīḗḗṽīīƞɠ ƈȧȧŀŀ ƒǿǿřẇȧȧřḓīīƞɠ şŧȧȧŧŭŭş","cf-fax":"ƑȦȧẊ: {{ fax }}\\ƞ","cf-inactive":"Īīƞȧȧƈŧīīṽḗḗ","cf-packet":"Ƥȧȧƈķḗḗŧ: {{ packet }}\\ƞ","cf-pad":"ƤȦȧḒ: {{ pad }}\\ƞ","cf-sms":"ŞḾŞ: {{ sms }}\\ƞ","cf-status":"Ƈȧȧŀŀ ƒǿǿřẇȧȧřḓīīƞɠ şŧȧȧŧŭŭş\\ƞ","cf-sync":"Şẏƞƈħřǿǿƞǿǿŭŭş: {{ sync }}\\ƞ","cf-voice":"Ṽǿǿīīƈḗḗ: {{ voice }}\\ƞ","close":"Ƈŀǿǿşḗḗ","confirm-deletion":"Ƈŀḗḗȧȧř şḗḗŀḗḗƈŧḗḗḓ ƈȧȧŀŀş?","contacts":{"ariaLabel":"Ƈǿǿƞŧȧȧƈŧş"},"createNewContact":"Ƈřḗḗȧȧŧḗḗ ƞḗḗẇ ƈǿǿƞŧȧȧƈŧ","delete":"Ḓḗḗŀḗḗŧḗḗ","deselectAll":"Ḓḗḗşḗḗŀḗḗƈŧ ȧȧŀŀ","dialerAddContact":{"ariaLabel":"Ȧȧḓḓ ƈǿǿƞŧȧȧƈŧ"},"dialerAddContactDialog":{"ariaLabel":"Ȧȧḓḓ Ƈǿǿƞŧȧȧƈŧ Ḓīīȧȧŀǿǿɠ"},"edit-selected":{"_":{"one":"{{ n }} şḗḗŀḗḗƈŧḗḗḓ","two":"{{ n }} şḗḗŀḗḗƈŧḗḗḓ","few":"{{ n }} şḗḗŀḗḗƈŧḗḗḓ","many":"{{ n }} şḗḗŀḗḗƈŧḗḗḓ","other":"{{ n }} şḗḗŀḗḗƈŧḗḗḓ"}},"edit":"Ḗḗḓīīŧ","hashSign":{"ariaLabel":"Ħȧȧşħ şīīɠƞ"},"hideKeypad":{"ariaLabel":"Ħīīḓḗḗ ķḗḗẏƥȧȧḓ"},"ignore":"Īīɠƞǿǿřḗḗ Ƈȧȧŀŀ","incoming":"Īīƞƈǿǿḿīīƞɠ","keypad":{"ariaLabel":"Ķḗḗẏƥȧȧḓ"},"keypadDelete":{"ariaLabel":"Ḓḗḗŀḗḗŧḗḗ"},"makeCall":{"ariaLabel":"Ḿȧȧķḗḗ ƈȧȧŀŀ"},"merge":"Ḿḗḗřɠḗḗ","missed":{"_":"Ḿīīşşḗḗḓ","ariaLabel":"Ḿīīşşḗḗḓ"},"missedCall":"Ḿīīşşḗḗḓ ƈȧȧŀŀ","missedCallMultiSims":"(ŞĪīḾ {{ n }}) Ḿīīşşḗḗḓ ƈȧȧŀŀ","mmi-error":"Ȧȧƞ ḗḗřřǿǿř ǿǿƈƈŭŭřřḗḗḓ ẇħīīŀḗḗ şḗḗƞḓīīƞɠ ŧħḗḗ ḿḗḗşşȧȧɠḗḗ","mmi-session-expired":"Şḗḗşşīīǿǿƞ ḗḗẋƥīīřḗḗḓ","mmi-successfully-sent":"Ḿḗḗşşȧȧɠḗḗ şŭŭƈƈḗḗşşƒŭŭŀŀẏ şḗḗƞŧ","mmi-notification-title-with-sim":"({{sim}}) {{title}}","mute":{"ariaLabel":"Ḿŭŭŧḗḗ"},"newCall":{"ariaLabel":"Ƞḗḗẇ ƈȧȧŀŀ"},"no-logs-msg-1":"Ƞǿǿ ƈȧȧŀŀş řḗḗƈǿǿřḓḗḗḓ","no-logs-msg-2":"Şŧȧȧřŧ ƈǿǿḿḿŭŭƞīīƈȧȧŧīīƞɠ ƞǿǿẇ","no-logs-msg-3":"Ƞǿǿ ḿīīşşḗḗḓ ƈȧȧŀŀş","phoneNumberInput":{"ariaLabel":"Ƥħǿǿƞḗḗ ƞŭŭḿƀḗḗř"},"recents":{"ariaLabel":"Řḗḗƈḗḗƞŧ ƈȧȧŀŀş"},"reply":"Řḗḗƥŀẏ","selectAll":"Şḗḗŀḗḗƈŧ ȧȧŀŀ","send":"Şḗḗƞḓ","switch-calls":"Şẇīīŧƈħ ƈȧȧŀŀş","today":"Ŧǿǿḓȧȧẏ","voiceMailKey":{"ariaLabel":"Ṽǿǿīīƈḗḗḿȧȧīīŀ"},"withheld-number":"Ẇīīŧħħḗḗŀḓ ƞŭŭḿƀḗḗř","from-contact":"Ƒřǿǿḿ {{ contact }}","from-number":"Ƒřǿǿḿ {{ number }}","from-withheld-number":"Ƒřǿǿḿ ẇīīŧħħḗḗŀḓ ƞŭŭḿƀḗḗř","yesterday":"Ẏḗḗşŧḗḗřḓȧȧẏ","sending":"Şḗḗƞḓīīƞɠ…","speakerOption":{"ariaLabel":"Şƥḗḗȧȧķḗḗř"},"ussd-services":"{{ operator }} şḗḗřṽīīƈḗḗş","toggleKeypad":{"ariaLabel":"Ŧǿǿɠɠŀḗḗ ķḗḗẏƥȧȧḓ"},"type-your-response":{"placeholder":"Ŧẏƥḗḗ ẏǿǿŭŭř řḗḗşƥǿǿƞşḗḗ…"},"clear-all-text":"Ƈŀḗḗȧȧř ȧȧŀŀ ŧḗḗẋŧ","hide":"Ħīīḓḗḗ","call":"Ƈȧȧŀŀ","hold":{"ariaLabel":"Ħǿǿŀḓ"},"resume":{"_":"Řḗḗşŭŭḿḗḗ","ariaLabel":"Řḗḗşŭŭḿḗḗ"},"sendSms":"Şḗḗƞḓ Ḿḗḗşşȧȧɠḗḗ","callEnded":"Ƈȧȧŀŀ Ḗḗƞḓḗḗḓ","via-sim":"ṽīīȧȧ ŞĪīḾ{{ n }}","sim-number":"ŞĪīḾ{{ n }}","hangup-a11y-button":{"ariaLabel":"Ħȧȧƞɠ Ŭŭƥ"},"pickup-a11y-button":{"ariaLabel":"Ƥīīƈķ ŭŭƥ"},"unlock-a11y-button":{"ariaLabel":"Şŀīīḓḗḗř"},"settings":"Şḗḗŧŧīīƞɠş","delete-n-log?":{"_":{"zero":"Ƞǿǿŧħīīƞɠ şḗḗŀḗḗƈŧḗḗḓ","one":"Ḓḗḗŀḗḗŧḗḗ şḗḗŀḗḗƈŧḗḗḓ ŀǿǿɠ?","two":"Ḓḗḗŀḗḗŧḗḗ {{ n }} ŀǿǿɠş?","few":"Ḓḗḗŀḗḗŧḗḗ {{ n }} ŀǿǿɠş?","many":"Ḓḗḗŀḗḗŧḗḗ {{ n }} ŀǿǿɠş?","other":"Ḓḗḗŀḗḗŧḗḗ {{ n }} ŀǿǿɠş?"}},"callDurationMinutes":"{{ m }}:{{ s }}","callDurationHours":"{{ h }}:{{ m }}:{{ s}}","suggestionMatches":{"_":{"one":"{{ n }} ḿȧȧŧƈħ ƒǿǿř \"{{ matchNumber }}\"","two":"{{ n }} ḿȧȧŧƈħḗḗş ƒǿǿř \"{{ matchNumber }}\"","few":"{{ n }} ḿȧȧŧƈħḗḗş ƒǿǿř \"{{ matchNumber }}\"","many":"{{ n }} ḿȧȧŧƈħḗḗş ƒǿǿř \"{{ matchNumber }}\"","other":"{{ n }} ḿȧȧŧƈħḗḗş ƒǿǿř \"{{ matchNumber }}\""}},"scCallBarring":"Ƈȧȧŀŀ ƀȧȧřřīīƞɠ","scCallForwarding":"Ƈȧȧŀŀ ƒǿǿřẇȧȧřḓīīƞɠ","scClip":"Īīƞƈǿǿḿīīƞɠ Ƈȧȧŀŀḗḗř ĪīḒ","scClir":"Ǿǿŭŭŧɠǿǿīīƞɠ Ƈȧȧŀŀḗḗř ĪīḒ","scPwd":"Ƥȧȧşşẇǿǿřḓ ƈħȧȧƞɠḗḗ","scCallWaiting":"Ƈȧȧŀŀ ẇȧȧīīŧīīƞɠ","scPin":"ƤĪīȠ ƈħȧȧƞɠḗḗ","scPin2":"ƤĪīȠ2 ƈħȧȧƞɠḗḗ","scPuk":"Ŭŭƞƀŀǿǿƈķ ƤĪīȠ","scPuk2":"Ŭŭƞƀŀǿǿƈķ ƤĪīȠ2","scImei":"ĪīḾḖḗĪī","scUssd":"ŬŭŞŞḒ","serviceClassVoice":"Ṽǿǿīīƈḗḗ","serviceClassData":"Ḓȧȧŧȧȧ","serviceClassFax":"ƑȦȧẊ","serviceClassSms":"ŞḾŞ","serviceClassDataSync":"Şẏƞƈ","serviceClassDataAsync":"Ȧȧşẏƞƈ","serviceClassPacket":"Ƥȧȧƈķḗḗŧ","serviceClassPad":"ƤȦȧḒ","smServiceEnabled":"Şḗḗřṽīīƈḗḗ ẇȧȧş ḗḗƞȧȧƀŀḗḗḓ","smServiceDisabled":"Şḗḗřṽīīƈḗḗ ħȧȧş ƀḗḗḗḗƞ ḓīīşȧȧƀŀḗḗḓ","smServiceRegistered":"Řḗḗɠīīşŧřȧȧŧīīǿǿƞ ẇȧȧş şŭŭƈƈḗḗşşƒŭŭŀ","smServiceErased":"Ḗḗřȧȧşŭŭřḗḗ ẇȧȧş şŭŭƈƈḗḗşşƒŭŭŀ","smServiceInterrogated":"Řḗḗɋŭŭḗḗşŧ ẇȧȧş şŭŭƈƈḗḗşşƒŭŭŀ","smServiceNotProvisioned":"Şḗḗřṽīīƈḗḗ ƞǿǿŧ ƥřǿǿṽīīşīīǿǿƞḗḗḓ","smClirPermanent":"Ẏǿǿŭŭ ƈȧȧƞ ƞǿǿŧ ƈħȧȧƞɠḗḗ ŧħḗḗ ƈȧȧŀŀḗḗř ĪīḒ şḗḗŧŧīīƞɠ","smClirDefaultOnNextCallOn":"Ƈȧȧŀŀḗḗř ĪīḒ ḓḗḗƒȧȧŭŭŀŧş ŧǿǿ řḗḗşŧřīīƈŧḗḗḓ. Ƞḗḗẋŧ ƈȧȧŀŀ: Řḗḗşŧřīīƈŧḗḗḓ","smClirDefaultOnNextCallOff":"Ƈȧȧŀŀḗḗř ĪīḒ ḓḗḗƒȧȧŭŭŀŧş ŧǿǿ řḗḗşŧřīīƈŧḗḗḓ. Ƞḗḗẋŧ ƈȧȧŀŀ: Ƞǿǿŧ řḗḗşŧřīīƈŧḗḗḓ","smClirDefaultOffNextCallOn":"Ƈȧȧŀŀḗḗř ĪīḒ ḓḗḗƒȧȧŭŭŀŧş ŧǿǿ ƞǿǿŧ řḗḗşŧřīīƈŧḗḗḓ. Ƞḗḗẋŧ ƈȧȧŀŀ: Řḗḗşŧřīīƈŧḗḗḓ","smClirDefaultOffNextCallOff":"Ƈȧȧŀŀḗḗř ĪīḒ ḓḗḗƒȧȧŭŭŀŧş ŧǿǿ ƞǿǿŧ řḗḗşŧřīīƈŧḗḗḓ. Ƞḗḗẋŧ ƈȧȧŀŀ: Ƞǿǿŧ řḗḗşŧřīīƈŧḗḗḓ","smServiceEnabledFor":"Şḗḗřṽīīƈḗḗ ẇȧȧş ḗḗƞȧȧƀŀḗḗḓ ƒǿǿř:","smPinChanged":"ƤĪīȠ şŭŭƈƈḗḗşşƒŭŭŀŀẏ ƈħȧȧƞɠḗḗḓ","smPinUnblocked":"ƤĪīȠ şŭŭƈƈḗḗşşƒŭŭŀŀẏ ŭŭƞƀŀǿǿƈķḗḗḓ","smPin2Changed":"ƤĪīȠ2 şŭŭƈƈḗḗşşƒŭŭŀŀẏ ƈħȧȧƞɠḗḗḓ","smPin2Unblocked":"ƤĪīȠ2 şŭŭƈƈḗḗşşƒŭŭŀŀẏ ŭŭƞƀŀǿǿƈķḗḗḓ","emMmiError":"Ƈǿǿƞƞḗḗƈŧīīǿǿƞ ƥřǿǿƀŀḗḗḿ ǿǿř īīƞṽȧȧŀīīḓ ḾḾĪī ƈǿǿḓḗḗ","emMmiErrorPasswordIncorrect":"Īīƞƈǿǿřřḗḗƈŧ Ƥȧȧşşẇǿǿřḓ","emMmiErrorNotSupported":"Īīƞṽȧȧŀīīḓ ǿǿř Ŭŭƞşŭŭƥƥǿǿřŧḗḗḓ ḾḾĪī Ƈǿǿḓḗḗ","emMmiErrorInvalidAction":"Īīƞṽȧȧŀīīḓ ȧȧƈŧīīǿǿƞ","emMmiErrorInvalidScCode":"Īīƞṽȧȧŀīīḓ şḗḗřṽīīƈḗḗ ƈǿǿḓḗḗ","emMmiErrorBadPuk":"Ŧħḗḗ ƤŬŭĶ ẏǿǿŭŭ ŧẏƥḗḗḓ īīş ƞǿǿŧ ƈǿǿřřḗḗƈŧ","emMmiErrorBadPin":"Ŧħḗḗ ǿǿŀḓ ƤĪīȠ ẏǿǿŭŭ ŧẏƥḗḗḓ īīş ƞǿǿŧ ƈǿǿřřḗḗƈŧ.","emMmiErrorNeedPuk2":"Ŧẏƥḗḗ ƤŬŭĶ2 ŧǿǿ ŭŭƞƀŀǿǿƈķ ŞĪīḾ ƈȧȧřḓ","emMmiErrorMismatchPin":"Ŧħḗḗ ƤĪīȠş ẏǿǿŭŭ ŧẏƥḗḗḓ ḓǿǿ ƞǿǿŧ ḿȧȧŧƈħ","emMmiErrorInvalidPin":"Ŧẏƥḗḗ ȧȧ ƤĪīȠ ŧħȧȧŧ īīş 4 ŧǿǿ 8 ƞŭŭḿƀḗḗřş","emMmiErrorNeedsPuk":"Ẏǿǿŭŭř ŞĪīḾ ƈȧȧřḓ īīş ƤŬŭĶ-ŀǿǿƈķḗḗḓ","emMmiErrorEnablePin":"Ŭŭƞşŭŭƈƈḗḗşşƒŭŭŀ. Ḗḗƞȧȧƀŀḗḗ ŞĪīḾ/ŘŬŭĪīḾ ĿǾǿƇĶ","emMmiErrorMmiFdn":"Ǿǿƥḗḗřȧȧŧīīǿǿƞ īīş řḗḗşŧřīīƈŧḗḗḓ ŧǿǿ ƒīīẋḗḗḓ ḓīīȧȧŀīīƞɠ ƞŭŭḿƀḗḗřş ǿǿƞŀẏ","emMmiErrorStkCcUssdDial":"ŬŭŞŞḒ řḗḗɋŭŭḗḗşŧ īīş ḿǿǿḓīīƒīīḗḗḓ ŧǿǿ ḒĪīȦȧĿ řḗḗɋŭŭḗḗşŧ","emMmiErrorStkCcUssdSs":"ŬŭŞŞḒ řḗḗɋŭŭḗḗşŧ īīş ḿǿǿḓīīƒīīḗḗḓ ŧǿǿ ŞŞ řḗḗɋŭŭḗḗşŧ","emMmiErrorStkCcUssdUssd":"ŬŭŞŞḒ řḗḗɋŭŭḗḗşŧ īīş ḿǿǿḓīīƒīīḗḗḓ ŧǿǿ ƞḗḗẇ ŬŭŞŞḒ řḗḗɋŭŭḗḗşŧ","emMmiErrorStkCcSsDial":"ŞŞ řḗḗɋŭŭḗḗşŧ īīş ḿǿǿḓīīƒīīḗḗḓ ŧǿǿ ḒĪīȦȧĿ řḗḗɋŭŭḗḗşŧ","emMmiErrorStkCcSsUssd":"ŞŞ řḗḗɋŭŭḗḗşŧ īīş ḿǿǿḓīīƒīīḗḗḓ ŧǿǿ ŬŭŞŞḒ řḗḗɋŭŭḗḗşŧ","emMmiErrorStkCcSsSs":"ŞŞ řḗḗɋŭŭḗḗşŧ īīş ḿǿǿḓīīƒīīḗḗḓ ŧǿǿ ƞḗḗẇ ŞŞ řḗḗɋŭŭḗḗşŧ","emMmiErrorPinPukAttempts":{"_":{"one":"Ǿǿƞŀẏ {{ n }} řḗḗŧřẏ ŀḗḗƒŧ","two":"{{ n }} řḗḗŧřīīḗḗş ŀḗḗƒŧ","few":"{{ n }} řḗḗŧřīīḗḗş ŀḗḗƒŧ","many":"{{ n }} řḗḗŧřīīḗḗş ŀḗḗƒŧ","other":"{{ n }} řḗḗŧřīīḗḗş ŀḗḗƒŧ"}},"emMmiErrorSimBlocked":"Ḿȧȧẋīīḿŭŭḿ ƞŭŭḿƀḗḗř ǿǿƒ řḗḗŧřīīḗḗş ḗḗẋƈḗḗḗḗḓḗḗḓ. ŞĪīḾ ƀŀǿǿƈķḗḗḓ","RadioNotAvailable":"Řȧȧḓīīǿǿ ƞǿǿŧ ȧȧṽȧȧīīŀȧȧƀŀḗḗ","GenericFailure":"Ɠḗḗƞḗḗřīīƈ ƒȧȧīīŀŭŭřḗḗ","PasswordIncorrect":"Ƥȧȧşşẇǿǿřḓ īīƞƈǿǿřřḗḗƈŧ","SimPin2":"ŞĪīḾ ƤĪīȠ2","SimPuk2":"ŞĪīḾ ƤŬŭĶ2","RequestNotSupported":"Řḗḗɋŭŭḗḗşŧ ƞǿǿŧ şŭŭƥƥǿǿřŧḗḗḓ","OpNotAllowedDuringVoiceCall":"Ǿǿƥḗḗřȧȧŧīīǿǿƞ ƞǿǿŧ ȧȧŀŀǿǿẇḗḗḓ ḓŭŭřīīƞɠ ṽǿǿīīƈḗḗ ƈȧȧŀŀ","SmsSendFailRetry":"ŞḾŞ şḗḗƞḓ ƒȧȧīīŀ řḗḗŧřẏ","SimAbsent":"ŞĪīḾ ȧȧƀşḗḗƞŧ","SubscriptionNotAvailable":"Şŭŭƀşƈřīīƥŧīīǿǿƞ ƞǿǿŧ ȧȧṽȧȧīīŀȧȧƀŀḗḗ","ModeNotSupported":"Ḿǿǿḓḗḗ ƞǿǿŧ şŭŭƥƥǿǿřŧḗḗḓ","FdnCheckFailure":"Ƒḓƞ ƈħḗḗƈķ ƒȧȧīīŀŭŭřḗḗ","IllegalSimOrMe":"Īīŀŀḗḗɠȧȧŀ ŞĪīḾ ǿǿř ḾḖḗ","DialModifiedToUssd":"Ḓīīȧȧŀ ḿǿǿḓīīƒīīḗḗḓ ŧǿǿ ŬŭŞŞḒ","DialModifiedToSs":"Ḓīīȧȧŀ ḿǿǿḓīīƒīīḗḗḓ ŧǿǿ ŞŞ","DialModifiedToDial":"Ḓīīȧȧŀ ḿǿǿḓīīƒīīḗḗḓ ŧǿǿ ḓīīȧȧŀ","UssdModifiedToDial":"ŬŭŞŞḒ ḿǿǿḓīīƒīīḗḗḓ ŧǿǿ ḓīīȧȧŀ","UssdModifiedToSs":"ŬŭŞŞḒ ḿǿǿḓīīƒīīḗḗḓ ŧǿǿ ŞŞ","UssdModifiedToUssd":"ŬŭŞŞḒ ḿǿǿḓīīƒīīḗḗḓ ŧǿǿ ŬŭŞŞḒ","SsModifiedToDial":"ŞŞ ḿǿǿḓīīƒīīḗḗḓ ŧǿǿ ḓīīȧȧŀ","SsModifiedToUssd":"ŞŞ ḿǿǿḓīīƒīīḗḗḓ ŧǿǿ ŬŭŞŞḒ","SsModifiedToSs":"ŞŞ ḿǿǿḓīīƒīīḗḗḓ ŧǿǿ ŞŞ","SubscriptionNotSupported":"Şŭŭƀşƈřīīƥŧīīǿǿƞ ƞǿǿŧ şŭŭƥƥǿǿřŧḗḗḓ","InvalidParameter":"Īīƞṽȧȧŀīīḓ ƥȧȧřȧȧḿḗḗŧḗḗř","RejectedByRemote":"Řḗḗĵḗḗƈŧḗḗḓ ƀẏ řḗḗḿǿǿŧḗḗ","conference":{"_":{"one":"Ƈǿǿƞƒḗḗřḗḗƞƈḗḗ ({{ n }})","two":"Ƈǿǿƞƒḗḗřḗḗƞƈḗḗ ({{ n }})","few":"Ƈǿǿƞƒḗḗřḗḗƞƈḗḗ ({{ n }})","many":"Ƈǿǿƞƒḗḗřḗḗƞƈḗḗ ({{ n }})","other":"Ƈǿǿƞƒḗḗřḗḗƞƈḗḗ ({{ n }})"}},"caller-left-call":"{{ caller }} ħȧȧş ŀḗḗƒŧ ŧħḗḗ ƈȧȧŀŀ.","conferenceAddError":"Ŭŭƞȧȧƀŀḗḗ ŧǿǿ ḿḗḗřɠḗḗ ƈȧȧŀŀş","conferenceRemoveError":"Ŭŭƞȧȧƀŀḗḗ ŧǿǿ ŭŭƞḿḗḗřɠḗḗ ƈȧȧŀŀş","longDateFormat":"%A, %B %e","select-audio-sources":"Şḗḗŀḗḗƈŧ ȧȧŭŭḓīīǿǿ şǿǿŭŭřƈḗḗş","bluetooth-handsfree-device":"Ɓŀŭŭḗḗŧǿǿǿǿŧħ ħȧȧƞḓşƒřḗḗḗḗ ḓḗḗṽīīƈḗḗ","receiver":"Řḗḗƈḗḗīīṽḗḗř","speaker":"Şƥḗḗȧȧķḗḗř"}