{"wrapper-search-name":"{{topic}} ǿǿƞ {{name}}","contextmenu-add-wallpaper":"Ƈħȧȧƞɠḗḗ Ẇȧȧŀŀƥȧȧƥḗḗř","contextmenu-add-smart-collections":"Ȧȧḓḓ Şḿȧȧřŧ Ƈǿǿŀŀḗḗƈŧīīǿǿƞş","delete-title":"Ḓḗḗŀḗḗŧḗḗ {{name}}","delete-body":"{{name}} ȧȧƞḓ ȧȧŀŀ ǿǿƒ īīŧş ḓȧȧŧȧȧ ẇīīŀŀ ƀḗḗ ḓḗḗŀḗḗŧḗḗḓ.","delete":"Ḓḗḗŀḗḗŧḗḗ","cancel":"Ƈȧȧƞƈḗḗŀ","remove-title-2":"Řḗḗḿǿǿṽḗḗ {{name}}","remove-body":"Řḗḗḿǿǿṽḗḗ {{name}} ƒřǿǿḿ ŧħḗḗ ħǿǿḿḗḗşƈřḗḗḗḗƞ?","remove":"Řḗḗḿǿǿṽḗḗ","longDateFormat":"%A, %B %e","download":"Ḓǿǿẇƞŀǿǿȧȧḓ","restart-download-title":"Řḗḗşŧȧȧřŧ Ḓǿǿẇƞŀǿǿȧȧḓ","restart-download-body":"Ḓǿǿ ẏǿǿŭŭ ẇȧȧƞŧ ŧǿǿ ḓǿǿẇƞŀǿǿȧȧḓ {{name}}?","loadingEvme2":"Ŀǿǿȧȧḓīīƞɠ…","evme-searchbar-default":{"_":"Ḗḗṽḗḗřẏŧħīīƞɠ…","placeholder":"Īī’ḿ ŧħīīƞķīīƞɠ ǿǿƒ…"},"evme-searchbar-default2":{"_":"Īī’ḿ ŧħīīƞķīīƞɠ ǿǿƒ…","placeholder":"Īī’ḿ ŧħīīƞķīīƞɠ ǿǿƒ…"},"evme-searchbar-clear":"Ɓȧȧƈķ","evme-searchbar-title":"Ḗḗṽḗḗřẏŧħīīƞɠ","evme-helper-default":"Ḗḗƞŧḗḗř ȧȧƞẏ ŧǿǿƥīīƈ ǿǿř şḗḗȧȧřƈħ ɋŭŭḗḗřẏ","evme-helper-default2":"Ḗḗƞŧḗḗř ȧȧƞẏ ŧǿǿƥīīƈ ǿǿř ķḗḗẏẇǿǿřḓ","evme-helper-dismiss":"Ḓīīşḿīīşş","evme-helper-no-refine":"Ƞǿǿ ǿǿƥŧīīǿǿƞş ƒǿǿŭŭƞḓ","evme-helper-history-title":"Ħīīşŧǿǿřẏ:","evme-helper-history-link":"Ħīīşŧǿǿřẏ","evme-helper-history-clear":"Ƈŀḗḗȧȧř ħīīşŧǿǿřẏ","evme-helper-didyoumean-title":"Ḓīīḓ ẏǿǿŭŭ ḿḗḗȧȧƞ:","evme-helper-refine-title":"Ḓīīḓ ẏǿǿŭŭ ḿḗḗȧȧƞ:","evme-helper-title-prefix":"Ḗḗṽḗḗřẏŧħīīƞɠ","evme-helper-title-empty":"Ḗḗṽḗḗřẏŧħīīƞɠ","evme-apps-market-download":"Ḓǿǿẇƞŀǿǿȧȧḓ","evme-apps-market-more-apps":"Ḿǿǿřḗḗ Ȧȧƥƥş","evme-apps-loading-app":"Ŀǿǿȧȧḓīīƞɠ…","evme-appsmore-loading":"Ŀǿǿȧȧḓīīƞɠ…","evme-alert-app-install-confirm":"Ȧȧḓḓ {{name}} ŧǿǿ Ħǿǿḿḗḗ Şƈřḗḗḗḗƞ?","evme-alert-app-install-exists":"{{name}} ẇȧȧş ȧȧŀřḗḗȧȧḓẏ ȧȧḓḓḗḗḓ ŧǿǿ Ħǿǿḿḗḗ Şƈřḗḗḗḗƞ","evme-alert-offline-smart-collections-more":"Ƈǿǿƞƞḗḗƈŧ ŧǿǿ ŧħḗḗ īīƞŧḗḗřƞḗḗŧ ŧǿǿ ȧȧḓḓ ḿǿǿřḗḗ Şḿȧȧřŧ Ƈǿǿŀŀḗḗƈŧīīǿǿƞş","evme-alert-save-wallpaper":"Şḗḗŧ ȧȧş ẇȧȧŀŀƥȧȧƥḗḗř?","evme-alert-no-more-smart-collections":"Ƞǿǿ Şḿȧȧřŧ Ƈǿǿŀŀḗḗƈŧīīǿǿƞş ŧǿǿ ȧȧḓḓ","evme-banner-app-install-success":"{{name}} ȧȧḓḓḗḗḓ ŧǿǿ Ħǿǿḿḗḗ Şƈřḗḗḗḗƞ","evme-banner-save-wallpaper":"Ẇȧȧŀŀƥȧȧƥḗḗř şḗḗŧ şŭŭƈƈḗḗşşƒŭŭŀŀẏ","evme-shortcuts-more":"Ḿǿǿřḗḗ","evme-collectionssuggest-loading":"Ŀǿǿȧȧḓīīƞɠ…","evme-collectionssuggest-loading-cancel":"Ƈȧȧƞƈḗḗŀ","evme-collectionssuggest-prompt-create-custom":"Ƈřḗḗȧȧŧḗḗ ẏǿǿŭŭř ǿǿẇƞ Şḿȧȧřŧ Ƈǿǿŀŀḗḗƈŧīīǿǿƞ","evme-backgroundimage-source-label":"Şǿǿŭŭřƈḗḗ:","evme-collection-title-prefix":"Ḗḗṽḗḗřẏŧħīīƞɠ","evme-collection-title-suffix":"Ƥħǿǿƞḗḗ","evme-collection-loading-more":"Ŀǿǿȧȧḓīīƞɠ…","evme-connectionmessage-apps":"Ƈǿǿƞƞḗḗƈŧ ŧǿǿ ŧħḗḗ īīƞŧḗḗřƞḗḗŧ ŧǿǿ ɠḗḗŧ ȧȧƥƥş ƒǿǿř {{query}}","evme-connectionmessage-apps-has-installed":"Ƈǿǿƞƞḗḗƈŧ ŧǿǿ ŧħḗḗ īīƞŧḗḗřƞḗḗŧ ŧǿǿ ɠḗḗŧ ḗḗṽḗḗƞ ḿǿǿřḗḗ ȧȧƥƥş ƒǿǿř {{query}}","evme-tips-app-explain":{"innerHTML":"Ƒīīƞḓ ŧħḗḗ ŧħīīƞɠş ẏǿǿŭŭ ŀǿǿṽḗḗ ẇīīŧħ ŧħḗḗ ƈǿǿǿǿŀḗḗşŧ ȧȧƥƥş."},"evme-tips-searchbar-focus":{"innerHTML":"Ƒǿǿř ḗḗẋȧȧḿƥŀḗḗ, ƒīīƞḓ ẏǿǿŭŭř ƒȧȧṽǿǿřīīŧḗḗ şīīƞɠḗḗř ǿǿř ƀȧȧƞḓ…"},"evme-tips-exact-results":{"innerHTML":"Ŧħḗḗşḗḗ ȧȧřḗḗ ŧħḗḗ ȧȧƥƥş ƒǿǿř <ƀ>{{query}}</ƀ>,<ƀř /><ƀř /> ŧȧȧƥ ȧȧƞẏ īīƈǿǿƞ ŧǿǿ ǿǿƥḗḗƞ īīŧ."},"evme-shortcut-custom":"Ƈŭŭşŧǿǿḿ…","evme-shortcut-id-astrology":"Ȧȧşŧřǿǿŀǿǿɠẏ","evme-shortcut-id-autos":"Ȧȧŭŭŧǿǿş","evme-shortcut-id-beauty":"Ɓḗḗȧȧŭŭŧẏ","evme-shortcut-id-books":"Ɓǿǿǿǿķş","evme-shortcut-id-celebs":"Ƈḗḗŀḗḗƀş","evme-shortcut-id-daily-deals":"Ḓȧȧīīŀẏ Ḓḗḗȧȧŀş","evme-shortcut-id-dating":"Ḓȧȧŧīīƞɠ","evme-shortcut-id-electronics":"Ḗḗŀḗḗƈŧřǿǿƞīīƈş","evme-shortcut-id-email":"Ḗḗḿȧȧīīŀ","evme-shortcut-id-entertainment":"Ḗḗƞŧḗḗřŧȧȧīīƞḿḗḗƞŧ","evme-shortcut-id-environment":"Ḗḗƞṽīīřǿǿƞḿḗḗƞŧ","evme-shortcut-id-fashion":"Ƒȧȧşħīīǿǿƞ","evme-shortcut-id-funny":"Ƒŭŭƞƞẏ","evme-shortcut-id-games":"Ɠȧȧḿḗḗş","evme-shortcut-id-government":"Ɠǿǿṽḗḗřƞḿḗḗƞŧ","evme-shortcut-id-health":"Ħḗḗȧȧŀŧħ","evme-shortcut-id-jobs":"Ĵǿǿƀş","evme-shortcut-id-local":"Ŀǿǿƈȧȧŀ","evme-shortcut-id-maps":"Ḿȧȧƥş","evme-shortcut-id-movies":"Ḿǿǿṽīīḗḗş","evme-shortcut-id-music":"Ḿŭŭşīīƈ","evme-shortcut-id-new-apps":"Ƞḗḗẇ Ȧȧƥƥş","evme-shortcut-id-news":"Ƞḗḗẇş","evme-shortcut-id-photography":"Ƥħǿǿŧǿǿɠřȧȧƥħẏ","evme-shortcut-id-recipes":"Řḗḗƈīīƥḗḗş","evme-shortcut-id-restaurants":"Řḗḗşŧȧȧŭŭřȧȧƞŧş","evme-shortcut-id-shopping":"Şħǿǿƥƥīīƞɠ","evme-shortcut-id-social":"Şǿǿƈīīȧȧŀ","evme-shortcut-id-sports":"Şƥǿǿřŧş","evme-shortcut-id-tech-news":"Ŧḗḗƈħ Ƞḗḗẇş","evme-shortcut-id-top-apps":"Ŧǿǿƥ Ȧȧƥƥş","evme-shortcut-id-travel":"Ŧřȧȧṽḗḗŀ","evme-shortcut-id-tv":"ŦṼ","evme-shortcut-id-video":"Ṽīīḓḗḗǿǿ","evme-shortcut-id-utilities":"Ŭŭŧīīŀīīŧīīḗḗş","evme-shortcut-id-weather":"Ẇḗḗȧȧŧħḗḗř","evme-add-to-top-of-collection":"Ȧȧḓḓ ŧǿǿ ŧǿǿƥ ǿǿƒ ƈǿǿŀŀḗḗƈŧīīǿǿƞ","evme-save-to-homescreen":"Şȧȧṽḗḗ ŧǿǿ Ħǿǿḿḗḗşƈřḗḗḗḗƞ","edit-dialog-header":"Ḗḗḓīīŧ","edit-dialog-name":"Ẇḗḗƀşīīŧḗḗ ƞȧȧḿḗḗ","edit-dialog-url":"Ȧȧḓḓřḗḗşş","edit-dialog-cancel":"Ƈȧȧƞƈḗḗŀ","edit-dialog-done":"Ḓǿǿƞḗḗ","Showbiz":"Şħǿǿẇƀīīẑ","Social":"Şǿǿƈīīȧȧŀ","Games":"Ɠȧȧḿḗḗş","Music":"Ḿŭŭşīīƈ"}