{"install-marketplace-title":"تحميل {{ title }}","history":"HISTORY","top-sites":"TOP SITES","suggestions":{"ariaLabel":"Suggestions"},"contacts":{"ariaLabel":"Contacts"},"places":{"ariaLabel":"Places"},"apps":{"ariaLabel":"Apps"},"suggestions-notice":"Search suggestions are shown as you type. Go to the Homescreen section of Settings to change your search preferences.","ok":"OK","add-to-homescreen":"Add to homescreen","offline-webresults":"Connect to the internet to get apps for {{ searchQuery }}","gaia-grid-stop-download-title":"Stop {{name}}","gaia-grid-stop-download-body":"Do you want to stop the download in progress?","gaia-grid-stop-download-action":"Stop","gaia-grid-resume-download-title":"Restart Download","gaia-grid-resume-download-body":"Do you want to download {{name}}?","gaia-grid-resume-download-action":"Download","gaia-grid-unrecoverable-error-title":"Remove Application","gaia-grid-unrecoverable-error-body":"Cannot install application due to an unrecoverable error. Please try downloading again. The application will be removed.","gaia-grid-unrecoverable-error-action":"OK","gaia-grid-cancel":"Cancel"}