{"install-marketplace-title":"Īīƞşŧȧȧŀŀ {{ title }}","history":"ĦĪīŞŦǾǿŘẎ","top-sites":"ŦǾǿƤ ŞĪīŦḖḗŞ","suggestions":{"ariaLabel":"Şŭŭɠɠḗḗşŧīīǿǿƞş"},"contacts":{"ariaLabel":"Ƈǿǿƞŧȧȧƈŧş"},"places":{"ariaLabel":"Ƥŀȧȧƈḗḗş"},"apps":{"ariaLabel":"Ȧȧƥƥş"},"suggestions-notice":"Şḗḗȧȧřƈħ şŭŭɠɠḗḗşŧīīǿǿƞş ȧȧřḗḗ şħǿǿẇƞ ȧȧş ẏǿǿŭŭ ŧẏƥḗḗ. Ɠǿǿ ŧǿǿ ŧħḗḗ Ħǿǿḿḗḗşƈřḗḗḗḗƞ şḗḗƈŧīīǿǿƞ ǿǿƒ Şḗḗŧŧīīƞɠş ŧǿǿ ƈħȧȧƞɠḗḗ ẏǿǿŭŭř şḗḗȧȧřƈħ ƥřḗḗƒḗḗřḗḗƞƈḗḗş.","ok":"ǾǿĶ","add-to-homescreen":"Ȧȧḓḓ ŧǿǿ ħǿǿḿḗḗşƈřḗḗḗḗƞ","offline-webresults":"Ƈǿǿƞƞḗḗƈŧ ŧǿǿ ŧħḗḗ īīƞŧḗḗřƞḗḗŧ ŧǿǿ ɠḗḗŧ ȧȧƥƥş ƒǿǿř {{ searchQuery }}","gaia-grid-stop-download-title":"Şŧǿǿƥ {{name}}","gaia-grid-stop-download-body":"Ḓǿǿ ẏǿǿŭŭ ẇȧȧƞŧ ŧǿǿ şŧǿǿƥ ŧħḗḗ ḓǿǿẇƞŀǿǿȧȧḓ īīƞ ƥřǿǿɠřḗḗşş?","gaia-grid-stop-download-action":"Şŧǿǿƥ","gaia-grid-resume-download-title":"Řḗḗşŧȧȧřŧ Ḓǿǿẇƞŀǿǿȧȧḓ","gaia-grid-resume-download-body":"Ḓǿǿ ẏǿǿŭŭ ẇȧȧƞŧ ŧǿǿ ḓǿǿẇƞŀǿǿȧȧḓ {{name}}?","gaia-grid-resume-download-action":"Ḓǿǿẇƞŀǿǿȧȧḓ","gaia-grid-unrecoverable-error-title":"Řḗḗḿǿǿṽḗḗ Ȧȧƥƥŀīīƈȧȧŧīīǿǿƞ","gaia-grid-unrecoverable-error-body":"Ƈȧȧƞƞǿǿŧ īīƞşŧȧȧŀŀ ȧȧƥƥŀīīƈȧȧŧīīǿǿƞ ḓŭŭḗḗ ŧǿǿ ȧȧƞ ŭŭƞřḗḗƈǿǿṽḗḗřȧȧƀŀḗḗ ḗḗřřǿǿř. Ƥŀḗḗȧȧşḗḗ ŧřẏ ḓǿǿẇƞŀǿǿȧȧḓīīƞɠ ȧȧɠȧȧīīƞ. Ŧħḗḗ ȧȧƥƥŀīīƈȧȧŧīīǿǿƞ ẇīīŀŀ ƀḗḗ řḗḗḿǿǿṽḗḗḓ.","gaia-grid-unrecoverable-error-action":"ǾǿĶ","gaia-grid-cancel":"Ƈȧȧƞƈḗḗŀ"}