{"install-marketplace-title":"‮Iusʇɐʅʅ‬ {{ title }}","history":"‮HIS⊥Oᴚʎ‬","top-sites":"‮⊥OԀ‬ ‮SI⊥ƎS‬","suggestions":{"ariaLabel":"‮Snƃƃǝsʇıous‬"},"contacts":{"ariaLabel":"‮Ↄouʇɐɔʇs‬"},"places":{"ariaLabel":"‮Ԁʅɐɔǝs‬"},"apps":{"ariaLabel":"‮∀dds‬"},"suggestions-notice":"‮Sǝɐɹɔɥ‬ ‮snƃƃǝsʇıous‬ ‮ɐɹǝ‬ ‮sɥoʍu‬ ‮ɐs‬ ‮ʎon‬ ‮ʇʎdǝ‬. ‮פo‬ ‮ʇo‬ ‮ʇɥǝ‬ ‮Hoɯǝsɔɹǝǝu‬ ‮sǝɔʇıou‬ ‮oɟ‬ ‮Sǝʇʇıuƃs‬ ‮ʇo‬ ‮ɔɥɐuƃǝ‬ ‮ʎonɹ‬ ‮sǝɐɹɔɥ‬ ‮dɹǝɟǝɹǝuɔǝs‬.","ok":"‮OӼ‬","add-to-homescreen":"‮∀pp‬ ‮ʇo‬ ‮ɥoɯǝsɔɹǝǝu‬","offline-webresults":"‮Ↄouuǝɔʇ‬ ‮ʇo‬ ‮ʇɥǝ‬ ‮ıuʇǝɹuǝʇ‬ ‮ʇo‬ ‮ƃǝʇ‬ ‮ɐdds‬ ‮ɟoɹ‬ {{ searchQuery }}","gaia-grid-stop-download-title":"‮Sʇod‬ {{name}}","gaia-grid-stop-download-body":"‮po‬ ‮ʎon‬ ‮ʍɐuʇ‬ ‮ʇo‬ ‮sʇod‬ ‮ʇɥǝ‬ ‮poʍuʅoɐp‬ ‮ıu‬ ‮dɹoƃɹǝss‬?","gaia-grid-stop-download-action":"‮Sʇod‬","gaia-grid-resume-download-title":"‮ᴚǝsʇɐɹʇ‬ ‮poʍuʅoɐp‬","gaia-grid-resume-download-body":"‮po‬ ‮ʎon‬ ‮ʍɐuʇ‬ ‮ʇo‬ ‮poʍuʅoɐp‬ {{name}}?","gaia-grid-resume-download-action":"‮poʍuʅoɐp‬","gaia-grid-unrecoverable-error-title":"‮ᴚǝɯoʌǝ‬ ‮∀ddʅıɔɐʇıou‬","gaia-grid-unrecoverable-error-body":"‮Ↄɐuuoʇ‬ ‮ıusʇɐʅʅ‬ ‮ɐddʅıɔɐʇıou‬ ‮pnǝ‬ ‮ʇo‬ ‮ɐu‬ ‮nuɹǝɔoʌǝɹɐqʅǝ‬ ‮ǝɹɹoɹ‬. ‮Ԁʅǝɐsǝ‬ ‮ʇɹʎ‬ ‮poʍuʅoɐpıuƃ‬ ‮ɐƃɐıu‬. ‮⊥ɥǝ‬ ‮ɐddʅıɔɐʇıou‬ ‮ʍıʅʅ‬ ‮qǝ‬ ‮ɹǝɯoʌǝp‬.","gaia-grid-unrecoverable-error-action":"‮OӼ‬","gaia-grid-cancel":"‮Ↄɐuɔǝʅ‬"}