{"add-bookmark-header":"‮∀pp‬ ‮ʅıuʞ‬","edit-bookmark-header":"‮Ǝpıʇ‬ ‮ʅıuʞ‬","added-to-home-screen":"‮∀ppǝp‬ ‮ʇo‬ ‮Hoɯǝ‬ ‮Sɔɹǝǝu‬","updated-bookmark":"‮∩dpɐʇǝp‬ ‮qooʞɯɐɹʞ‬","website-name":"‮Ｍǝqsıʇǝ‬ ‮uɐɯǝ‬","address":"‮∀ppɹǝss‬","cancel-action":"‮Ↄɐuɔǝʅ‬","add-action":"‮∀pp‬ ‮ʇo‬ ‮Hoɯǝ‬ ‮Sɔɹǝǝu‬","done-action":"‮pouǝ‬","remove-title":"‮ᴚǝɯoʌǝ‬ {{name}}","remove-message":"‮ᴚǝɯoʌǝ‬ {{name}} ‮ɟɹoɯ‬ ‮sʎsʇǝɯ‬?","remove-action":"‮ᴚǝɯoʌǝ‬"}