{"add-bookmark-header":"Ȧȧḓḓ ŀīīƞķ","edit-bookmark-header":"Ḗḗḓīīŧ ŀīīƞķ","added-to-home-screen":"Ȧȧḓḓḗḗḓ ŧǿǿ Ħǿǿḿḗḗ Şƈřḗḗḗḗƞ","updated-bookmark":"Ŭŭƥḓȧȧŧḗḗḓ ƀǿǿǿǿķḿȧȧřķ","website-name":"Ẇḗḗƀşīīŧḗḗ ƞȧȧḿḗḗ","address":"Ȧȧḓḓřḗḗşş","cancel-action":"Ƈȧȧƞƈḗḗŀ","add-action":"Ȧȧḓḓ ŧǿǿ Ħǿǿḿḗḗ Şƈřḗḗḗḗƞ","done-action":"Ḓǿǿƞḗḗ","remove-title":"Řḗḗḿǿǿṽḗḗ {{name}}","remove-message":"Řḗḗḿǿǿṽḗḗ {{name}} ƒřǿǿḿ şẏşŧḗḗḿ?","remove-action":"Řḗḗḿǿǿṽḗḗ"}