{"wap-push-message":"ẆȦȧƤ Ƥŭŭşħ ḿḗḗşşȧȧɠḗḗ","close":"Ƈŀǿǿşḗḗ","accept":"Ȧȧƈƈḗḗƥŧ","quit":"Ɋŭŭīīŧ","cancel":"Ƈȧȧƞƈḗḗŀ","store":"Şŧǿǿřḗḗ","try-again":"Ŧřẏ ȧȧɠȧȧīīƞ","finish":"Ƒīīƞīīşħ","sim":"ŞĪīḾ {{id}}","dsds-notification-title-with-sim":"({{sim}}) {{title}}","this-message-has-expired":"Ŧħīīş ḿḗḗşşȧȧɠḗḗ ħȧȧş ḗḗẋƥīīřḗḗḓ","cp-pin":{"placeholder":"ƤĪīȠ"},"cp-message-received":"Ƈǿǿƞƒīīɠŭŭřȧȧŧīīǿǿƞ ḿḗḗşşȧȧɠḗḗ řḗḗƈḗḗīīṽḗḗḓ","cp-container-title":"ǾǿŦȦȧ Ȧȧƈƈḗḗşş Ƥǿǿīīƞŧ Ƈǿǿƞƒīīɠŭŭřȧȧŧīīǿǿƞ","cp-accept-help":"Ƈǿǿƞƒīīɠŭŭřȧȧŧīīǿǿƞ ḿḗḗşşȧȧɠḗḗ řḗḗƈḗḗīīṽḗḗḓ, ƈŀīīƈķ ǿǿƞ “Ȧȧƈƈḗḗƥŧ” ŧǿǿ ƈǿǿƞŧīīƞŭŭḗḗ.","cp-accept-help-pin":"Ŧħḗḗ ƤĪīȠ ƈǿǿḓḗḗ şħǿǿŭŭŀḓ ħȧȧṽḗḗ ƀḗḗḗḗƞ ƥřǿǿṽīīḓḗḗḓ ŧǿǿ ẏǿǿŭŭ ƀẏ ẇħǿǿḿḗḗṽḗḗř şḗḗƞŧ ẏǿǿŭŭ ŧħḗḗ ƈǿǿƞƒīīɠŭŭřȧȧŧīīǿǿƞ ḿḗḗşşȧȧɠḗḗ.","cp-quit-app-confirm-dialog-message":"Ŧħḗḗ ḿḗḗşşȧȧɠḗḗ ħȧȧş ƞǿǿŧ ƀḗḗḗḗƞ ƥřǿǿƈḗḗşşḗḗḓ ẏḗḗŧ, ḓǿǿ ẏǿǿŭŭ řḗḗȧȧŀŀẏ ẇȧȧƞŧ ŧǿǿ ɋŭŭīīŧ?","cp-auth-failure-confirm-dialog-message":"Ŧħḗḗ ƤĪīȠ ẏǿǿŭŭ ħȧȧṽḗḗ ḗḗƞŧḗḗřḗḗḓ īīş īīƞƈǿǿřřḗḗƈŧ. Ŧħḗḗ ƤĪīȠ ƈǿǿḓḗḗ şħǿǿŭŭŀḓ ħȧȧṽḗḗ ƀḗḗḗḗƞ ƥřǿǿṽīīḓḗḗḓ ŧǿǿ ẏǿǿŭŭ ƀẏ ẇħǿǿḿḗḗṽḗḗř şḗḗƞŧ ẏǿǿŭŭ ŧħḗḗ ƈǿǿƞƒīīɠŭŭřȧȧŧīīǿǿƞ ḿḗḗşşȧȧɠḗḗ.","cp-store-confirm-dialog-message":"Ẏǿǿŭŭ ȧȧřḗḗ ȧȧƀǿǿŭŭŧ ŧǿǿ şŧǿǿřḗḗ ŧħḗḗ ƒǿǿŀŀǿǿẇīīƞɠ ȦȧƤȠ(ş) ǿǿƞ ẏǿǿŭŭř ƥħǿǿƞḗḗ:","cp-finish-confirm-dialog-message":"Ẇḗḗ ȧȧřḗḗ ḓǿǿƞḗḗ, ŧħḗḗ ȦȧƤȠ(ş) ȧȧřḗḗ ƞǿǿẇ şŧǿǿřḗḗḓ.","cp-finish-confirm-dialog-message-invalid-doc":"Ŧħḗḗ ƈǿǿƞƒīīɠŭŭřȧȧŧīīǿǿƞ ḿḗḗşşȧȧɠḗḗ ẏǿǿŭŭ řḗḗƈḗḗīīṽḗḗḓ ƈǿǿŭŭŀḓ ƞǿǿŧ ƀḗḗ ȧȧŭŭŧħḗḗƞŧīīƈȧȧŧḗḗḓ ȧȧɠȧȧīīƞşŧ ẏǿǿŭŭř ŞĪīḾ ƈȧȧřḓ, şǿǿ ƈȧȧƞƞǿǿŧ ƀḗḗ ŭŭşḗḗḓ ŧǿǿ ƈǿǿƞƒīīɠŭŭřḗḗ ẏǿǿŭŭř ḓḗḗṽīīƈḗḗ.","cp-finish-confirm-dialog-message-auth-error":"Ŧħḗḗřḗḗ ẇȧȧş ȧȧ ḗḗřřǿǿř ẇħīīŀḗḗ ȧȧŭŭŧħḗḗƞŧīīƈȧȧŧīīƞɠ ŧħḗḗ şḗḗƞḓḗḗř ǿǿƒ ŧħḗḗ ḿḗḗşşȧȧɠḗḗ.","cp-finish-confirm-dialog-message-auth-unsupported-mechanism":"Ŧħḗḗ ȧȧŭŭŧħḗḗƞŧīīƈȧȧŧīīǿǿƞ ḿḗḗƈħȧȧƞīīşḿ īīş ƞǿǿŧ şŭŭƥƥǿǿřŧḗḗḓ ẏḗḗŧ.","cp-finish-confirm-dialog-message-no-apns":"Ŧħḗḗ ƈǿǿƞƒīīɠŭŭřȧȧŧīīǿǿƞ ḿḗḗşşȧȧɠḗḗ ẏǿǿŭŭ řḗḗƈḗḗīīṽḗḗḓ ḓǿǿḗḗş ƞǿǿŧ ħȧȧṽḗḗ ṽȧȧŀīīḓ ȦȧƤȠş."}