{"wap-push-message":"‮Ｍ∀Ԁ‬ ‮Ԁnsɥ‬ ‮ɯǝssɐƃǝ‬","close":"‮Ↄʅosǝ‬","accept":"‮∀ɔɔǝdʇ‬","quit":"‮Ònıʇ‬","cancel":"‮Ↄɐuɔǝʅ‬","store":"‮Sʇoɹǝ‬","try-again":"‮⊥ɹʎ‬ ‮ɐƃɐıu‬","finish":"‮ɟıuısɥ‬","sim":"‮SIW‬ {{id}}","dsds-notification-title-with-sim":"({{sim}}) {{title}}","this-message-has-expired":"‮⊥ɥıs‬ ‮ɯǝssɐƃǝ‬ ‮ɥɐs‬ ‮ǝxdıɹǝp‬","cp-pin":{"placeholder":"‮ԀIN‬"},"cp-message-received":"‮Ↄouɟıƃnɹɐʇıou‬ ‮ɯǝssɐƃǝ‬ ‮ɹǝɔǝıʌǝp‬","cp-container-title":"‮O⊥∀‬ ‮∀ɔɔǝss‬ ‮Ԁoıuʇ‬ ‮Ↄouɟıƃnɹɐʇıou‬","cp-accept-help":"‮Ↄouɟıƃnɹɐʇıou‬ ‮ɯǝssɐƃǝ‬ ‮ɹǝɔǝıʌǝp‬, ‮ɔʅıɔʞ‬ ‮ou‬ “‮∀ɔɔǝdʇ‬” ‮ʇo‬ ‮ɔouʇıunǝ‬.","cp-accept-help-pin":"‮⊥ɥǝ‬ ‮ԀIN‬ ‮ɔopǝ‬ ‮sɥonʅp‬ ‮ɥɐʌǝ‬ ‮qǝǝu‬ ‮dɹoʌıpǝp‬ ‮ʇo‬ ‮ʎon‬ ‮qʎ‬ ‮ʍɥoɯǝʌǝɹ‬ ‮sǝuʇ‬ ‮ʎon‬ ‮ʇɥǝ‬ ‮ɔouɟıƃnɹɐʇıou‬ ‮ɯǝssɐƃǝ‬.","cp-quit-app-confirm-dialog-message":"‮⊥ɥǝ‬ ‮ɯǝssɐƃǝ‬ ‮ɥɐs‬ ‮uoʇ‬ ‮qǝǝu‬ ‮dɹoɔǝssǝp‬ ‮ʎǝʇ‬, ‮po‬ ‮ʎon‬ ‮ɹǝɐʅʅʎ‬ ‮ʍɐuʇ‬ ‮ʇo‬ ‮bnıʇ‬?","cp-auth-failure-confirm-dialog-message":"‮⊥ɥǝ‬ ‮ԀIN‬ ‮ʎon‬ ‮ɥɐʌǝ‬ ‮ǝuʇǝɹǝp‬ ‮ıs‬ ‮ıuɔoɹɹǝɔʇ‬. ‮⊥ɥǝ‬ ‮ԀIN‬ ‮ɔopǝ‬ ‮sɥonʅp‬ ‮ɥɐʌǝ‬ ‮qǝǝu‬ ‮dɹoʌıpǝp‬ ‮ʇo‬ ‮ʎon‬ ‮qʎ‬ ‮ʍɥoɯǝʌǝɹ‬ ‮sǝuʇ‬ ‮ʎon‬ ‮ʇɥǝ‬ ‮ɔouɟıƃnɹɐʇıou‬ ‮ɯǝssɐƃǝ‬.","cp-store-confirm-dialog-message":"‮ʎon‬ ‮ɐɹǝ‬ ‮ɐqonʇ‬ ‮ʇo‬ ‮sʇoɹǝ‬ ‮ʇɥǝ‬ ‮ɟoʅʅoʍıuƃ‬ ‮∀ԀN‬(‮s‬) ‮ou‬ ‮ʎonɹ‬ ‮dɥouǝ‬:","cp-finish-confirm-dialog-message":"‮Ｍǝ‬ ‮ɐɹǝ‬ ‮pouǝ‬, ‮ʇɥǝ‬ ‮∀ԀN‬(‮s‬) ‮ɐɹǝ‬ ‮uoʍ‬ ‮sʇoɹǝp‬.","cp-finish-confirm-dialog-message-invalid-doc":"‮⊥ɥǝ‬ ‮ɔouɟıƃnɹɐʇıou‬ ‮ɯǝssɐƃǝ‬ ‮ʎon‬ ‮ɹǝɔǝıʌǝp‬ ‮ɔonʅp‬ ‮uoʇ‬ ‮qǝ‬ ‮ɐnʇɥǝuʇıɔɐʇǝp‬ ‮ɐƃɐıusʇ‬ ‮ʎonɹ‬ ‮SIW‬ ‮ɔɐɹp‬, ‮so‬ ‮ɔɐuuoʇ‬ ‮qǝ‬ ‮nsǝp‬ ‮ʇo‬ ‮ɔouɟıƃnɹǝ‬ ‮ʎonɹ‬ ‮pǝʌıɔǝ‬.","cp-finish-confirm-dialog-message-auth-error":"‮⊥ɥǝɹǝ‬ ‮ʍɐs‬ ‮ɐ‬ ‮ǝɹɹoɹ‬ ‮ʍɥıʅǝ‬ ‮ɐnʇɥǝuʇıɔɐʇıuƃ‬ ‮ʇɥǝ‬ ‮sǝupǝɹ‬ ‮oɟ‬ ‮ʇɥǝ‬ ‮ɯǝssɐƃǝ‬.","cp-finish-confirm-dialog-message-auth-unsupported-mechanism":"‮⊥ɥǝ‬ ‮ɐnʇɥǝuʇıɔɐʇıou‬ ‮ɯǝɔɥɐuısɯ‬ ‮ıs‬ ‮uoʇ‬ ‮snddoɹʇǝp‬ ‮ʎǝʇ‬.","cp-finish-confirm-dialog-message-no-apns":"‮⊥ɥǝ‬ ‮ɔouɟıƃnɹɐʇıou‬ ‮ɯǝssɐƃǝ‬ ‮ʎon‬ ‮ɹǝɔǝıʌǝp‬ ‮poǝs‬ ‮uoʇ‬ ‮ɥɐʌǝ‬ ‮ʌɐʅıp‬ ‮∀ԀNs‬."}