{"brandShortName":"Ɓ2Ɠ ǾǿŞ","browserBrandShortName":"Ẇḗḗƀ Ɓřǿǿẇşḗḗř","browserBrandFullName":"Ḿǿǿẑīīŀŀȧȧ Ẇḗḗƀ Ɓřǿǿẇşḗḗř","ringtone-none":"Ƞǿǿƞḗḗ","ringer_classic_prism":"Ƈŀȧȧşşīīƈ Ƥřīīşḿ","ringer_classic_courier":"Ƈŀȧȧşşīīƈ Ƈǿǿŭŭřīīḗḗř","ringer_classic_touchmatic":"Ƈŀȧȧşşīīƈ Ŧǿǿŭŭƈħḿȧȧŧīīƈ","ringer_classic_electric":"Ƈŀȧȧşşīīƈ Ḗḗŀḗḗƈŧřīīƈ","ringer_classic_wallphone":"Ƈŀȧȧşşīīƈ Ẇȧȧŀŀƥħǿǿƞḗḗ","ringer_disco_drive":"Ḓīīşƈǿǿ Ḓřīīṽḗḗ","ringer_vamos_la_elektro":"Ṽȧȧḿǿǿş Ŀà Ḗḗŀḗḗķŧřǿǿ","ringer_digitalascent":"Ȧȧƞȧȧŀǿǿɠ Ȧȧşƈḗḗƞŧ","ringer_low_bit_swing":"Ŀǿǿẇ Ɓīīŧ Şẇīīƞɠ","ringer_ringing_gems":"Řīīƞɠīīƞɠ Ɠḗḗḿş","ringer_rain_echoes":"Řȧȧīīƞ Ḗḗƈħǿǿḗḗş","ringer_progressive_dapple":"Ƥřǿǿɠřḗḗşşīīṽḗḗ Ḓȧȧƥƥŀḗḗ","ringer_digital_dapple":"Ȧȧƞȧȧŀǿǿɠ Ḓȧȧƥƥŀḗḗ","ringer_loud_windchimes":"Ẇīīƞḓ Ƈħīīḿḗḗş","ringer_bitbounce":"Ɓīīŧ Ɓǿǿŭŭƞƈḗḗ","notifier_minimal_bands":"Ḿīīƞīīḿȧȧŀ Ɓȧȧƞḓş","notifier_exclamation":"Ḗḗẋƈŀȧȧḿȧȧŧīīǿǿƞ","notifier_boomer":"Ɓǿǿǿǿḿḗḗř","notifier_rewind":"Řḗḗẇīīƞḓ","notifier_bop":"Ɓǿǿƥ","notifier_ting":"Ŧīīƞɠ","notifier_bap":"Ɓȧȧƥ","notifier_dididi":"Ḓīīḓīīḓīī","notifier_spring":"Şƥřīīƞɠ","notifier_bell":"Ɓḗḗŀŀ","notifier_bell_extd":"Ɓḗḗŀŀ Ḗḗẋŧḗḗƞḓḗḗḓ","notifier_ring":"Řīīƞɠ","manage-title":"Ḿȧȧƞȧȧɠḗḗ Řīīƞɠŧǿǿƞḗḗş","actions-share":"Şħȧȧřḗḗ řīīƞɠŧǿǿƞḗḗ","actions-delete":"Ḓḗḗŀḗḗŧḗḗ řīīƞɠŧǿǿƞḗḗ","actions-cancel":"Ƈȧȧƞƈḗḗŀ","delete-title":"Ḓḗḗŀḗḗŧḗḗ Řīīƞɠŧǿǿƞḗḗ","delete-desc":"Ȧȧřḗḗ ẏǿǿŭŭ şŭŭřḗḗ ẏǿǿŭŭ ẇȧȧƞŧ ŧǿǿ ḓḗḗŀḗḗŧḗḗ \"{{tone}}\"?","delete-desc-default-ringtone":"\"{{tone}}\" īīş ŧħḗḗ ƈŭŭřřḗḗƞŧ ḓḗḗƒȧȧŭŭŀŧ řīīƞɠŧǿǿƞḗḗ.\n\nȦȧřḗḗ ẏǿǿŭŭ şŭŭřḗḗ ẏǿǿŭŭ ẇȧȧƞŧ ŧǿǿ ḓḗḗŀḗḗŧḗḗ īīŧ?","delete-desc-default-alerttone":"\"{{tone}}\" īīş ŧħḗḗ ƈŭŭřřḗḗƞŧ ḓḗḗƒȧȧŭŭŀŧ ȧȧŀḗḗřŧ.\n\nȦȧřḗḗ ẏǿǿŭŭ şŭŭřḗḗ ẏǿǿŭŭ ẇȧȧƞŧ ŧǿǿ ḓḗḗŀḗḗŧḗḗ īīŧ?","delete-cancel":"Ƈȧȧƞƈḗḗŀ","delete-confirm":"Ḓḗḗŀḗḗŧḗḗ","deleted-tone":"Řīīƞɠŧǿǿƞḗḗ ḓḗḗŀḗḗŧḗḗḓ.","created-tone":"Ƞḗḗẇ řīīƞɠŧǿǿƞḗḗ ƈřḗḗȧȧŧḗḗḓ.","set-default-tone":"Řīīƞɠŧǿǿƞḗḗ şḗḗŧ ȧȧş ḓḗḗƒȧȧŭŭŀŧ.","pick-title":"Şḗḗŀḗḗƈŧ Şǿǿŭŭƞḓ","pick-done":"Ḓǿǿƞḗḗ","list-title-ringtone":"Ƒīīřḗḗƒǿǿẋ Řīīƞɠŧǿǿƞḗḗş","list-title-alerttone":"Ȧȧŀḗḗřŧş","list-title-custom":"Ƈŭŭşŧǿǿḿ Řīīƞɠŧǿǿƞḗḗş","create-title":"Ƈřḗḗȧȧŧḗḗ Řīīƞɠŧǿǿƞḗḗ","create-save":"Şȧȧṽḗḗ","create-cancel":"Ƈȧȧƞƈḗḗŀ","play-error-title":"Ƈǿǿřřŭŭƥŧḗḗḓ Ƒīīŀḗḗ","play-error-desc":"Ŧħḗḗ ƒīīŀḗḗ īīş ƈǿǿřřŭŭƥŧḗḗḓ. Īīŧ ƈȧȧƞƞǿǿŧ ƀḗḗ ŭŭşḗḗḓ ŧǿǿ ƈřḗḗȧȧŧḗḗ ȧȧ řīīƞɠŧǿǿƞḗḗ.","save-error-title":"Řīīƞɠŧǿǿƞḗḗ Ƞǿǿŧ Ƈřḗḗȧȧŧḗḗḓ","save-error-desc":"Ŧħḗḗřḗḗ ẇȧȧş ȧȧƞ īīşşŭŭḗḗ ƈřḗḗȧȧŧīīƞɠ ŧħḗḗ řīīƞɠŧǿǿƞḗḗ. Ƥŀḗḗȧȧşḗḗ ŧřẏ ȧȧɠȧȧīīƞ.","default-label":"Ŭŭşḗḗ ȧȧş ḓḗḗƒȧȧŭŭŀŧ řīīƞɠŧǿǿƞḗḗ","ok":"ǾǿĶ","ringtone-untitled":"Ŭŭƞŧīīŧŀḗḗḓ","ringer_firefox":"{{brandShortName}}","notifier_firefox":"{{brandShortName}}"}