{"firefox-accounts-title":"Ƒīīřḗḗƒǿǿẋ Ȧȧƈƈǿǿŭŭƞŧş","fxa-next":"Ƞḗḗẋŧ","fxa-back":"Ɓȧȧƈķ","fxa-done":"Ḓǿǿƞḗḗ","fxa-ok":"ǾǿĶ","fxa-connection-error-title":"Ŭŭƞȧȧƀŀḗḗ ŧǿǿ Ƈǿǿƞƞḗḗƈŧ","fxa-connection-error-message":"Ẏǿǿŭŭ ƈȧȧƞ ƈřḗḗȧȧŧḗḗ ȧȧƞ ȧȧƈƈǿǿŭŭƞŧ ǿǿř şīīɠƞ īīƞ ƒřǿǿḿ Şḗḗŧŧīīƞɠş.","fxa-reset-password-error-title":"Řḗḗşḗḗŧ Ƥȧȧşşẇǿǿřḓ","fxa-reset-password-error-message":"Ẏǿǿŭŭ ƈȧȧƞ řḗḗşḗḗŧ ẏǿǿŭŭř ƥȧȧşşẇǿǿřḓ ƒřǿǿḿ Şḗḗŧŧīīƞɠş.","fxa-coppa-failure-error-title":"Ƈȧȧƞƞǿǿŧ Ƈřḗḗȧȧŧḗḗ Ȧȧƈƈǿǿŭŭƞŧ","fxa-coppa-failure-error-message":"Ẏǿǿŭŭ ḿŭŭşŧ ḿḗḗḗḗŧ ƈḗḗřŧȧȧīīƞ ȧȧɠḗḗ řḗḗɋŭŭīīřḗḗḿḗḗƞŧş ŧǿǿ ƈřḗḗȧȧŧḗḗ ȧȧ Ƒīīřḗḗƒǿǿẋ Ȧȧƈƈǿǿŭŭƞŧ. {{learnmore}}","fxa-learn-more":"Ŀḗḗȧȧřƞ ḿǿǿřḗḗ","fxa-offline-error-title":"Ŭŭƞȧȧƀŀḗḗ ŧǿǿ Ƈǿǿƞƞḗḗƈŧ","fxa-offline-error-message":"Ƥŀḗḗȧȧşḗḗ ƈǿǿƞƞḗḗƈŧ ŧǿǿ ȧȧ ƞḗḗŧẇǿǿřķ ƒřǿǿḿ Şḗḗŧŧīīƞɠş.","fxa-invalid-email-title":"Ḗḗřřǿǿř","fxa-invalid-email-message":"Ƥŀḗḗȧȧşḗḗ ḗḗƞŧḗḗř ȧȧ ṽȧȧŀīīḓ ḗḗḿȧȧīīŀ.","fxa-invalid-password-title":"Īīƞṽȧȧŀīīḓ Ƥȧȧşşẇǿǿřḓ","fxa-invalid-password-message":"Ƥŀḗḗȧȧşḗḗ ƈħḗḗƈķ ẏǿǿŭŭř ƥȧȧşşẇǿǿřḓ ȧȧƞḓ ŧřẏ ȧȧɠȧȧīīƞ.","fxa-unknown-error-title":"Ŭŭƞȧȧƀŀḗḗ ŧǿǿ Ƈǿǿƞƞḗḗƈŧ","fxa-unknown-error-message":"Şẏşŧḗḗḿ ŭŭƞȧȧṽȧȧīīŀȧȧƀŀḗḗ, ŧřẏ ȧȧɠȧȧīīƞ şǿǿǿǿƞ.","fxa-connecting":"Ƈǿǿƞƞḗḗƈŧīīƞɠ","fxa-enter-email-input":{"placeholder":"Ḗḗƞŧḗḗř ẏǿǿŭŭř ḗḗḿȧȧīīŀ"},"fxa-use-email-to-sign-in":"Ŭŭşḗḗ ẏǿǿŭŭř ḗḗḿȧȧīīŀ ȧȧḓḓřḗḗşş ŧǿǿ ƈřḗḗȧȧŧḗḗ ȧȧƞ ȧȧƈƈǿǿŭŭƞŧ ǿǿř şīīɠƞ īīƞ.","fxa-notice":"Ɓẏ ƥřǿǿƈḗḗḗḗḓīīƞɠ, Īī ȧȧɠřḗḗḗḗ ŧǿǿ ŧħḗḗ {{tos}} ȧȧƞḓ {{pn}} ǿǿƒ Ƒīīřḗḗƒǿǿẋ ƈŀǿǿŭŭḓ şḗḗřṽīīƈḗḗş.","fxa-tos":"Ŧḗḗřḿş ǿǿƒ Şḗḗřṽīīƈḗḗ","fxa-pn":"Ƥřīīṽȧȧƈẏ Ƞǿǿŧīīƈḗḗ","fxa-create-password-title":"Ƈřḗḗȧȧŧḗḗ ȧȧ Ƥȧȧşşẇǿǿřḓ","fxa-enter-password-title":"Ḗḗƞŧḗḗř Ẏǿǿŭŭř Ƥȧȧşşẇǿǿřḓ","fxa-hello-user":"Ħḗḗŀŀǿǿ, {{email}}","fxa-password-refresh":"Ƥŀḗḗȧȧşḗḗ ḗḗƞŧḗḗř ẏǿǿŭŭř Ƒīīřḗḗƒǿǿẋ Ȧȧƈƈǿǿŭŭƞŧ ƥȧȧşşẇǿǿřḓ ŧǿǿ ƈǿǿƞŧīīƞŭŭḗḗ.","fxa-password":{"placeholder":"Ƥȧȧşşẇǿǿřḓ"},"fxa-forgot-your-password":"Ƒǿǿřɠǿǿŧ ẏǿǿŭŭř ƥȧȧşşẇǿǿřḓ?","fxa-show-password":"Şħǿǿẇ ƥȧȧşşẇǿǿřḓ","fxa-password-length-requirement":"Ẏǿǿŭŭř ƥȧȧşşẇǿǿřḓ ḿŭŭşŧ ƀḗḗ ȧȧŧ ŀḗḗȧȧşŧ 8 ƈħȧȧřȧȧƈŧḗḗřş ŀǿǿƞɠ.","fxa-success":"Şŭŭƈƈḗḗşş!","fxa-ready-to-go":"Ẏǿǿŭŭř Ƒīīřḗḗƒǿǿẋ Ȧȧƈƈǿǿŭŭƞŧ īīş řḗḗȧȧḓẏ ŧǿǿ ɠǿǿ! ","fxa-use-features":"Ƞǿǿẇ ẏǿǿŭŭ ƈȧȧƞ ŭŭşḗḗ ƒḗḗȧȧŧŭŭřḗḗş ŀīīķḗḗ Ƒīīƞḓ Ḿẏ Ḓḗḗṽīīƈḗḗ ȧȧƞḓ ȧȧƥƥş ŀīīķḗḗ ŧħḗḗ Ƒīīřḗḗƒǿǿẋ Ḿȧȧřķḗḗŧƥŀȧȧƈḗḗ.","fxa-access-manage-account-settings":"Īīƞ ŧħḗḗ ƒŭŭŧŭŭřḗḗ, ẏǿǿŭŭ ƈȧȧƞ ȧȧƈƈḗḗşş ȧȧƞḓ ḿȧȧƞȧȧɠḗḗ ẏǿǿŭŭř ȧȧƈƈǿǿŭŭƞŧ ƒřǿǿḿ Şḗḗŧŧīīƞɠş.","fxa-confirm-account":"Ƈǿǿƞƒīīřḿ Ẏǿǿŭŭř Ȧȧƈƈǿǿŭŭƞŧ","fxa-will-send-email":"Ẇḗḗ ẇīīŀŀ şḗḗƞḓ ȧȧƞ ḗḗḿȧȧīīŀ ŧǿǿ: {{email}}","fxa-signup-click-verification-link-in-email":"Ƞḗḗẋŧ ŧīīḿḗḗ ẏǿǿŭŭ ƈħḗḗƈķ ẏǿǿŭŭř ḗḗḿȧȧīīŀ, ƈŀīīƈķ ŧħḗḗ ṽḗḗřīīƒīīƈȧȧŧīīǿǿƞ ŀīīƞķ ŧǿǿ ƈǿǿƞƒīīřḿ ẏǿǿŭŭř Ƒīīřḗḗƒǿǿẋ Ȧȧƈƈǿǿŭŭƞŧ.","fxa-age-verification":"Ȧȧɠḗḗ Ṽḗḗřīīƒīīƈȧȧŧīīǿǿƞ","fxa-age-1990-earlier":"1990 ǿǿř ḗḗȧȧřŀīīḗḗř","fxa-year-of-birth":"Ẏḗḗȧȧř ǿǿƒ Ɓīīřŧħ","share":"Şħȧȧřḗḗ","resend":"Řḗḗşḗḗƞḓ","connecting":"Ƈǿǿƞƞḗḗƈŧīīƞɠ","verify":"Ṽḗḗřīīƒẏ","verifying":"Ṽḗḗřīīƒẏīīƞɠ","verified":"Ṽḗḗřīīƒīīḗḗḓ","mobileIDExplanation":"{{app_name}} ẇǿǿŭŭŀḓ ŀīīķḗḗ ŧǿǿ ķƞǿǿẇ ȧȧƞḓ ṽḗḗřīīƒẏ ẏǿǿŭŭř ƥħǿǿƞḗḗ ƞŭŭḿƀḗḗř. Ƥŀḗḗȧȧşḗḗ ƈħǿǿǿǿşḗḗ ẇħīīƈħ ǿǿƞḗḗ ẏǿǿŭŭ ẇȧȧƞŧ ŧǿǿ şħȧȧřḗḗ ǿǿř ḗḗƞŧḗḗř ȧȧ ƞḗḗẇ ǿǿƞḗḗ.","verificationCodeExplanation":"Ẇḗḗ’ṽḗḗ şḗḗƞŧ ȧȧ ƈǿǿḓḗḗ ŧǿǿ {{phone_number}}. Ẇḗḗ’ŀŀ ŧřẏ ŧǿǿ ƥīīƈķ īīŧ ŭŭƥ ȧȧŭŭŧǿǿḿȧȧŧīīƈȧȧŀŀẏ, ƀŭŭŧ ẏǿǿŭŭ’ŀŀ ħȧȧṽḗḗ ŧǿǿ ḗḗƞŧḗḗř īīŧ ḿȧȧƞŭŭȧȧŀŀẏ īīƒ īīŧ’ş ƞǿǿŧ īīƞ ŭŭşḗḗ īīƞ ŧħīīş ḓḗḗṽīīƈḗḗ.","successMessage":"Ȧȧẇḗḗşǿǿḿḗḗ! Ẏǿǿŭŭř ƞŭŭḿƀḗḗř {{phone_number}} īīş ƞǿǿẇ ṽḗḗřīīƒīīḗḗḓ ȧȧƞḓ ȧȧṽȧȧīīŀȧȧƀŀḗḗ ŧǿǿ {{app_name}}.","serverErrorMessage":"Ŧħḗḗ ṽḗḗřīīƒīīƈȧȧŧīīǿǿƞ şḗḗřṽḗḗř īīş ŭŭƞȧȧṽȧȧīīŀȧȧƀŀḗḗ ȧȧŧ ŧħīīş ŧīīḿḗḗ. Ƥŀḗḗȧȧşḗḗ ƈħḗḗƈķ ẏǿǿŭŭř Īīƞŧḗḗřƞḗḗŧ ƈǿǿƞƞḗḗƈŧīīǿǿƞ, ŧřẏ ȧȧɠȧȧīīƞ ǿǿř ẇȧȧīīŧ ȧȧ ƒḗḗẇ ḿīīƞŭŭŧḗḗş.","timeoutErrorMessage":"Ŧħḗḗřḗḗ şḗḗḗḗḿş ŧǿǿ ƀḗḗ ȧȧ ƥřǿǿƀŀḗḗḿ ẇīīŧħ ẏǿǿŭŭř ṽḗḗřīīƒīīƈȧȧŧīīǿǿƞ ƈǿǿḓḗḗ. Ŀḗḗŧ'ş ŧřẏ ǿǿƞƈḗḗ ȧȧɠȧȧīīƞ!","errorTitle":"Ḿǿǿƀīīŀḗḗ īīḓḗḗƞŧīīŧẏ","ok":"ǾǿĶ","addPhoneNumber":"Ǿǿř ȧȧḓḓ ẏǿǿŭŭř ƥħǿǿƞḗḗ ƞŭŭḿƀḗḗř","selectPhoneNumber":"Ǿǿř şḗḗŀḗḗƈŧ ȧȧ ƥħǿǿƞḗḗ ƞŭŭḿƀḗḗř ƒřǿǿḿ ŧħḗḗ ŀīīşŧ","brandShortName":"Ɓ2Ɠ ǾǿŞ","browserBrandShortName":"Ẇḗḗƀ Ɓřǿǿẇşḗḗř","browserBrandFullName":"Ḿǿǿẑīīŀŀȧȧ Ẇḗḗƀ Ɓřǿǿẇşḗḗř","back":"Ɓȧȧƈķ","help":"Ħḗḗŀƥ","cancel":"Ƈȧȧƞƈḗḗŀ","close":"Ƈŀǿǿşḗḗ","skip":"Şķīīƥ","undo":{"ariaLabel":"Ŭŭƞḓǿǿ"},"airplaneMode":"Ȧȧīīřƥŀȧȧƞḗḗ ḿǿǿḓḗḗ","searching":"Şḗḗȧȧřƈħīīƞɠ…","noNetwork":"Ƞǿǿ ƞḗḗŧẇǿǿřķ","roaming":"{{operator}} (Řǿǿȧȧḿīīƞɠ)","operator-info":"{{carrier}} {{region}}","emergencyCallsOnly":"Ḗḗḿḗḗřɠḗḗƞƈẏ ƈȧȧŀŀş ǿǿƞŀẏ","emergencyCallsOnly-unknownSIMState":"(ŭŭƞķƞǿǿẇƞ ŞĪīḾ şŧȧȧŧḗḗ)","emergencyCallsOnly-noSIM":"(ƞǿǿ ŞĪīḾ)","emergencyCallsOnly-pinRequired":"(ŞĪīḾ ƤĪīȠ řḗḗɋŭŭīīřḗḗḓ)","emergencyCallsOnly-pukRequired":"(ŞĪīḾ ƤŬŭĶ řḗḗɋŭŭīīřḗḗḓ)","emergencyCallsOnly-networkLocked":"(ƞḗḗŧẇǿǿřķ ŀǿǿƈķḗḗḓ)","emergencyCallsOnly-serviceProviderLocked":"(şḗḗřṽīīƈḗḗ ƥřǿǿṽīīḓḗḗř ŀǿǿƈķḗḗḓ)","emergencyCallsOnly-corporateLocked":"(ƈǿǿřƥǿǿřȧȧŧḗḗ ŀǿǿƈķḗḗḓ)","emergencyCallsOnly-network1Locked":"(ƞḗḗŧẇǿǿřķ1 ŀǿǿƈķḗḗḓ)","emergencyCallsOnly-network2Locked":"(ƞḗḗŧẇǿǿřķ2 ŀǿǿƈķḗḗḓ)","emergencyCallsOnly-hrpdNetworkLocked":"(ħřƥḓ ƞḗḗŧẇǿǿřķ ŀǿǿƈķḗḗḓ)","emergencyCallsOnly-ruimCorporateLocked":"(řŭŭīīḿ ƈǿǿřƥǿǿřȧȧŧḗḗ ŀǿǿƈķḗḗḓ)","emergencyCallsOnly-ruimServiceProviderLocked":"(řŭŭīīḿ şḗḗřṽīīƈḗḗ ƥřǿǿṽīīḓḗḗř ŀǿǿƈķḗḗḓ)","enterPIN":"Ḗḗƞŧḗḗř ƤĪīȠ","mediaPlaybackTitle":{"ariaLabel":"Ŧīīŧŀḗḗ"},"mediaPlaybackArtist":{"ariaLabel":"Ȧȧřŧīīşŧ"},"mediaPlaybackControls":{"ariaLabel":"Ƥŀȧȧẏƀȧȧƈķ ƈǿǿƞŧřǿǿŀş"},"mediaPlaybackPrevious":{"ariaLabel":"Ƥřḗḗṽīīǿǿŭŭş"},"mediaPlaybackPlay":"Ƥŀȧȧẏ","mediaPlaybackPause":"Ƥȧȧŭŭşḗḗ","mediaPlaybackNext":{"ariaLabel":"Ƞḗḗẋŧ"},"wifiButton-on":"Ẇīī-Ƒīī ǿǿƞ","wifiButton-on-initializing":"Ẇīī-Ƒīī ǿǿƞ, īīƞīīŧīīȧȧŀīīẑīīƞɠ","wifiButton-off":"Ẇīī-Ƒīī ǿǿƒƒ","dataButton-on":"Ḓȧȧŧȧȧ {{type}} ǿǿƞ","dataButton-off":"Ḓȧȧŧȧȧ {{type}} ǿǿƒƒ","bluetoothButton-on":"Ɓŀŭŭḗḗŧǿǿǿǿŧħ ǿǿƞ","bluetoothButton-on-initializing":"Ɓŀŭŭḗḗŧǿǿǿǿŧħ ǿǿƞ, īīƞīīŧīīȧȧŀīīẑīīƞɠ","bluetoothButton-off":"Ɓŀŭŭḗḗŧǿǿǿǿŧħ ǿǿƒƒ","airplaneMode-on":"Ȧȧīīřƥŀȧȧƞḗḗ ḿǿǿḓḗḗ ǿǿƞ","airplaneMode-off":"Ȧȧīīřƥŀȧȧƞḗḗ ḿǿǿḓḗḗ ǿǿƒƒ","settingsButton":{"ariaLabel":"Şḗḗŧŧīīƞɠş"},"utilityTrayGrippy":{"ariaLabel":"Ƈŀǿǿşḗḗ ŭŭŧīīŀīīŧẏ ŧřȧȧẏ"},"statusbarLabel":"{{date}}, {{operator}}","statusbarDateFormat":"%b %e","statusbar":{"ariaLabel":"Şŧȧȧŧŭŭş Ɓȧȧř"},"statusbarBattery":"Ɓȧȧŧŧḗḗřẏ {{level}} ƥḗḗřƈḗḗƞŧ","statusbarBatteryCharging":"Ɓȧȧŧŧḗḗřẏ {{level}} ƥḗḗřƈḗḗƞŧ, ƈħȧȧřɠīīƞɠ","statusbarFlightMode":{"ariaLabel":"Ȧȧīīřƥŀȧȧƞḗḗ ḿǿǿḓḗḗ ǿǿƞ"},"statusbarWiFiConnecting":"Ẇīī-Ƒīī: ƈǿǿƞƞḗḗƈŧīīƞɠ","statusbarWiFiConnected":"Ẇīī-Ƒīī: {{level}} ǿǿƒ 4 ƀȧȧřş","statusbarSignal":"{{operator}} ƞḗḗŧẇǿǿřķ, {{level}} ǿǿƒ 5 ƀȧȧřş","statusbarSignalRoaming":"{{operator}} ƞḗḗŧẇǿǿřķ (řǿǿȧȧḿīīƞɠ), {{level}} ǿǿƒ 5 ƀȧȧřş","statusbarSignalNoneSearching":"Şḗḗȧȧřƈħīīƞɠ… Ḗḗḿḗḗřɠḗḗƞƈẏ ƈȧȧŀŀş ǿǿƞŀẏ","statusbarHeadphones":{"ariaLabel":"Ħḗḗȧȧḓƥħǿǿƞḗḗş ǿǿƞ"},"statusbarBluetoothHeadphones":{"ariaLabel":"Ɓŀŭŭḗḗŧǿǿǿǿŧħ ħḗḗȧȧḓƥħǿǿƞḗḗş ǿǿƞ"},"statusbarBluetoothTransferring":{"ariaLabel":"Ɓŀŭŭḗḗŧǿǿǿǿŧħ ŧřȧȧƞşƒḗḗř ȧȧƈŧīīṽḗḗ"},"statusbarIconOn-tethering":"Ŧḗḗŧħḗḗřīīƞɠ ǿǿƞ","statusbarIconOnActive-tethering":"Ŧḗḗŧħḗḗřīīƞɠ ǿǿƞ, ȧȧƈŧīīṽḗḗ","statusbarAlarm":{"ariaLabel":"Ȧȧŀȧȧřḿ ǿǿƞ"},"statusbarIconOn-bluetooth":"Ɓŀŭŭḗḗŧǿǿǿǿŧħ ǿǿƞ","statusbarIconOnActive-bluetooth":"Ɓŀŭŭḗḗŧǿǿǿǿŧħ ǿǿƞ, ȧȧƈŧīīṽḗḗ","statusbarIconOn-mute":"Ḿŭŭŧḗḗ ǿǿƞ","statusbarIconOn-vibration":"Ṽīīƀřȧȧŧīīǿǿƞ ǿǿƞ","statusbarRecording":{"ariaLabel":"Řḗḗƈǿǿřḓīīƞɠ ǿǿƞ"},"statusbarGeolocation":{"ariaLabel":"Ɠḗḗǿǿŀǿǿƈȧȧŧīīǿǿƞ ǿǿƞ"},"statusbarUsb":{"ariaLabel":"ŬŭŞƁ ǿǿƞ"},"statusbarForwarding":"Ƈȧȧŀŀ ƒǿǿřẇȧȧřḓīīƞɠ ǿǿƞ","statusbarPlaying":{"ariaLabel":"Ḿḗḗḓīīȧȧ ƥŀȧȧẏīīƞɠ"},"statusbarNfc":{"ariaLabel":"ȠƑƇ ǿǿƞ"},"statusbarDownloads":{"ariaLabel":"Ḓǿǿẇƞŀǿǿȧȧḓīīƞɠ…"},"statusbarNetworkActivity":{"ariaLabel":"Ƞḗḗŧẇǿǿřķīīƞɠ ǿǿƞ"},"statusbarEmergencyCBNotification":{"ariaLabel":"Ḗḗḿḗḗřɠḗḗƞƈẏ ƈȧȧŀŀƀȧȧƈķ"},"statusbarNotifications":{"_":{"one":"{{n}} ƞǿǿŧīīƒīīƈȧȧŧīīǿǿƞ","two":"{{n}} ƞǿǿŧīīƒīīƈȧȧŧīīǿǿƞş","few":"{{n}} ƞǿǿŧīīƒīīƈȧȧŧīīǿǿƞş","many":"{{n}} ƞǿǿŧīīƒīīƈȧȧŧīīǿǿƞş","other":"{{n}} ƞǿǿŧīīƒīīƈȧȧŧīīǿǿƞş"}},"statusbarNotifications-unread":{"_":{"one":"{{n}} ŭŭƞřḗḗȧȧḓ ƞǿǿŧīīƒīīƈȧȧŧīīǿǿƞ","two":"{{n}} ŭŭƞřḗḗȧȧḓ ƞǿǿŧīīƒīīƈȧȧŧīīǿǿƞş","few":"{{n}} ŭŭƞřḗḗȧȧḓ ƞǿǿŧīīƒīīƈȧȧŧīīǿǿƞş","many":"{{n}} ŭŭƞřḗḗȧȧḓ ƞǿǿŧīīƒīīƈȧȧŧīīǿǿƞş","other":"{{n}} ŭŭƞřḗḗȧȧḓ ƞǿǿŧīīƒīīƈȧȧŧīīǿǿƞş"}},"notifications":"Ƞǿǿŧīīƒīīƈȧȧŧīīǿǿƞş","clear-all":"Ƈŀḗḗȧȧř ȧȧŀŀ","attentionScreen-tapToShow":"Ŧȧȧƥ ŧǿǿ şħǿǿẇ","newVoicemails":{"_":{"zero":"Ƞǿǿ ƞḗḗẇ ṽǿǿīīƈḗḗḿȧȧīīŀ","one":"Ǿǿƞḗḗ ƞḗḗẇ ṽǿǿīīƈḗḗḿȧȧīīŀ","two":"{{n}} ƞḗḗẇ ṽǿǿīīƈḗḗḿȧȧīīŀş","few":"{{n}} ƞḗḗẇ ṽǿǿīīƈḗḗḿȧȧīīŀş","many":"{{n}} ƞḗḗẇ ṽǿǿīīƈḗḗḿȧȧīīŀş","other":"{{n}} ƞḗḗẇ ṽǿǿīīƈḗḗḿȧȧīīŀş"}},"newVoicemailsUnknown":"Ƞḗḗẇ ṽǿǿīīƈḗḗḿȧȧīīŀ","dialNumber":"Ḓīīȧȧŀ {{number}}","voicemailNotificationMultiSim":"(ŞĪīḾ {{n}}) {{title}}","confirmNFCConnectBTenabledNameUnknown":"Ȧȧřḗḗ ẏǿǿŭŭ şŭŭřḗḗ ẏǿǿŭŭ ẇȧȧƞŧ ŧǿǿ ƈǿǿƞƞḗḗƈŧ ŧǿǿ ŧħḗḗ ḓḗḗṽīīƈḗḗ?","confirmNFCConnectBTdisabledNameUnknown":"Ŧŭŭřƞ ǿǿƞ Ɓŀŭŭḗḗŧǿǿǿǿŧħ ȧȧƞḓ ƈǿǿƞƞḗḗƈŧ ŧǿǿ ŧħḗḗ ḓḗḗṽīīƈḗḗ?","confirmNFCConnectBTenabledNameKnown":"Ȧȧřḗḗ ẏǿǿŭŭ şŭŭřḗḗ ẏǿǿŭŭ ẇȧȧƞŧ ŧǿǿ ƈǿǿƞƞḗḗƈŧ ŧǿǿ {{deviceName}}?","confirmNFCConnectBTdisabledNameKnown":"Ŧŭŭřƞ ǿǿƞ Ɓŀŭŭḗḗŧǿǿǿǿŧħ ȧȧƞḓ ƈǿǿƞƞḗḗƈŧ ŧǿǿ {{deviceName}}?","confirmNFCConnectBTdisabled":"Ŧŭŭřƞ ǿǿƞ","dismissNFCConnectBTdisabled":"Ƈȧȧƞƈḗḗŀ","confirmation":"Ƈǿǿƞƒīīřḿȧȧŧīīǿǿƞ","deviceMenu":"Ƥħǿǿƞḗḗ","airplane":"Ŧŭŭřƞ ǿǿƞ ȧȧīīřƥŀȧȧƞḗḗ ḿǿǿḓḗḗ","airplaneOff":"Ŧŭŭřƞ ǿǿƒƒ ȧȧīīřƥŀȧȧƞḗḗ ḿǿǿḓḗḗ","silent":"Şīīŀḗḗƞƈḗḗ īīƞƈǿǿḿīīƞɠ ƈȧȧŀŀş","normal":"Řīīƞɠ īīƞƈǿǿḿīīƞɠ ƈȧȧŀŀş","restart":"Řḗḗşŧȧȧřŧ","power":"Ƥǿǿẇḗḗř ǿǿƒƒ","enableScreenReaderSteps":"Ŧǿǿ ḗḗƞȧȧƀŀḗḗ şƈřḗḗḗḗƞ řḗḗȧȧḓḗḗř, ƥřḗḗşş ṽǿǿŀŭŭḿḗḗ ŭŭƥ ŧħḗḗƞ ṽǿǿŀŭŭḿḗḗ ḓǿǿẇƞ ƀŭŭŧŧǿǿƞş ŧħřḗḗḗḗ ḿǿǿřḗḗ ŧīīḿḗḗş","disableScreenReaderSteps":"Ŧǿǿ ḓīīşȧȧƀŀḗḗ şƈřḗḗḗḗƞ řḗḗȧȧḓḗḗř, ƥřḗḗşş ṽǿǿŀŭŭḿḗḗ ŭŭƥ ŧħḗḗƞ ṽǿǿŀŭŭḿḗḗ ḓǿǿẇƞ ƀŭŭŧŧǿǿƞş ŧħřḗḗḗḗ ḿǿǿřḗḗ ŧīīḿḗḗş","no-recent-apps":"Ƞǿǿ řḗḗƈḗḗƞŧ ȧȧƥƥş","yes":"Ẏḗḗş","no":"Ƞǿǿ","dontallow":"Ḓǿǿƞ’ŧ ȧȧŀŀǿǿẇ","allow":"Ȧȧŀŀǿǿẇ","dontshare-geolocation":"Ḓǿǿƞ’ŧ Şħȧȧřḗḗ","share-geolocation":"Şħȧȧřḗḗ","dontshare-audio-capture":"Ḓǿǿƞ’ŧ Şħȧȧřḗḗ","share-audio-capture":"Şħȧȧřḗḗ","dontshare-video-capture":"Ḓǿǿƞ’ŧ Şħȧȧřḗḗ","share-video-capture":"Şħȧȧřḗḗ","dontshare-media-capture":"Ḓǿǿƞ’ŧ Şħȧȧřḗḗ","share-media-capture":"Şħȧȧřḗḗ","device-front":"Ƒřǿǿƞŧ Ƈȧȧḿḗḗřȧȧ","device-back":"Ɓȧȧƈķ Ƈȧȧḿḗḗřȧȧ","remember-my-choice":"Řḗḗḿḗḗḿƀḗḗř ḿẏ ƈħǿǿīīƈḗḗ","more-info":"Ḿǿǿřḗḗ īīƞƒǿǿ…","hide-info":"Ħīīḓḗḗ īīƞƒǿǿ","install-app":"Īīƞşŧȧȧŀŀ {{name}}?","size":"Şīīẑḗḗ","author":"Ȧȧŭŭŧħǿǿř","size-unknown":"Ŭŭƞķƞǿǿẇƞ","author-unknown":"Ŭŭƞķƞǿǿẇƞ","install":"Īīƞşŧȧȧŀŀ","bytes":"ƀẏŧḗḗş","kB":"ĶƁ","MB":"ḾƁ","GB":"ƓƁ","TB":"ŦƁ","PB":"ƤƁ","app-install-generic-error":"{{ appName }} ḓǿǿẇƞŀǿǿȧȧḓ şŧǿǿƥƥḗḗḓ","app-install-download-failed":"{{ appName }} ḓǿǿẇƞŀǿǿȧȧḓ ƒȧȧīīŀḗḗḓ","app-install-install-failed":"{{ appName }} īīƞşŧȧȧŀŀ ƒȧȧīīŀḗḗḓ","cancelling-will-not-refund":"Ƈȧȧƞƈḗḗŀŀīīƞɠ ẇīīŀŀ ƞǿǿŧ řḗḗƒŭŭƞḓ ȧȧ ƥŭŭřƈħȧȧşḗḗ. Řḗḗƒŭŭƞḓş ƒǿǿř ƥȧȧīīḓ ƈǿǿƞŧḗḗƞŧ ȧȧřḗḗ ƥřǿǿṽīīḓḗḗḓ ƀẏ ŧħḗḗ ǿǿřīīɠīīƞȧȧŀ şḗḗŀŀḗḗř.","apps-can-be-installed-later":"Ȧȧƥƥş ƈȧȧƞ ƀḗḗ īīƞşŧȧȧŀŀḗḗḓ ŀȧȧŧḗḗř ƒřǿǿḿ ŧħḗḗ ǿǿřīīɠīīƞȧȧŀ īīƞşŧȧȧŀŀȧȧŧīīǿǿƞ şǿǿŭŭřƈḗḗ.","are-you-sure-you-want-to-cancel":"Ȧȧřḗḗ ẏǿǿŭŭ şŭŭřḗḗ ẏǿǿŭŭ ẇȧȧƞŧ ŧǿǿ ƈȧȧƞƈḗḗŀ ŧħīīş īīƞşŧȧȧŀŀ?","cancel-install":"Ƈȧȧƞƈḗḗŀ Īīƞşŧȧȧŀŀ","cancel-install-button":"Ƈȧȧƞƈḗḗŀ Īīƞşŧȧȧŀŀ","resume":"Řḗḗşŭŭḿḗḗ","continue":"Ƈǿǿƞŧīīƞŭŭḗḗ","stopDownloading":"Şŧǿǿƥ ḓǿǿẇƞŀǿǿȧȧḓīīƞɠ {{ app }}?","app-download-can-be-restarted":"Ŧħḗḗ ḓǿǿẇƞŀǿǿȧȧḓ ƈȧȧƞ ƀḗḗ řḗḗşŧȧȧřŧḗḗḓ ŀȧȧŧḗḗř.","app-download-stop-button":"Şŧǿǿƥ Ḓǿǿẇƞŀǿǿȧȧḓ","not-enough-space":"Ƞǿǿŧ ḗḗƞǿǿŭŭɠħ şƥȧȧƈḗḗ","not-enough-space-message":"Ŧħḗḗřḗḗ īīş ƞǿǿŧ ḗḗƞǿǿŭŭɠħ şƥȧȧƈḗḗ ŧǿǿ īīƞşŧȧȧŀŀ ŧħīīş ȧȧƥƥ. Ƒřḗḗḗḗ ŭŭƥ şƥȧȧƈḗḗ ƀẏ ḓḗḗŀḗḗŧīīƞɠ ǿǿŀḓ ȧȧƥƥş ǿǿř ḿḗḗḓīīȧȧ, ȧȧƞḓ ŧřẏ īīƞşŧȧȧŀŀīīƞɠ ȧȧɠȧȧīīƞ ƒřǿǿḿ ŧħḗḗ ǿǿřīīɠīīƞȧȧŀ şǿǿŭŭřƈḗḗ.","app-install-success":"{{ appName }} īīƞşŧȧȧŀŀḗḗḓ","setup":"Şḗḗŧŭŭƥ","ime-addkeyboards":"Ȧȧḓḓ ķḗḗẏƀǿǿȧȧřḓş","later":"Ŀȧȧŧḗḗř","download":"Ḓǿǿẇƞŀǿǿȧȧḓ","wantToDownload":"Ḓǿǿẇƞŀǿǿȧȧḓ ŭŭƥḓȧȧŧḗḗ ƞǿǿẇ?","wantToInstall":"Īīƞşŧȧȧŀŀ ŭŭƥḓȧȧŧḗḗ ƞǿǿẇ?","installNow":"Īīƞşŧȧȧŀŀ Ƞǿǿẇ","notNow":"Ƞǿǿŧ Ƞǿǿẇ","downloadingUpdateMessage":{"innerHTML":"Ḓǿǿẇƞŀǿǿȧȧḓīīƞɠ ŭŭƥḓȧȧŧḗḗş… <şƥȧȧƞ>{{ progress }} ḓǿǿẇƞŀǿǿȧȧḓḗḗḓ.</şƥȧȧƞ>"},"downloadingAppMessage":"Ḓǿǿẇƞŀǿǿȧȧḓīīƞɠ {{ appName }}","downloadingAppProgressNoMax":"{{ progress }} ḓǿǿẇƞŀǿǿȧȧḓḗḗḓ","downloadingAppProgressIndeterminate":"Ḓǿǿẇƞŀǿǿȧȧḓīīƞɠ","downloadingAppProgress":"{{ progress }} / {{ max }} ḓǿǿẇƞŀǿǿȧȧḓḗḗḓ","cancelAllDownloads":"Ƈȧȧƞƈḗḗŀ ȧȧŀŀ ḓǿǿẇƞŀǿǿȧȧḓş","wantToCancelAll":"Ȧȧřḗḗ ẏǿǿŭŭ şŭŭřḗḗ ẏǿǿŭŭ ẇȧȧƞŧ ŧǿǿ ƈȧȧƞƈḗḗŀ ȧȧŀŀ ḓǿǿẇƞŀǿǿȧȧḓş?","downloadError":"Ŧħḗḗřḗḗ ẇȧȧş ȧȧƞ ḗḗřřǿǿř ẇħīīŀḗḗ ḓǿǿẇƞŀǿǿȧȧḓīīƞɠ ŧħḗḗ ŭŭƥḓȧȧŧḗḗş.","updateAvailableInfo":{"innerHTML":{"_":{"one":"{{ n }} ŭŭƥḓȧȧŧḗḗ ȧȧṽȧȧīīŀȧȧƀŀḗḗ. <şƥȧȧƞ>Ŧȧȧƥ ƒǿǿř ḿǿǿřḗḗ īīƞƒǿǿ.</şƥȧȧƞ>","two":"{{ n }} ŭŭƥḓȧȧŧḗḗş ȧȧṽȧȧīīŀȧȧƀŀḗḗ. <şƥȧȧƞ>Ŧȧȧƥ ƒǿǿř ḿǿǿřḗḗ īīƞƒǿǿ.</şƥȧȧƞ>","few":"{{ n }} ŭŭƥḓȧȧŧḗḗş ȧȧṽȧȧīīŀȧȧƀŀḗḗ. <şƥȧȧƞ>Ŧȧȧƥ ƒǿǿř ḿǿǿřḗḗ īīƞƒǿǿ.</şƥȧȧƞ>","many":"{{ n }} ŭŭƥḓȧȧŧḗḗş ȧȧṽȧȧīīŀȧȧƀŀḗḗ. <şƥȧȧƞ>Ŧȧȧƥ ƒǿǿř ḿǿǿřḗḗ īīƞƒǿǿ.</şƥȧȧƞ>","other":"{{ n }} ŭŭƥḓȧȧŧḗḗş ȧȧṽȧȧīīŀȧȧƀŀḗḗ. <şƥȧȧƞ>Ŧȧȧƥ ƒǿǿř ḿǿǿřḗḗ īīƞƒǿǿ.</şƥȧȧƞ>"}}},"numberOfUpdates":{"_":{"one":"{{ n }} ŭŭƥḓȧȧŧḗḗ ȧȧṽȧȧīīŀȧȧƀŀḗḗ","two":"{{ n }} ŭŭƥḓȧȧŧḗḗş ȧȧṽȧȧīīŀȧȧƀŀḗḗ","few":"{{ n }} ŭŭƥḓȧȧŧḗḗş ȧȧṽȧȧīīŀȧȧƀŀḗḗ","many":"{{ n }} ŭŭƥḓȧȧŧḗḗş ȧȧṽȧȧīīŀȧȧƀŀḗḗ","other":"{{ n }} ŭŭƥḓȧȧŧḗḗş ȧȧṽȧȧīīŀȧȧƀŀḗḗ"}},"systemUpdate":"Şẏşŧḗḗḿ ŭŭƥḓȧȧŧḗḗ","systemUpdateReady":"Şẏşŧḗḗḿ Ŭŭƥḓȧȧŧḗḗ Řḗḗȧȧḓẏ","systemUpdateLowBattery":"Ẏǿǿŭŭ ƞḗḗḗḗḓ ȧȧŧ ŀḗḗȧȧşŧ 50% ƀȧȧŧŧḗḗřẏ ŀḗḗṽḗḗŀ ŧǿǿ īīƞşŧȧȧŀŀ ŧħḗḗ ŭŭƥḓȧȧŧḗḗ.","required":"Řḗḗɋŭŭīīřḗḗḓ","uncompressingMessage":{"innerHTML":"Ŭŭƞƈǿǿḿƥřḗḗşşīīƞɠ… <şƥȧȧƞ>Ŧħīīş ƈȧȧƞ ŧȧȧķḗḗ ȧȧ ƒḗḗẇ ḿīīƞŭŭŧḗḗş.</şƥȧȧƞ>"},"downloadNoWifiWarning":"Ẇīī-Ƒīī ŭŭƞȧȧṽȧȧīīŀȧȧƀŀḗḗ. Ŭŭƥḓȧȧŧīīƞɠ ǿǿṽḗḗř ƈŭŭřřḗḗƞŧ ƈǿǿƞƞḗḗƈŧīīǿǿƞ ḿȧȧẏ īīƞƈŭŭř ȧȧḓḓīīŧīīǿǿƞȧȧŀ ƈħȧȧřɠḗḗş.","downloadOfflineWarning":"Ƈǿǿƞƞḗḗƈŧīīǿǿƞ ŭŭƞȧȧṽȧȧīīŀȧȧƀŀḗḗ. Ƈǿǿƞƞḗḗƈŧ ŧǿǿ ȧȧ ƞḗḗŧẇǿǿřķ ŧǿǿ ḓǿǿẇƞŀǿǿȧȧḓ ŭŭƥḓȧȧŧḗḗş.","downloadDataConnectionWarning":"Ŭŭƥḓȧȧŧḗḗş ȧȧřḗḗ ḓǿǿẇƞŀǿǿȧȧḓḗḗḓ ṽīīȧȧ ḓȧȧŧȧȧ ƈǿǿƞƞḗḗƈŧīīǿǿƞ ẇħḗḗƞ Ẇīī-Ƒīī īīş ƞǿǿŧ ȧȧṽȧȧīīŀȧȧƀŀḗḗ. Ȧȧḓḓīīŧīīǿǿƞȧȧŀ ḓȧȧŧȧȧ ƈħȧȧřɠḗḗş ḿȧȧẏ ȧȧƥƥŀẏ.","downloadUpdatesViaDataConnection":"Ḓǿǿẇƞŀǿǿȧȧḓ ŭŭƥḓȧȧŧḗḗş ṽīīȧȧ ḓȧȧŧȧȧ ƈǿǿƞƞḗḗƈŧīīǿǿƞ?","downloadUpdatesViaDataConnectionMessage":"Ŭŭƥḓȧȧŧḗḗş ȧȧřḗḗ ḓǿǿẇƞŀǿǿȧȧḓḗḗḓ ṽīīȧȧ ḓȧȧŧȧȧ ƈǿǿƞƞḗḗƈŧīīǿǿƞ ẇħḗḗƞ Ẇīī-Ƒīī īīş ƞǿǿŧ ȧȧṽȧȧīīŀȧȧƀŀḗḗ. Ẇħḗḗƞ ŭŭşīīƞɠ ḓȧȧŧȧȧ ƈǿǿƞƞḗḗƈŧīīǿǿƞ, ƥħǿǿƞḗḗ ƈȧȧŀŀş ḿȧȧẏ ƀḗḗ ƀŀǿǿƈķḗḗḓ ȧȧƞḓ ȧȧḓḓīīŧīīǿǿƞȧȧŀ ƈħȧȧřɠḗḗş ḿȧȧẏ ȧȧŀşǿǿ ȧȧƥƥŀẏ.","screenshotSaved":"Şƈřḗḗḗḗƞşħǿǿŧ şȧȧṽḗḗḓ ŧǿǿ Ɠȧȧŀŀḗḗřẏ","screenshotFailed":"Ŧħḗḗ şƈřḗḗḗḗƞşħǿǿŧ ƈǿǿŭŭŀḓ ƞǿǿŧ ƀḗḗ şȧȧṽḗḗḓ","screenshotNoSDCard":"Ƞǿǿ ḿḗḗḿǿǿřẏ ƈȧȧřḓ ƒǿǿŭŭƞḓ","screenshotSDCardInUse":"Ḿḗḗḿǿǿřẏ ƈȧȧřḓ īīş īīƞ ŭŭşḗḗ","screenshotSDCardLow":"Ƞǿǿŧ ḗḗƞǿǿŭŭɠħ şƥȧȧƈḗḗ ǿǿƞ ḿḗḗḿǿǿřẏ ƈȧȧřḓ","emergency-call-button":"Ḗḗḿḗḗřɠḗḗƞƈẏ Ƈȧȧŀŀ","emergency-call":"Ḗḗḿḗḗřɠḗḗƞƈẏ Ƈȧȧŀŀ","unlock-a11y-button":{"ariaLabel":"Ŭŭƞŀǿǿƈķ"},"camera-a11y-button":{"ariaLabel":"Ƈȧȧḿḗḗřȧȧ"},"longDateFormat":"%A, %B %e","panel-passcode":{"ariaLabel":"Ƥȧȧşşƈǿǿḓḗḗ ƥȧȧƞḗḗŀ"},"softwareHomeButton":{"ariaLabel":"Ħǿǿḿḗḗ"},"login":"Şīīɠƞ īīƞ","username":"Ŭŭşḗḗřƞȧȧḿḗḗ","password":"Ƥȧȧşşẇǿǿřḓ","http-authentication-message":"Ȧȧ ŭŭşḗḗřƞȧȧḿḗḗ ȧȧƞḓ ƥȧȧşşẇǿǿřḓ ȧȧřḗḗ ƀḗḗīīƞɠ řḗḗɋŭŭḗḗşŧḗḗḓ ƀẏ {{host}}. Ŧħḗḗ şīīŧḗḗ şȧȧẏş: “{{realm}}”","error-message":"{{name}} īīş ƞǿǿŧ ŀǿǿȧȧḓīīƞɠ ƥřǿǿƥḗḗřŀẏ","error-title":"{{name}} īīş ħȧȧṽīīƞɠ ƥřǿǿƀŀḗḗḿş","airplane-is-on":"Ȧȧīīřƥŀȧȧƞḗḗ ḿǿǿḓḗḗ īīş ǿǿƞ","airplane-is-turned-on":"{{name}} řḗḗɋŭŭīīřḗḗş ȧȧ ƞḗḗŧẇǿǿřķ ƈǿǿƞƞḗḗƈŧīīǿǿƞ. Ŧŭŭřƞ ǿǿƒƒ ȧȧīīřƥŀȧȧƞḗḗ ḿǿǿḓḗḗ ƒřǿǿḿ Şḗḗŧŧīīƞɠş ȧȧƞḓ ƈǿǿƞƞḗḗƈŧ ŧǿǿ ȧȧ Ẇīī-Ƒīī ǿǿř ḿǿǿƀīīŀḗḗ ḓȧȧŧȧȧ ƞḗḗŧẇǿǿřķ.","server-not-found":"Şḗḗřṽḗḗř ƞǿǿŧ ƒǿǿŭŭƞḓ","server-not-found-error":"Ƈȧȧƞ’ŧ ƒīīƞḓ ŧħḗḗ şḗḗřṽḗḗř ȧȧŧ {{name}}.","file-not-found":"Ƒīīŀḗḗ ƞǿǿŧ ƒǿǿŭŭƞḓ","file-not-found-error":"Ŧħḗḗ ḓḗḗṽīīƈḗḗ ƈȧȧƞ’ŧ ḓīīşƥŀȧȧẏ ŧħīīş ƥȧȧɠḗḗ ƀḗḗƈȧȧŭŭşḗḗ ŧħḗḗ ƒīīŀḗḗ ƈȧȧƞƞǿǿŧ ƀḗḗ ƒǿǿŭŭƞḓ.","connection-failed":"Ŭŭƞȧȧƀŀḗḗ ŧǿǿ ƈǿǿƞƞḗḗƈŧ","connection-failed-error":"Ȧȧ ƞḗḗŧẇǿǿřķ ḗḗřřǿǿř ǿǿƈƈŭŭřřḗḗḓ ẇħīīŀḗḗ ŧřẏīīƞɠ ŧǿǿ řḗḗȧȧƈħ ŧħḗḗ şīīŧḗḗ.","invalid-connection":"Ŭŭƞȧȧƀŀḗḗ ŧǿǿ ƈǿǿƞƞḗḗƈŧ","invalid-connection-error":"Ȧȧ ƞḗḗŧẇǿǿřķ ḗḗřřǿǿř ǿǿƈƈŭŭřřḗḗḓ ẇħīīŀḗḗ ŧřẏīīƞɠ ŧǿǿ řḗḗȧȧƈħ ŧħḗḗ şīīŧḗḗ.","malformed-uri":"ŬŭŘĿ ƞǿǿŧ ṽȧȧŀīīḓ","malformed-uri-error":"Ŧħḗḗ ŬŭŘĿ ḗḗƞŧḗḗřḗḗḓ īīş ƞǿǿŧ ṽȧȧŀīīḓ ȧȧƞḓ ƈȧȧƞƞǿǿŧ ƀḗḗ ŀǿǿȧȧḓḗḗḓ.","redirect-loop":"Ƈȧȧƞ’ŧ ḓīīşƥŀȧȧẏ ƥȧȧɠḗḗ","redirect-loop-error":"Ŧħḗḗ ḓḗḗṽīīƈḗḗ ƈȧȧƞ’ŧ ḓīīşƥŀȧȧẏ ŧħīīş ƥȧȧɠḗḗ ƀḗḗƈȧȧŭŭşḗḗ ŧħḗḗ ƥȧȧɠḗḗ īīş ƞǿǿŧ řḗḗḓīīřḗḗƈŧīīƞɠ ƥřǿǿƥḗḗřŀẏ. Ŧřẏ ŧħīīş ƥȧȧɠḗḗ ȧȧɠȧȧīīƞ ȧȧŧ ȧȧ ŀȧȧŧḗḗř ŧīīḿḗḗ.","not-cached":"Ƥȧȧɠḗḗ ḗḗẋƥīīřḗḗḓ","not-cached-error":"Ȧȧş ȧȧ şḗḗƈŭŭřīīŧẏ ƥřḗḗƈȧȧŭŭŧīīǿǿƞ, ŧħīīş ƥȧȧɠḗḗ ƈȧȧƞƞǿǿŧ ƀḗḗ ḓīīşƥŀȧȧẏḗḗḓ ƀẏ ŧħḗḗ ḓḗḗṽīīƈḗḗ ƀḗḗƈȧȧŭŭşḗḗ īīŧ ħȧȧş ḗḗẋƥīīřḗḗḓ.","is-printing-error":"Ŧħḗḗ ḓǿǿƈŭŭḿḗḗƞŧ ƈȧȧƞƞǿǿŧ ƈħȧȧƞɠḗḗ ẇħīīŀḗḗ Ƥřīīƞŧīīƞɠ ǿǿř īīƞ Ƥřīīƞŧ Ƥřḗḗṽīīḗḗẇ.","denied-port-access":"Ŧħīīş ȧȧḓḓřḗḗşş īīş řḗḗşŧřīīƈŧḗḗḓ","denied-port-access-error":"Ŧħīīş ȧȧḓḓřḗḗşş ŭŭşḗḗş ȧȧ ƞḗḗŧẇǿǿřķ ƥǿǿřŧ ẇħīīƈħ īīş ƞǿǿřḿȧȧŀŀẏ ŭŭşḗḗḓ ƒǿǿř ƥŭŭřƥǿǿşḗḗş ǿǿŧħḗḗř ŧħȧȧƞ Ẇḗḗƀ ƀřǿǿẇşīīƞɠ. Ŧħḗḗ ḓḗḗṽīīƈḗḗ ħȧȧş ƈȧȧƞƈḗḗŀŀḗḗḓ ŧħḗḗ řḗḗɋŭŭḗḗşŧ ƒǿǿř ẏǿǿŭŭř ƥřǿǿŧḗḗƈŧīīǿǿƞ.","proxy-resolve-failure":"Ƥřǿǿẋẏ Şḗḗřṽḗḗř Ḗḗřřǿǿř","proxy-resolve-failure-error":"Ŧħḗḗ ḓḗḗṽīīƈḗḗ īīş ƈǿǿƞƒīīɠŭŭřḗḗḓ ŧǿǿ ŭŭşḗḗ ȧȧ ƥřǿǿẋẏ şḗḗřṽḗḗř ŧħȧȧŧ ƈȧȧƞ’ŧ ƀḗḗ ƒǿǿŭŭƞḓ.","proxy-connect-failure":"Ƥřǿǿẋẏ Şḗḗřṽḗḗř Ḗḗřřǿǿř","proxy-connect-failure-error":"Ŧħḗḗ ḓḗḗṽīīƈḗḗ īīş ƈǿǿƞƒīīɠŭŭřḗḗḓ ŧǿǿ ŭŭşḗḗ ȧȧ ƥřǿǿẋẏ şḗḗřṽḗḗř ŧħȧȧŧ īīş řḗḗƒŭŭşīīƞɠ ƈǿǿƞƞḗḗƈŧīīǿǿƞş.","content-encoding":"Ƈȧȧƞ’ŧ ḓīīşƥŀȧȧẏ ƥȧȧɠḗḗ","content-encoding-error":"Ŧħḗḗ ḓḗḗṽīīƈḗḗ ƈȧȧƞ’ŧ ḓīīşƥŀȧȧẏ ŧħīīş ƥȧȧɠḗḗ ƀḗḗƈȧȧŭŭşḗḗ ȧȧ ƈǿǿƞŧḗḗƞŧ ḗḗƞƈǿǿḓīīƞɠ ḗḗřřǿǿř ǿǿƈƈŭŭřřḗḗḓ.","remote-xul":"Ƥȧȧɠḗḗ ŭŭƞşŭŭƥƥǿǿřŧḗḗḓ","remote-xul-error":"Ŧħīīş ƥȧȧɠḗḗ ƈȧȧƞ’ŧ ƀḗḗ ḓīīşƥŀȧȧẏḗḗḓ ƀḗḗƈȧȧŭŭşḗḗ īīŧ ŭŭşḗḗş ȧȧ ŧḗḗƈħƞǿǿŀǿǿɠẏ ŧħȧȧŧ īīş ƞǿǿŧ şŭŭƥƥǿǿřŧḗḗḓ ǿǿƞ ŧħḗḗ ḓḗḗṽīīƈḗḗ.","phishing-blocked":"Ẇȧȧřƞīīƞɠ","phishing-blocked-error":"Ŧħḗḗ ẇḗḗƀşīīŧḗḗ ħȧȧş ƀḗḗḗḗƞ řḗḗƥǿǿřŧḗḗḓ ȧȧş ȧȧ ẇḗḗƀ ƒǿǿřɠḗḗřẏ ḓḗḗşīīɠƞḗḗḓ ŧǿǿ ŧřīīƈķ ŭŭşḗḗřş īīƞŧǿǿ şħȧȧřīīƞɠ ƥḗḗřşǿǿƞȧȧŀ ǿǿř ƒīīƞȧȧƞƈīīȧȧŀ īīƞƒǿǿřḿȧȧŧīīǿǿƞ.","malware-blocked":"Ḿȧȧŀẇȧȧřḗḗ ȧȧŧŧȧȧƈķ ƀŀǿǿƈķḗḗḓ","malware-blocked-error":"Ŧħḗḗ şīīŧḗḗ ȧȧŧ ħȧȧş ƀḗḗḗḗƞ řḗḗƥǿǿřŧḗḗḓ ȧȧş ȧȧƞ ȧȧŧŧȧȧƈķ şīīŧḗḗ ȧȧƞḓ ħȧȧş ƀḗḗḗḗƞ ƀŀǿǿƈķḗḗḓ.","unsafe-content-type":"Ŭŭƞşȧȧƒḗḗ ƈǿǿƞŧḗḗƞŧ","unsafe-content-type-error":"Ŧħḗḗ ƥȧȧɠḗḗ ƈȧȧƞƞǿǿŧ ƀḗḗ şħǿǿẇƞ ƀḗḗƈȧȧŭŭşḗḗ īīŧ ḿȧȧẏ ƞǿǿŧ ƀḗḗ şȧȧƒḗḗ ŧǿǿ ǿǿƥḗḗƞ.","corrupted-content":"Ƈȧȧƞ’ŧ ḓīīşƥŀȧȧẏ ƥȧȧɠḗḗ","corrupted-content-error":"Ŧħḗḗ ƥȧȧɠḗḗ ƈȧȧƞƞǿǿŧ ƀḗḗ şħǿǿẇƞ ƀḗḗƈȧȧŭŭşḗḗ ȧȧƞ ḗḗřřǿǿř īīƞ ŧħḗḗ ḓȧȧŧȧȧ ŧřȧȧƞşḿīīşşīīǿǿƞ ẇȧȧş ḓḗḗŧḗḗƈŧḗḗḓ.","network-connection-unavailable":"Ƞḗḗŧẇǿǿřķ ƈǿǿƞƞḗḗƈŧīīǿǿƞ ŭŭƞȧȧṽȧȧīīŀȧȧƀŀḗḗ","network-error":"{{name}} řḗḗɋŭŭīīřḗḗş ȧȧ ƞḗḗŧẇǿǿřķ ƈǿǿƞƞḗḗƈŧīīǿǿƞ. Ŧřẏ ƈǿǿƞƞḗḗƈŧīīƞɠ ŧǿǿ ȧȧ Ẇīī-Ƒīī ǿǿř ḿǿǿƀīīŀḗḗ ḓȧȧŧȧȧ ƞḗḗŧẇǿǿřķ.","network-error-launching":"{{name}} řḗḗɋŭŭīīřḗḗş ȧȧƞ Īīƞŧḗḗřƞḗḗŧ ƈǿǿƞƞḗḗƈŧīīǿǿƞ.","network-error-in-app":"Ƞǿǿ ȧȧƈƈḗḗşş ŧǿǿ ŧħḗḗ Īīƞŧḗḗřƞḗḗŧ řīīɠħŧ ƞǿǿẇ.","unable-to-connect":"Ŭŭƞȧȧƀŀḗḗ ŧǿǿ ƈǿǿƞƞḗḗƈŧ","try-again":"Ŧřẏ ȧȧɠȧȧīīƞ","check-settings":"Ƈħḗḗƈķ şḗḗŧŧīīƞɠş","tap-to-check-settings":"Ŧȧȧƥ ŧǿǿ ƈħḗḗƈķ şḗḗŧŧīīƞɠş","select-time":"Şḗḗŀḗḗƈŧ ŧīīḿḗḗ","choose-option":"Şḗḗŀḗḗƈŧ","choose-options":"Şḗḗŀḗḗƈŧ","select-day":"Şḗḗŀḗḗƈŧ ḓȧȧẏ","battery-almost-empty":"Ɓȧȧŧŧḗḗřẏ ȧȧŀḿǿǿşŧ ḗḗḿƥŧẏ","add-to-home-screen":"Ȧȧḓḓ ŧǿǿ Ħǿǿḿḗḗ Şƈřḗḗḗḗƞ","crash-dialog2-os":"{{brandShortName}} ĵŭŭşŧ řḗḗƈǿǿṽḗḗřḗḗḓ ƒřǿǿḿ ȧȧ ƈřȧȧşħ","crash-dialog-app":"{{name}} ĵŭŭşŧ ƈřȧȧşħḗḗḓ","crash-dialog-message":"Ẇǿǿŭŭŀḓ ẏǿǿŭŭ ŀīīķḗḗ ŧǿǿ şḗḗƞḓ Ḿǿǿẑīīŀŀȧȧ ȧȧ řḗḗƥǿǿřŧ ȧȧƀǿǿŭŭŧ ŧħḗḗ ƈřȧȧşħ ŧǿǿ ħḗḗŀƥ ŭŭş ƒīīẋ ŧħḗḗ ƥřǿǿƀŀḗḗḿ? (Řḗḗƥǿǿřŧş ȧȧřḗḗ şḗḗƞŧ ǿǿṽḗḗř Ẇīī-Ƒīī ǿǿƞŀẏ.)","crash-info-link":"Ẇħȧȧŧ’ş īīƞ ȧȧ ƈřȧȧşħ řḗḗƥǿǿřŧ?","crash-always-report":"Ȧȧŀẇȧȧẏş şḗḗƞḓ Ḿǿǿẑīīŀŀȧȧ ȧȧ řḗḗƥǿǿřŧ ẇħḗḗƞ ȧȧ ƈřȧȧşħ ǿǿƈƈŭŭřş.","crash-dont-send":"Ḓǿǿƞ’ŧ Şḗḗƞḓ","crash-end":"Şḗḗƞḓ Řḗḗƥǿǿřŧ","crashReports":"Ƈřȧȧşħ Řḗḗƥǿǿřŧş","done":"Ḓǿǿƞḗḗ","crash-reports-description-1":"Ȧȧ ƈřȧȧşħ řḗḗƥǿǿřŧ ƈǿǿƞŧȧȧīīƞş şǿǿḿḗḗ ḓḗḗŧȧȧīīŀş ȧȧƀǿǿŭŭŧ ŧħḗḗ ƈřȧȧşħ ȧȧƞḓ ẏǿǿŭŭř ḓḗḗṽīīƈḗḗ, ȧȧş ẇḗḗŀŀ ȧȧş ȧȧ şƞȧȧƥşħǿǿŧ ǿǿƒ ŧħḗḗ şŧȧȧŧḗḗ ǿǿƒ ẏǿǿŭŭř ḓḗḗṽīīƈḗḗ ẇħḗḗƞ īīŧ ƈřȧȧşħḗḗḓ.","crash-reports-description-2":"Ŧħīīş ḿȧȧẏ īīƞƈŀŭŭḓḗḗ ŧħīīƞɠş ŀīīķḗḗ ǿǿƥḗḗƞ ƥȧȧɠḗḗş ȧȧƞḓ ȧȧƥƥş, ŧḗḗẋŧ ŧẏƥḗḗḓ īīƞŧǿǿ ƒǿǿřḿş ȧȧƞḓ ŧħḗḗ ƈǿǿƞŧḗḗƞŧ ǿǿƒ ǿǿƥḗḗƞ ḿḗḗşşȧȧɠḗḗş, řḗḗƈḗḗƞŧ ƀřǿǿẇşīīƞɠ ħīīşŧǿǿřẏ, ǿǿř ɠḗḗǿǿŀǿǿƈȧȧŧīīǿǿƞ ŭŭşḗḗḓ ƀẏ ȧȧƞ ǿǿƥḗḗƞ ȧȧƥƥ.","crash-reports-description-3-start":"Ẇḗḗ ŭŭşḗḗ ƈřȧȧşħ řḗḗƥǿǿřŧş ŧǿǿ ŧřẏ ŧǿǿ ƒīīẋ ƥřǿǿƀŀḗḗḿş ȧȧƞḓ īīḿƥřǿǿṽḗḗ ǿǿŭŭř ƥřǿǿḓŭŭƈŧş. Ẇḗḗ ħȧȧƞḓŀḗḗ ẏǿǿŭŭř īīƞƒǿǿřḿȧȧŧīīǿǿƞ ȧȧş ẇḗḗ ḓḗḗşƈřīīƀḗḗ īīƞ ǿǿŭŭř ","crash-reports-description-3-privacy":"ƥřīīṽȧȧƈẏ ƥǿǿŀīīƈẏ","crash-reports-description-3-end":".","crash-banner-os2":"{{brandShortName}} ĵŭŭşŧ ƈřȧȧşħḗḗḓ.","crash-banner-app":"{{name}} ĵŭŭşŧ ƈřȧȧşħḗḗḓ.","crash-banner-report":"Řḗḗƥǿǿřŧ","bluetooth-sending-progress":"Şḗḗƞḓīīƞɠ Ɓŀŭŭḗḗŧǿǿǿǿŧħ ŧřȧȧƞşƒḗḗř…","bluetooth-receiving-progress":"Řḗḗƈḗḗīīṽīīƞɠ Ɓŀŭŭḗḗŧǿǿǿǿŧħ ŧřȧȧƞşƒḗḗř…","acceptFileTransfer":"Ȧȧƈƈḗḗƥŧ Ɓŀŭŭḗḗŧǿǿǿǿŧħ ƒīīŀḗḗ ŧřȧȧƞşƒḗḗř?","wantToReceiveFile":"{{deviceName}} ẇǿǿŭŭŀḓ ŀīīķḗḗ ŧǿǿ ŧřȧȧƞşƒḗḗř {{fileName}} ({{fileSize}}).","transfer-confirmation-title":"{{deviceName}}","transfer-confirmation-description":"Řḗḗṽīīḗḗẇ ŧřȧȧƞşƒḗḗř řḗḗɋŭŭḗḗşŧ.","byteUnit-B":"Ɓẏŧḗḗş","byteUnit-KB":"ĶƁ","byteUnit-MB":"ḾƁ","byteUnit-GB":"ƓƁ","byteUnit-TB":"ŦƁ","byteUnit-PB":"ƤƁ","byteUnit-EB":"ḖḗƁ","byteUnit-ZB":"ẐƁ","byteUnit-YB":"ẎƁ","fileSize":"{{size}} {{unit}}","deny":"Ḓḗḗƞẏ","transfer":"Ŧřȧȧƞşƒḗḗř","cancelFileTransfer":"Ƈȧȧƞƈḗḗŀ Ɓŀŭŭḗḗŧǿǿǿǿŧħ ƒīīŀḗḗ ŧřȧȧƞşƒḗḗř?","continueFileTransfer":"Ƈǿǿƞŧīīƞŭŭḗḗ","transfer-has-started-title":"Ŧħḗḗ ŧřȧȧƞşƒḗḗř ħȧȧş şŧȧȧřŧḗḗḓ","transfer-has-started-description":"Ƈħḗḗƈķ ŧħḗḗ ƥřǿǿɠřḗḗşş īīƞ Ƞǿǿŧīīƒīīƈȧȧŧīīǿǿƞ ƈḗḗƞŧḗḗř","transferFinished-sentSuccessful-title":"Ƒīīŀḗḗ şḗḗƞŧ","transferFinished-receivedSuccessful-title":"Ƒīīŀḗḗ řḗḗƈḗḗīīṽḗḗḓ","transferFinished-sentFailed-title":"Ƒīīŀḗḗ ƈǿǿŭŭŀḓ ƞǿǿŧ ƀḗḗ şḗḗƞŧ","transferFinished-receivedFailed-title":"Ƒīīŀḗḗ ƈǿǿŭŭŀḓ ƞǿǿŧ ƀḗḗ řḗḗƈḗḗīīṽḗḗḓ","transferReport-title":"Ŧřȧȧƞşƒḗḗř řḗḗƥǿǿřŧ:","transferReport-description":"{{numSuccessful}} ƒīīŀḗḗş şŭŭƈƈḗḗşşƒŭŭŀ, {{numUnsuccessful}} ƒīīŀḗḗş ŭŭƞşŭŭƈƈḗḗşşƒŭŭŀ","unknown-file":"Ŭŭƞķƞǿǿẇƞ ƒīīŀḗḗ","unknown-device":"Ŭŭƞķƞǿǿẇƞ ḓḗḗṽīīƈḗḗ","cannotOpenFile":"Ƈȧȧƞ ƞǿǿŧ ǿǿƥḗḗƞ řḗḗƈḗḗīīṽḗḗḓ ƒīīŀḗḗ","unknownMediaTypeToOpen":"Ƈȧȧƞ ƞǿǿŧ ǿǿƥḗḗƞ ŭŭƞķƞǿǿẇƞ ḿḗḗḓīīȧȧ ŧẏƥḗḗ:","cannotReceiveFile":"Ƈȧȧƞ ƞǿǿŧ řḗḗƈḗḗīīṽḗḗ ƒīīŀḗḗ","cannotGetStorageState":"Ƈȧȧƞ ƞǿǿŧ ɠḗḗŧ ḓḗḗṽīīƈḗḗ şŧǿǿřȧȧɠḗḗ şŧȧȧŧḗḗ.","sdcard-not-exist2":"Ƞǿǿ ḿḗḗḿǿǿřẏ ƈȧȧřḓ ƒǿǿŭŭƞḓ. Ƥŀḗḗȧȧşḗḗ īīƞşḗḗřŧ ȧȧ ḿḗḗḿǿǿřẏ ƈȧȧřḓ.","sdcard-in-use":"Ɓŀŭŭḗḗŧǿǿǿǿŧħ ƈȧȧƞ ƞǿǿŧ ƀḗḗ ŭŭşḗḗḓ ẇħīīŀḗḗ ƥħǿǿƞḗḗ īīş ƥŀŭŭɠɠḗḗḓ īīƞ. Ƥŀḗḗȧȧşḗḗ ŭŭƞƥŀŭŭɠ ŧħḗḗ ƥħǿǿƞḗḗ ŧǿǿ řḗḗƈḗḗīīṽḗḗ ƒīīŀḗḗ(ş).","sdcard-no-space2":"Ƈȧȧƞ ƞǿǿŧ ƈǿǿḿƥŀḗḗŧḗḗ ŧřȧȧƞşƒḗḗř: ḿḗḗḿǿǿřẏ ƈȧȧřḓ īīş ƒŭŭŀŀ.","unknown-error":"Ŭŭƞķƞǿǿẇƞ ḗḗřřǿǿř","confirm":"Ƈǿǿƞƒīīřḿ","microphone-is-on":"Ḿīīƈ īīş ǿǿƞ","camera-is-on":"Ƈȧȧḿḗḗřȧȧ īīş ǿǿƞ","media-is-on":"Ƈȧȧḿḗḗřȧȧ & Ḿīīƈ ȧȧřḗḗ ǾǿȠ","noSimCard":"Ƞǿǿ ŞĪīḾ ƈȧȧřḓ","simPin":"ŞĪīḾ ƤĪīȠ","pukCode":"ƤŬŭĶ ƈǿǿḓḗḗ","nckCode":"ȠƇĶ ƈǿǿḓḗḗ","cckCode":"ƇƇĶ ƈǿǿḓḗḗ","spckCode":"ŞƤƇĶ ƈǿǿḓḗḗ","nck1code":"ȠƇĶ1 ƈǿǿḓḗḗ","nck2code":"ȠƇĶ2 ƈǿǿḓḗḗ","hnckcode":"ĦȠƇĶ ƈǿǿḓḗḗ","rcckcode":"ŘƇƇĶ ƈǿǿḓḗḗ","rspckcode":"ŘŞƤƇĶ ƈǿǿḓḗḗ","whatIsSimPin":"Ẇħȧȧŧ īīş ȧȧ ŞĪīḾ ƤĪīȠ?","simPinIntro1":"Ȧȧ ŞĪīḾ ƤĪīȠ ƥřḗḗṽḗḗƞŧş ȧȧƈƈḗḗşş ŧǿǿ ŧħḗḗ ŞĪīḾ ƈȧȧřḓ ƈḗḗŀŀŭŭŀȧȧř ḓȧȧŧȧȧ ƞḗḗŧẇǿǿřķş. Ẇħḗḗƞ īīŧ’ş ḗḗƞȧȧƀŀḗḗḓ, ȧȧƞẏ ḓḗḗṽīīƈḗḗ ƈǿǿƞŧȧȧīīƞīīƞɠ ŧħḗḗ ŞĪīḾ ƈȧȧřḓ ẇīīŀŀ řḗḗɋŭŭḗḗşŧ ŧħḗḗ ƤĪīȠ ŭŭƥǿǿƞ řḗḗşŧȧȧřŧ.","simPinIntro2":"Ȧȧ ŞĪīḾ ƤĪīȠ īīş ƞǿǿŧ ŧħḗḗ şȧȧḿḗḗ ȧȧş ŧħḗḗ ƥȧȧşşƈǿǿḓḗḗ ŭŭşḗḗḓ ŧǿǿ ŭŭƞŀǿǿƈķ ŧħḗḗ ḓḗḗṽīīƈḗḗ.","changeSimPin":"Ƈħȧȧƞɠḗḗ ƤĪīȠ","pinTitle":"Ḗḗƞŧḗḗř ŞĪīḾ ƤĪīȠ","multiSIMpinTitle":"Ḗḗƞŧḗḗř ŞĪīḾ {{n}} ƤĪīȠ","pukTitle":"Ḗḗƞŧḗḗř ƤŬŭĶ ƈǿǿḓḗḗ","nckTitle":"Ḗḗƞŧḗḗř ȠƇĶ ƈǿǿḓḗḗ","cckTitle":"Ḗḗƞŧḗḗř ƇƇĶ ƈǿǿḓḗḗ","spckTitle":"Ḗḗƞŧḗḗř ŞƤƇĶ ƈǿǿḓḗḗ","nck1Title":"Ḗḗƞŧḗḗř ȠƇĶ1 ƈǿǿḓḗḗ","nck2Title":"Ḗḗƞŧḗḗř ȠƇĶ2 ƈǿǿḓḗḗ","hnckTitle":"Ḗḗƞŧḗḗř ĦȠƇĶ ƈǿǿḓḗḗ","rcckTitle":"Ḗḗƞŧḗḗř ŘƇƇĶ ƈǿǿḓḗḗ","rspckTitle":"Ḗḗƞŧḗḗř ŘŞƤƇĶ ƈǿǿḓḗḗ","newpinTitle":"Ƞḗḗẇ ƤĪīȠ","inputCodeRetriesLeft":{"_":{"one":"Ŀȧȧşŧ ŧřẏ.","two":"{{n}} ŧřīīḗḗş ŀḗḗƒŧ.","few":"{{n}} ŧřīīḗḗş ŀḗḗƒŧ.","many":"{{n}} ŧřīīḗḗş ŀḗḗƒŧ.","other":"{{n}} ŧřīīḗḗş ŀḗḗƒŧ."}},"pinErrorMsg":"Ŧħḗḗ ƤĪīȠ ẇȧȧş īīƞƈǿǿřřḗḗƈŧ.","pinAttemptMsg2":{"_":{"one":"Ẏǿǿŭŭ ħȧȧṽḗḗ ǿǿƞḗḗ ŧřẏ ŀḗḗƒŧ ŧǿǿ ḗḗƞŧḗḗř ŧħḗḗ ƈǿǿřřḗḗƈŧ ƈǿǿḓḗḗ ƀḗḗƒǿǿřḗḗ ŀǿǿƈķīīƞɠ ŧħḗḗ ŞĪīḾ ƈȧȧřḓ.","two":"Ẏǿǿŭŭ ħȧȧṽḗḗ {{n}} ŧřīīḗḗş ŀḗḗƒŧ ŧǿǿ ḗḗƞŧḗḗř ŧħḗḗ ƈǿǿřřḗḗƈŧ ƈǿǿḓḗḗ ƀḗḗƒǿǿřḗḗ ŀǿǿƈķīīƞɠ ŧħḗḗ ŞĪīḾ ƈȧȧřḓ.","few":"Ẏǿǿŭŭ ħȧȧṽḗḗ {{n}} ŧřīīḗḗş ŀḗḗƒŧ ŧǿǿ ḗḗƞŧḗḗř ŧħḗḗ ƈǿǿřřḗḗƈŧ ƈǿǿḓḗḗ ƀḗḗƒǿǿřḗḗ ŀǿǿƈķīīƞɠ ŧħḗḗ ŞĪīḾ ƈȧȧřḓ.","many":"Ẏǿǿŭŭ ħȧȧṽḗḗ {{n}} ŧřīīḗḗş ŀḗḗƒŧ ŧǿǿ ḗḗƞŧḗḗř ŧħḗḗ ƈǿǿřřḗḗƈŧ ƈǿǿḓḗḗ ƀḗḗƒǿǿřḗḗ ŀǿǿƈķīīƞɠ ŧħḗḗ ŞĪīḾ ƈȧȧřḓ.","other":"Ẏǿǿŭŭ ħȧȧṽḗḗ {{n}} ŧřīīḗḗş ŀḗḗƒŧ ŧǿǿ ḗḗƞŧḗḗř ŧħḗḗ ƈǿǿřřḗḗƈŧ ƈǿǿḓḗḗ ƀḗḗƒǿǿřḗḗ ŀǿǿƈķīīƞɠ ŧħḗḗ ŞĪīḾ ƈȧȧřḓ."}},"pinLastChanceMsg":"Ŧħīīş īīş ẏǿǿŭŭř ŀȧȧşŧ ƈħȧȧƞƈḗḗ ŧǿǿ ḗḗƞŧḗḗř ŧħḗḗ ƈǿǿřřḗḗƈŧ ƤĪīȠ. Ǿǿŧħḗḗřẇīīşḗḗ, ẏǿǿŭŭ ḿŭŭşŧ ḗḗƞŧḗḗř ŧħḗḗ ƤŬŭĶ ƈǿǿḓḗḗ ŧǿǿ ŭŭşḗḗ ŧħīīş ŞĪīḾ ƈȧȧřḓ.","simCardLockedMsg":"Ŧħḗḗ ŞĪīḾ ƈȧȧřḓ īīş ŀǿǿƈķḗḗḓ.","enterPukMsg":"Ẏǿǿŭŭ ḿŭŭşŧ ḗḗƞŧḗḗř ŧħḗḗ Ƥḗḗřşǿǿƞȧȧŀ Ŭŭƞŀǿǿƈķīīƞɠ Ķḗḗẏ (ƤŬŭĶ) ƈǿǿḓḗḗ ƒǿǿř ŧħḗḗ ŞĪīḾ ƈȧȧřḓ. Řḗḗƒḗḗř ŧǿǿ ẏǿǿŭŭř ŞĪīḾ ƈȧȧřḓ ḓǿǿƈŭŭḿḗḗƞŧȧȧŧīīǿǿƞ ǿǿř ƈǿǿƞŧȧȧƈŧ ẏǿǿŭŭř ƈȧȧřřīīḗḗř ƒǿǿř ḿǿǿřḗḗ īīƞƒǿǿřḿȧȧŧīīǿǿƞ.","pukErrorMsg":"Ŧħḗḗ ƤŬŭĶ ƈǿǿḓḗḗ īīş īīƞƈǿǿřřḗḗƈŧ.","pukAttemptMsg2":{"_":{"one":"Ẏǿǿŭŭ ħȧȧṽḗḗ ǿǿƞḗḗ ŧřẏ ŀḗḗƒŧ ŧǿǿ ḗḗƞŧḗḗř ŧħḗḗ ƈǿǿřřḗḗƈŧ ƈǿǿḓḗḗ ƀḗḗƒǿǿřḗḗ ŧħīīş ŞĪīḾ ƈȧȧřḓ ẇīīŀŀ ƀḗḗ ƥḗḗřḿȧȧƞḗḗƞŧŀẏ ŭŭƞŭŭşȧȧƀŀḗḗ. Řḗḗƒḗḗř ŧǿǿ ẏǿǿŭŭř ŞĪīḾ ƈȧȧřḓ ḓǿǿƈŭŭḿḗḗƞŧȧȧŧīīǿǿƞ ǿǿř ƈǿǿƞŧȧȧƈŧ ẏǿǿŭŭř ƈȧȧřřīīḗḗř ƒǿǿř ḿǿǿřḗḗ īīƞƒǿǿřḿȧȧŧīīǿǿƞ.","two":"Ẏǿǿŭŭ ħȧȧṽḗḗ {{n}} ŧřīīḗḗş ŀḗḗƒŧ ŧǿǿ ḗḗƞŧḗḗř ŧħḗḗ ƈǿǿřřḗḗƈŧ ƈǿǿḓḗḗ ƀḗḗƒǿǿřḗḗ ŧħīīş ŞĪīḾ ƈȧȧřḓ ẇīīŀŀ ƀḗḗ ƥḗḗřḿȧȧƞḗḗƞŧŀẏ ŭŭƞŭŭşȧȧƀŀḗḗ. Řḗḗƒḗḗř ŧǿǿ ẏǿǿŭŭř ŞĪīḾ ƈȧȧřḓ ḓǿǿƈŭŭḿḗḗƞŧȧȧŧīīǿǿƞ ǿǿř ƈǿǿƞŧȧȧƈŧ ẏǿǿŭŭř ƈȧȧřřīīḗḗř ƒǿǿř ḿǿǿřḗḗ īīƞƒǿǿřḿȧȧŧīīǿǿƞ.","few":"Ẏǿǿŭŭ ħȧȧṽḗḗ {{n}} ŧřīīḗḗş ŀḗḗƒŧ ŧǿǿ ḗḗƞŧḗḗř ŧħḗḗ ƈǿǿřřḗḗƈŧ ƈǿǿḓḗḗ ƀḗḗƒǿǿřḗḗ ŧħīīş ŞĪīḾ ƈȧȧřḓ ẇīīŀŀ ƀḗḗ ƥḗḗřḿȧȧƞḗḗƞŧŀẏ ŭŭƞŭŭşȧȧƀŀḗḗ. Řḗḗƒḗḗř ŧǿǿ ẏǿǿŭŭř ŞĪīḾ ƈȧȧřḓ ḓǿǿƈŭŭḿḗḗƞŧȧȧŧīīǿǿƞ ǿǿř ƈǿǿƞŧȧȧƈŧ ẏǿǿŭŭř ƈȧȧřřīīḗḗř ƒǿǿř ḿǿǿřḗḗ īīƞƒǿǿřḿȧȧŧīīǿǿƞ.","many":"Ẏǿǿŭŭ ħȧȧṽḗḗ {{n}} ŧřīīḗḗş ŀḗḗƒŧ ŧǿǿ ḗḗƞŧḗḗř ŧħḗḗ ƈǿǿřřḗḗƈŧ ƈǿǿḓḗḗ ƀḗḗƒǿǿřḗḗ ŧħīīş ŞĪīḾ ƈȧȧřḓ ẇīīŀŀ ƀḗḗ ƥḗḗřḿȧȧƞḗḗƞŧŀẏ ŭŭƞŭŭşȧȧƀŀḗḗ. Řḗḗƒḗḗř ŧǿǿ ẏǿǿŭŭř ŞĪīḾ ƈȧȧřḓ ḓǿǿƈŭŭḿḗḗƞŧȧȧŧīīǿǿƞ ǿǿř ƈǿǿƞŧȧȧƈŧ ẏǿǿŭŭř ƈȧȧřřīīḗḗř ƒǿǿř ḿǿǿřḗḗ īīƞƒǿǿřḿȧȧŧīīǿǿƞ.","other":"Ẏǿǿŭŭ ħȧȧṽḗḗ {{n}} ŧřīīḗḗş ŀḗḗƒŧ ŧǿǿ ḗḗƞŧḗḗř ŧħḗḗ ƈǿǿřřḗḗƈŧ ƈǿǿḓḗḗ ƀḗḗƒǿǿřḗḗ ŧħīīş ŞĪīḾ ƈȧȧřḓ ẇīīŀŀ ƀḗḗ ƥḗḗřḿȧȧƞḗḗƞŧŀẏ ŭŭƞŭŭşȧȧƀŀḗḗ. Řḗḗƒḗḗř ŧǿǿ ẏǿǿŭŭř ŞĪīḾ ƈȧȧřḓ ḓǿǿƈŭŭḿḗḗƞŧȧȧŧīīǿǿƞ ǿǿř ƈǿǿƞŧȧȧƈŧ ẏǿǿŭŭř ƈȧȧřřīīḗḗř ƒǿǿř ḿǿǿřḗḗ īīƞƒǿǿřḿȧȧŧīīǿǿƞ."}},"pukLastChanceMsg":"Ŀȧȧşŧ ƈħȧȧƞƈḗḗ ŧǿǿ ḗḗƞŧḗḗř ŧħḗḗ ƈǿǿřřḗḗƈŧ ƤŬŭĶ ƈǿǿḓḗḗ. Ẏǿǿŭŭř ŞĪīḾ ƈȧȧřḓ ẇīīŀŀ ƀḗḗ ƥḗḗřḿȧȧƞḗḗƞŧŀẏ ŭŭƞŭŭşȧȧƀŀḗḗ īīƒ ẏǿǿŭŭ ḗḗƞŧḗḗř īīƞ ŧħḗḗ ẇřǿǿƞɠ ƤŬŭĶ ƈǿǿḓḗḗ. Řḗḗƒḗḗř ŧǿǿ ẏǿǿŭŭř ŞĪīḾ ƈȧȧřḓ ḓǿǿƈŭŭḿḗḗƞŧȧȧŧīīǿǿƞ ǿǿř ƈǿǿƞŧȧȧƈŧ ẏǿǿŭŭř ƈȧȧřřīīḗḗř ƒǿǿř ḿǿǿřḗḗ īīƞƒǿǿřḿȧȧŧīīǿǿƞ.","newSimPinMsg":"Ƈřḗḗȧȧŧḗḗ ƤĪīȠ (ḿŭŭşŧ ƈǿǿƞŧȧȧīīƞ 4 ŧǿǿ 8 ḓīīɠīīŧş)","confirmNewSimPinMsg":"Ƈǿǿƞƒīīřḿ ƞḗḗẇ ƤĪīȠ","newPinErrorMsg":"ƤĪīȠş ḓǿǿƞ’ŧ ḿȧȧŧƈħ.","nckErrorMsg":"Ŧħḗḗ ȠƇĶ ƈǿǿḓḗḗ īīş īīƞƈǿǿřřḗḗƈŧ.","nckAttemptMsg2":{"_":{"one":"Ƞḗḗŧẇǿǿřķ ḓḗḗƥḗḗřşǿǿƞȧȧŀīīẑȧȧŧīīǿǿƞ řḗḗɋŭŭḗḗşŧ ƒȧȧīīŀŭŭřḗḗ. Ẏǿǿŭŭ ħȧȧṽḗḗ ǿǿƞḗḗ ŧřẏ ŀḗḗƒŧ ŧǿǿ ḗḗƞŧḗḗř ŧħḗḗ ƈǿǿřřḗḗƈŧ ƈǿǿḓḗḗ. Řḗḗƒḗḗř ŧǿǿ ẏǿǿŭŭř ḓḗḗṽīīƈḗḗ ḓǿǿƈŭŭḿḗḗƞŧȧȧŧīīǿǿƞ ǿǿř ƈǿǿƞŧȧȧƈŧ ẏǿǿŭŭř ƈȧȧřřīīḗḗř ƒǿǿř ḿǿǿřḗḗ īīƞƒǿǿřḿȧȧŧīīǿǿƞ.","two":"Ƞḗḗŧẇǿǿřķ ḓḗḗƥḗḗřşǿǿƞȧȧŀīīẑȧȧŧīīǿǿƞ řḗḗɋŭŭḗḗşŧ ƒȧȧīīŀŭŭřḗḗ. Ẏǿǿŭŭ ħȧȧṽḗḗ {{n}} ŧřīīḗḗş ŀḗḗƒŧ ŧǿǿ ḗḗƞŧḗḗř ŧħḗḗ ƈǿǿřřḗḗƈŧ ƈǿǿḓḗḗ. Řḗḗƒḗḗř ŧǿǿ ẏǿǿŭŭř ḓḗḗṽīīƈḗḗ ḓǿǿƈŭŭḿḗḗƞŧȧȧŧīīǿǿƞ ǿǿř ƈǿǿƞŧȧȧƈŧ ẏǿǿŭŭř ƈȧȧřřīīḗḗř ƒǿǿř ḿǿǿřḗḗ īīƞƒǿǿřḿȧȧŧīīǿǿƞ.","few":"Ƞḗḗŧẇǿǿřķ ḓḗḗƥḗḗřşǿǿƞȧȧŀīīẑȧȧŧīīǿǿƞ řḗḗɋŭŭḗḗşŧ ƒȧȧīīŀŭŭřḗḗ. Ẏǿǿŭŭ ħȧȧṽḗḗ {{n}} ŧřīīḗḗş ŀḗḗƒŧ ŧǿǿ ḗḗƞŧḗḗř ŧħḗḗ ƈǿǿřřḗḗƈŧ ƈǿǿḓḗḗ. Řḗḗƒḗḗř ŧǿǿ ẏǿǿŭŭř ḓḗḗṽīīƈḗḗ ḓǿǿƈŭŭḿḗḗƞŧȧȧŧīīǿǿƞ ǿǿř ƈǿǿƞŧȧȧƈŧ ẏǿǿŭŭř ƈȧȧřřīīḗḗř ƒǿǿř ḿǿǿřḗḗ īīƞƒǿǿřḿȧȧŧīīǿǿƞ.","many":"Ƞḗḗŧẇǿǿřķ ḓḗḗƥḗḗřşǿǿƞȧȧŀīīẑȧȧŧīīǿǿƞ řḗḗɋŭŭḗḗşŧ ƒȧȧīīŀŭŭřḗḗ. Ẏǿǿŭŭ ħȧȧṽḗḗ {{n}} ŧřīīḗḗş ŀḗḗƒŧ ŧǿǿ ḗḗƞŧḗḗř ŧħḗḗ ƈǿǿřřḗḗƈŧ ƈǿǿḓḗḗ. Řḗḗƒḗḗř ŧǿǿ ẏǿǿŭŭř ḓḗḗṽīīƈḗḗ ḓǿǿƈŭŭḿḗḗƞŧȧȧŧīīǿǿƞ ǿǿř ƈǿǿƞŧȧȧƈŧ ẏǿǿŭŭř ƈȧȧřřīīḗḗř ƒǿǿř ḿǿǿřḗḗ īīƞƒǿǿřḿȧȧŧīīǿǿƞ.","other":"Ƞḗḗŧẇǿǿřķ ḓḗḗƥḗḗřşǿǿƞȧȧŀīīẑȧȧŧīīǿǿƞ řḗḗɋŭŭḗḗşŧ ƒȧȧīīŀŭŭřḗḗ. Ẏǿǿŭŭ ħȧȧṽḗḗ {{n}} ŧřīīḗḗş ŀḗḗƒŧ ŧǿǿ ḗḗƞŧḗḗř ŧħḗḗ ƈǿǿřřḗḗƈŧ ƈǿǿḓḗḗ. Řḗḗƒḗḗř ŧǿǿ ẏǿǿŭŭř ḓḗḗṽīīƈḗḗ ḓǿǿƈŭŭḿḗḗƞŧȧȧŧīīǿǿƞ ǿǿř ƈǿǿƞŧȧȧƈŧ ẏǿǿŭŭř ƈȧȧřřīīḗḗř ƒǿǿř ḿǿǿřḗḗ īīƞƒǿǿřḿȧȧŧīīǿǿƞ."}},"nckLastChanceMsg":"Ƞḗḗŧẇǿǿřķ ḓḗḗƥḗḗřşǿǿƞȧȧŀīīẑȧȧŧīīǿǿƞ řḗḗɋŭŭḗḗşŧ ƒȧȧīīŀŭŭřḗḗ. Ŀȧȧşŧ ƈħȧȧƞƈḗḗ ŧǿǿ ḗḗƞŧḗḗř ŧħḗḗ ƈǿǿřřḗḗƈŧ ȠƇĶ ƈǿǿḓḗḗ. Řḗḗƒḗḗř ŧǿǿ ẏǿǿŭŭř ḓḗḗṽīīƈḗḗ ḓǿǿƈŭŭḿḗḗƞŧȧȧŧīīǿǿƞ ǿǿř ƈǿǿƞŧȧȧƈŧ ẏǿǿŭŭř ƈȧȧřřīīḗḗř ƒǿǿř ḿǿǿřḗḗ īīƞƒǿǿřḿȧȧŧīīǿǿƞ.","activity-pick":"Şḗḗŀḗḗƈŧ ƒřǿǿḿ:","activity-view":"Ṽīīḗḗẇ ẇīīŧħ:","activity-test":"Ŧḗḗşŧ ẇīīŧħ:","activity-share":"Şħȧȧřḗḗ ẇīīŧħ:","activity-new":"Ƈřḗḗȧȧŧḗḗ ẇīīŧħ:","activity-open":"Ǿǿƥḗḗƞ ẇīīŧħ:","activity-save-bookmark":"Ɓǿǿǿǿķḿȧȧřķ ŧǿǿ:","activity-record":"Řḗḗƈǿǿřḓ ƒřǿǿḿ:","activity-browse":"Ɓřǿǿẇşḗḗ ẇīīŧħ:","activity-configure":"Ƈǿǿƞƒīīɠŭŭřḗḗ ẇīīŧħ:","activity-dial":"Ḓīīȧȧŀ ƒřǿǿḿ:","persona-signin":"Şīīɠƞ Īīƞ","payment-flow":"Ƥŭŭřƈħȧȧşḗḗ","remoteDebuggerMessage":"Ȧȧƞ īīƞƈǿǿḿīīƞɠ řḗḗɋŭŭḗḗşŧ ŧǿǿ ƥḗḗřḿīīŧ řḗḗḿǿǿŧḗḗ ḓḗḗƀŭŭɠɠīīƞɠ ƈǿǿƞƞḗḗƈŧīīǿǿƞ ẇȧȧş ḓḗḗŧḗḗƈŧḗḗḓ. Ȧȧŀŀǿǿẇ ƈǿǿƞƞḗḗƈŧīīǿǿƞ?","fullscreen-request":"{{origin}} īīş ƞǿǿẇ ƒŭŭŀŀşƈřḗḗḗḗƞ.","captive-wifi-available":"Ŧħḗḗ ƞḗḗŧẇǿǿřķ {{networkName}} ẇȧȧş ƒǿǿŭŭƞḓ. Ĵǿǿīīƞ ƞḗḗŧẇǿǿřķ?","ceWarningtitle":"Ṽǿǿŀŭŭḿḗḗ ẇȧȧřƞīīƞɠ","ceWarningcontent":"Ŧǿǿ ƥřḗḗṽḗḗƞŧ ƥǿǿşşīīƀŀḗḗ ħḗḗȧȧřīīƞɠ ḓȧȧḿȧȧɠḗḗ, ḓǿǿ ƞǿǿŧ ŀīīşŧḗḗƞ ȧȧŧ ħīīɠħ ṽǿǿŀŭŭḿḗḗ ŀḗḗṽḗḗŀş ƒǿǿř ŀǿǿƞɠ ƥḗḗřīīǿǿḓş.","notification-powersaving-mode-on-title":"Ƥǿǿẇḗḗř Şȧȧṽīīƞɠ Ḿǿǿḓḗḗ","notification-powersaving-mode-on-description":"Ƥǿǿẇḗḗř şȧȧṽīīƞɠ ḿǿǿḓḗḗ īīş ǿǿƞ.","low-device-storage":"Ḓḗḗṽīīƈḗḗ şƥȧȧƈḗḗ ŀǿǿẇ.\\ƞ","free-space":{"_":{"zero":"Ƞǿǿ řḗḗḿȧȧīīƞīīƞɠ ƒřḗḗḗḗ şƥȧȧƈḗḗ.","one":"Ŀḗḗşş ŧħȧȧƞ {{value}} {{unit}} řḗḗḿȧȧīīƞīīƞɠ.","two":"Ŀḗḗşş ŧħȧȧƞ {{value}} {{unit}} řḗḗḿȧȧīīƞīīƞɠ.","few":"Ŀḗḗşş ŧħȧȧƞ {{value}} {{unit}} řḗḗḿȧȧīīƞīīƞɠ.","many":"Ŀḗḗşş ŧħȧȧƞ {{value}} {{unit}} řḗḗḿȧȧīīƞīīƞɠ.","other":"Ŀḗḗşş ŧħȧȧƞ {{value}} {{unit}} řḗḗḿȧȧīīƞīīƞɠ."}},"unknown-free-space":"Ŭŭƞķƞǿǿẇƞ řḗḗḿȧȧīīƞīīƞɠ şƥȧȧƈḗḗ.","system-alert":"Şẏşŧḗḗḿ Ȧȧŀḗḗřŧ","cb-channel":"Ƈħȧȧƞƞḗḗŀ {{channel}}","cb-etws-warningType-earthquake":"Ḗḗȧȧřŧħɋŭŭȧȧķḗḗ ẇȧȧřƞīīƞɠ!","cb-etws-warningType-tsunami":"Ŧşŭŭƞȧȧḿīī ẇȧȧřƞīīƞɠ!","cb-etws-warningType-earthquake-tsunami":"Ḗḗȧȧřŧħɋŭŭȧȧķḗḗ-ŧşŭŭƞȧȧḿīī ẇȧȧřƞīīƞɠ!","cb-etws-warningType-test":"Ȧȧŀḗḗřŧ şẏşŧḗḗḿ īīş ƀḗḗīīƞɠ ŧḗḗşŧḗḗḓ.","cb-etws-warningType-other":"Ḗḗḿḗḗřɠḗḗƞƈẏ ẇȧȧřƞīīƞɠ!","icc-message-title":"Ǿǿƥḗḗřȧȧŧǿǿř ḿḗḗşşȧȧɠḗḗ ƒřǿǿḿ ŞĪīḾ {{id}}","icc-confirmCall-defaultmessage":"Ƈȧȧŀŀ {{number}}?","icc-alertMessage-defaultmessage":"Şḗḗƞḓīīƞɠ ḿḗḗşşȧȧɠḗḗ","icc-confirmMessage-defaultmessage":"Şḗḗƞḓ ḿḗḗşşȧȧɠḗḗ?","icc-inputbox-title":"ŞŦĶ Ɋŭŭḗḗřẏ ƒřǿǿḿ ŞĪīḾ {{id}}","emergency-callback-mode":"Ḗḗḿḗḗřɠḗḗƞƈẏ ƈȧȧŀŀ ƀȧȧƈķ ḿǿǿḓḗḗ","emergency-callback-message":"Ẏǿǿŭŭ ƈȧȧƞ ƞǿǿŧ ḿȧȧķḗḗ ƈȧȧŀŀş, şḗḗƞḓ ḿḗḗşşȧȧɠḗḗş ǿǿř ɠǿǿ ǿǿƞŀīīƞḗḗ ƀḗḗƈȧȧŭŭşḗḗ ḗḗḿḗḗřɠḗḗƞƈẏ ƈȧȧŀŀƀȧȧƈķ ḿǿǿḓḗḗ īīş ḗḗƞȧȧƀŀḗḗḓ. Ẇǿǿŭŭŀḓ ẏǿǿŭŭ ŀīīķḗḗ ŧǿǿ ŧŭŭřƞ īīŧ ǿǿƒƒ?","cdma-record-info":"ƇḒḾȦȧ řḗḗƈǿǿřḓ īīƞƒǿǿřḿȧȧŧīīǿǿƞ","ime-switching-title":"{{appName}}: {{name}}","ime-switching-tip":"Ŧȧȧƥ ŧǿǿ şẇīīŧƈħ īīƞƥŭŭŧ ḿḗḗŧħǿǿḓ","shrinking-tip":"Şẇīīƥḗḗ ŧǿǿ şħȧȧřḗḗ","download_started":"Ḓǿǿẇƞŀǿǿȧȧḓ şŧȧȧřŧḗḗḓ","download_stopped":"Ḓǿǿẇƞŀǿǿȧȧḓ şŧǿǿƥƥḗḗḓ","download_downloading":"Ḓǿǿẇƞŀǿǿȧȧḓīīƞɠ…","download_succeeded":"Ḓǿǿẇƞŀǿǿȧȧḓ ƈǿǿḿƥŀḗḗŧḗḗ","download_failed":"Ḓǿǿẇƞŀǿǿȧȧḓ ƒȧȧīīŀḗḗḓ","download_text_by_default":"{{name}}","download_downloading_text_2":"{{percentage}}% - {{name}}","search-or-enter-address":{"_":"Şḗḗȧȧřƈħ ǿǿř ḗḗƞŧḗḗř ȧȧḓḓřḗḗşş","placeholder":"Şḗḗȧȧřƈħ ǿǿř ḗḗƞŧḗḗř ȧȧḓḓřḗḗşş"},"noSIMCardInHotspot":"ŞĪīḾ ƈȧȧřḓ īīş ȧȧƀşḗḗƞŧ ǿǿř īīƞşḗḗřŧḗḗḓ īīƞƈǿǿřřḗḗƈŧŀẏ, şǿǿ ŧŭŭřƞ ǿǿƒƒ ħǿǿŧşƥǿǿŧ","noHopspotWhenAPMisOn":"Ŧŭŭřƞ ǿǿƒƒ ȧȧīīřƥŀȧȧƞḗḗ ḿǿǿḓḗḗ ŧǿǿ ŭŭşḗḗ Ẇīī-Ƒīī ħǿǿŧşƥǿǿŧ","apmActivated":"Ȧȧīīřƥŀȧȧƞḗḗ ḿǿǿḓḗḗ ȧȧƈŧīīṽȧȧŧḗḗḓ","open-in-new-tab":"Ǿǿƥḗḗƞ ŀīīƞķ īīƞ ƞḗḗẇ ŧȧȧƀ","add-link-to-home-screen":"Ȧȧḓḓ ŀīīƞķ ŧǿǿ ħǿǿḿḗḗ şƈřḗḗḗḗƞ","share-link":"Şħȧȧřḗḗ ŀīīƞķ","save-image":"Şȧȧṽḗḗ Īīḿȧȧɠḗḗ","save-video":"Şȧȧṽḗḗ Ṽīīḓḗḗǿǿ","save-audio":"Şȧȧṽḗḗ Ȧȧŭŭḓīīǿǿ","weekday-0-long":"Şŭŭƞḓȧȧẏ","weekday-1-long":"Ḿǿǿƞḓȧȧẏ","weekday-2-long":"Ŧŭŭḗḗşḓȧȧẏ","weekday-3-long":"Ẇḗḗḓƞḗḗşḓȧȧẏ","weekday-4-long":"Ŧħŭŭřşḓȧȧẏ","weekday-5-long":"Ƒřīīḓȧȧẏ","weekday-6-long":"Şȧȧŧŭŭřḓȧȧẏ","weekday-0-short":"Şŭŭƞ","weekday-1-short":"Ḿǿǿƞ","weekday-2-short":"Ŧŭŭḗḗ","weekday-3-short":"Ẇḗḗḓ","weekday-4-short":"Ŧħŭŭ","weekday-5-short":"Ƒřīī","weekday-6-short":"Şȧȧŧ","month-0-long":"Ĵȧȧƞŭŭȧȧřẏ","month-1-long":"Ƒḗḗƀřŭŭȧȧřẏ","month-2-long":"Ḿȧȧřƈħ","month-3-long":"Ȧȧƥřīīŀ","month-4-long":"Ḿȧȧẏ","month-5-long":"Ĵŭŭƞḗḗ","month-6-long":"Ĵŭŭŀẏ","month-7-long":"Ȧȧŭŭɠŭŭşŧ","month-8-long":"Şḗḗƥŧḗḗḿƀḗḗř","month-9-long":"Ǿǿƈŧǿǿƀḗḗř","month-10-long":"Ƞǿǿṽḗḗḿƀḗḗř","month-11-long":"Ḓḗḗƈḗḗḿƀḗḗř","month-0-genitive":"Ĵȧȧƞŭŭȧȧřẏ","month-1-genitive":"Ƒḗḗƀřŭŭȧȧřẏ","month-2-genitive":"Ḿȧȧřƈħ","month-3-genitive":"Ȧȧƥřīīŀ","month-4-genitive":"Ḿȧȧẏ","month-5-genitive":"Ĵŭŭƞḗḗ","month-6-genitive":"Ĵŭŭŀẏ","month-7-genitive":"Ȧȧŭŭɠŭŭşŧ","month-8-genitive":"Şḗḗƥŧḗḗḿƀḗḗř","month-9-genitive":"Ǿǿƈŧǿǿƀḗḗř","month-10-genitive":"Ƞǿǿṽḗḗḿƀḗḗř","month-11-genitive":"Ḓḗḗƈḗḗḿƀḗḗř","month-0-short":"Ĵȧȧƞ","month-1-short":"Ƒḗḗƀ","month-2-short":"Ḿȧȧř","month-3-short":"Ȧȧƥř","month-4-short":"Ḿȧȧẏ","month-5-short":"Ĵŭŭƞ","month-6-short":"Ĵŭŭŀ","month-7-short":"Ȧȧŭŭɠ","month-8-short":"Şḗḗƥ","month-9-short":"Ǿǿƈŧ","month-10-short":"Ƞǿǿṽ","month-11-short":"Ḓḗḗƈ","minutes-ago-long":{"_":{"zero":"ĵŭŭşŧ ƞǿǿẇ","one":"ȧȧ ḿīīƞŭŭŧḗḗ ȧȧɠǿǿ","two":"{{value}} ḿīīƞŭŭŧḗḗş ȧȧɠǿǿ","few":"{{value}} ḿīīƞŭŭŧḗḗş ȧȧɠǿǿ","many":"{{value}} ḿīīƞŭŭŧḗḗş ȧȧɠǿǿ","other":"{{value}} ḿīīƞŭŭŧḗḗş ȧȧɠǿǿ"}},"hours-ago-long":{"_":{"zero":"ĵŭŭşŧ ƞǿǿẇ","one":"ȧȧƞ ħǿǿŭŭř ȧȧɠǿǿ","two":"{{value}} ħǿǿŭŭřş ȧȧɠǿǿ","few":"{{value}} ħǿǿŭŭřş ȧȧɠǿǿ","many":"{{value}} ħǿǿŭŭřş ȧȧɠǿǿ","other":"{{value}} ħǿǿŭŭřş ȧȧɠǿǿ"}},"days-ago-long":{"_":{"zero":"ŧǿǿḓȧȧẏ","one":"ẏḗḗşŧḗḗřḓȧȧẏ","two":"{{value}} ḓȧȧẏş ȧȧɠǿǿ","few":"{{value}} ḓȧȧẏş ȧȧɠǿǿ","many":"{{value}} ḓȧȧẏş ȧȧɠǿǿ","other":"{{value}} ḓȧȧẏş ȧȧɠǿǿ"}},"weeks-ago-long":{"_":{"zero":"ŧħīīş ẇḗḗḗḗķ","one":"ŀȧȧşŧ ẇḗḗḗḗķ","two":"{{value}} ẇḗḗḗḗķş ȧȧɠǿǿ","few":"{{value}} ẇḗḗḗḗķş ȧȧɠǿǿ","many":"{{value}} ẇḗḗḗḗķş ȧȧɠǿǿ","other":"{{value}} ẇḗḗḗḗķş ȧȧɠǿǿ"}},"months-ago-long":{"_":{"zero":"ŧħīīş ḿǿǿƞŧħ","one":"ŀȧȧşŧ ḿǿǿƞŧħ","two":"{{value}} ḿǿǿƞŧħş ȧȧɠǿǿ","few":"{{value}} ḿǿǿƞŧħş ȧȧɠǿǿ","many":"{{value}} ḿǿǿƞŧħş ȧȧɠǿǿ","other":"{{value}} ḿǿǿƞŧħş ȧȧɠǿǿ"}},"years-ago-long":{"_":{"zero":"ŧħīīş ẏḗḗȧȧř","one":"ŀȧȧşŧ ẏḗḗȧȧř","two":"{{value}} ẏḗḗȧȧřş ȧȧɠǿǿ","few":"{{value}} ẏḗḗȧȧřş ȧȧɠǿǿ","many":"{{value}} ẏḗḗȧȧřş ȧȧɠǿǿ","other":"{{value}} ẏḗḗȧȧřş ȧȧɠǿǿ"}},"minutes-until-long":{"_":{"zero":"ƞǿǿẇ","one":"īīƞ ȧȧ ḿīīƞŭŭŧḗḗ","two":"īīƞ {{value}} ḿīīƞŭŭŧḗḗş","few":"īīƞ {{value}} ḿīīƞŭŭŧḗḗş","many":"īīƞ {{value}} ḿīīƞŭŭŧḗḗş","other":"īīƞ {{value}} ḿīīƞŭŭŧḗḗş"}},"hours-until-long":{"_":{"zero":"ƞǿǿẇ","one":"īīƞ ȧȧƞ ħǿǿŭŭř","two":"īīƞ {{value}} ħǿǿŭŭřş","few":"īīƞ {{value}} ħǿǿŭŭřş","many":"īīƞ {{value}} ħǿǿŭŭřş","other":"īīƞ {{value}} ħǿǿŭŭřş"}},"days-until-long":{"_":{"zero":"ŧǿǿḓȧȧẏ","one":"ŧǿǿḿǿǿřřǿǿẇ","two":"īīƞ {{value}} ḓȧȧẏş","few":"īīƞ {{value}} ḓȧȧẏş","many":"īīƞ {{value}} ḓȧȧẏş","other":"īīƞ {{value}} ḓȧȧẏş"}},"weeks-until-long":{"_":{"zero":"ŧħīīş ẇḗḗḗḗķ","one":"ƞḗḗẋŧ ẇḗḗḗḗķ","two":"īīƞ {{value}} ẇḗḗḗḗķş","few":"īīƞ {{value}} ẇḗḗḗḗķş","many":"īīƞ {{value}} ẇḗḗḗḗķş","other":"īīƞ {{value}} ẇḗḗḗḗķş"}},"months-until-long":{"_":{"zero":"ŧħīīş ḿǿǿƞŧħ","one":"ƞḗḗẋŧ ḿǿǿƞŧħ","two":"īīƞ {{value}} ḿǿǿƞŧħş","few":"īīƞ {{value}} ḿǿǿƞŧħş","many":"īīƞ {{value}} ḿǿǿƞŧħş","other":"īīƞ {{value}} ḿǿǿƞŧħş"}},"years-until-long":{"_":{"zero":"ŧħīīş ẏḗḗȧȧř","one":"ƞḗḗẋŧ ẏḗḗȧȧř","two":"īīƞ {{value}} ẏḗḗȧȧřş","few":"īīƞ {{value}} ẏḗḗȧȧřş","many":"īīƞ {{value}} ẏḗḗȧȧřş","other":"īīƞ {{value}} ẏḗḗȧȧřş"}},"minutes-ago-short":{"_":{"zero":"ĵŭŭşŧ ƞǿǿẇ","other":"{{value}}ḿ ȧȧɠǿǿ"}},"hours-ago-short":{"_":{"zero":"ĵŭŭşŧ ƞǿǿẇ","other":"{{value}}ħ ȧȧɠǿǿ"}},"days-ago-short":{"_":{"zero":"ŧǿǿḓȧȧẏ","other":"{{value}}ḓ ȧȧɠǿǿ"}},"minutes-until-short":{"_":{"zero":"ƞǿǿẇ","other":"īīƞ {{value}}ḿ"}},"hours-until-short":{"_":{"zero":"ƞǿǿẇ","other":"īīƞ {{value}}ħ"}},"days-until-short":{"_":{"zero":"ŧǿǿḓȧȧẏ","other":"īīƞ {{value}}ḓ"}},"incorrectDate":"(īīƞƈǿǿřřḗḗƈŧ ḓȧȧŧḗḗ)","dateTimeFormat_%c":"%a %b %e %Y %I:%M:%S %p","dateTimeFormat_%x":"%m/%d/%Y","dateTimeFormat_%X":"%I:%M:%S %p","shortTimeFormat":"%I:%M %p","shortDateTimeFormat":"%x %I:%M %p","weekStartsOnMonday":"0","time_am":"ȦȧḾ","time_pm":"ƤḾ","title-app":"Ȧȧƥƥ Ƥḗḗřḿīīşşīīǿǿƞ","title-web":"Ẇḗḗƀşīīŧḗḗ Ƥḗḗřḿīīşşīīǿǿƞ","title-cam":"Şḗḗŀḗḗƈŧ Ƈȧȧḿḗḗřȧȧ","perm-contacts":"Ƈǿǿƞŧȧȧƈŧş","perm-contacts-appRequest":"{{app}} ẇǿǿŭŭŀḓ ŀīīķḗḗ ŧǿǿ ȧȧƈƈḗḗşş ẏǿǿŭŭř ƈǿǿƞŧȧȧƈŧ ŀīīşŧ.","perm-contacts-webRequest":"{{site}} ẇǿǿŭŭŀḓ ŀīīķḗḗ ŧǿǿ ȧȧƈƈḗḗşş ẏǿǿŭŭř ƈǿǿƞŧȧȧƈŧ ŀīīşŧ.","perm-desktop-notification":"Ƞǿǿŧīīƒīīƈȧȧŧīīǿǿƞş","perm-desktop-notification-appRequest":"{{app}} ẇǿǿŭŭŀḓ ŀīīķḗḗ ŧǿǿ ḓīīşƥŀȧȧẏ ƞǿǿŧīīƒīīƈȧȧŧīīǿǿƞş.","perm-desktop-notification-webRequest":"{{site}} ẇǿǿŭŭŀḓ ŀīīķḗḗ ŧǿǿ ḓīīşƥŀȧȧẏ ƞǿǿŧīīƒīīƈȧȧŧīīǿǿƞş.","perm-device-storage-music":"Ḿŭŭşīīƈ Şŧǿǿřȧȧɠḗḗ","perm-device-storage-music-appRequest":"{{app}} ẇǿǿŭŭŀḓ ŀīīķḗḗ ŧǿǿ ȧȧƈƈḗḗşş ẏǿǿŭŭř ḿŭŭşīīƈ.","perm-device-storage-music-webRequest":"{{site}} ẇǿǿŭŭŀḓ ŀīīķḗḗ ŧǿǿ ȧȧƈƈḗḗşş ẏǿǿŭŭř ḿŭŭşīīƈ.","perm-device-storage-pictures":"Īīḿȧȧɠḗḗ Şŧǿǿřȧȧɠḗḗ","perm-device-storage-pictures-appRequest":"{{app}} ẇǿǿŭŭŀḓ ŀīīķḗḗ ŧǿǿ ȧȧƈƈḗḗşş ẏǿǿŭŭř īīḿȧȧɠḗḗş.","perm-device-storage-pictures-webRequest":"{{site}} ẇǿǿŭŭŀḓ ŀīīķḗḗ ŧǿǿ ȧȧƈƈḗḗşş ẏǿǿŭŭř īīḿȧȧɠḗḗş.","perm-device-storage-sdcard":"Ḿḗḗḿǿǿřẏ Ƈȧȧřḓ Şŧǿǿřȧȧɠḗḗ","perm-device-storage-sdcard-appRequest":"{{app}} ẇǿǿŭŭŀḓ ŀīīķḗḗ ŧǿǿ ȧȧƈƈḗḗşş ẏǿǿŭŭř ḿḗḗḿǿǿřẏ ƈȧȧřḓ.","perm-device-storage-sdcard-webRequest":"{{site}} ẇǿǿŭŭŀḓ ŀīīķḗḗ ŧǿǿ ȧȧƈƈḗḗşş ẏǿǿŭŭř ḿḗḗḿǿǿřẏ ƈȧȧřḓ.","perm-device-storage-videos":"Ṽīīḓḗḗǿǿ Şŧǿǿřȧȧɠḗḗ","perm-device-storage-videos-appRequest":"{{app}} ẇǿǿŭŭŀḓ ŀīīķḗḗ ŧǿǿ ȧȧƈƈḗḗşş ẏǿǿŭŭř ṽīīḓḗḗǿǿş.","perm-device-storage-videos-webRequest":"{{site}} ẇǿǿŭŭŀḓ ŀīīķḗḗ ŧǿǿ ȧȧƈƈḗḗşş ẏǿǿŭŭř ṽīīḓḗḗǿǿş.","perm-fmradio":"ƑḾ Řȧȧḓīīǿǿ","perm-fmradio-appRequest":"{{app}} ẇǿǿŭŭŀḓ ŀīīķḗḗ ŧǿǿ ŭŭşḗḗ ŧħḗḗ ƑḾ Řȧȧḓīīǿǿ.","perm-fmradio-webRequest":"{{site}} ẇǿǿŭŭŀḓ ŀīīķḗḗ ŧǿǿ ŭŭşḗḗ ŧħḗḗ ƑḾ Řȧȧḓīīǿǿ.","perm-geolocation":"Ɠḗḗǿǿŀǿǿƈȧȧŧīīǿǿƞ","perm-geolocation-appRequest":"{{app}} ẇǿǿŭŭŀḓ ŀīīķḗḗ ŧǿǿ ķƞǿǿẇ ẏǿǿŭŭř ŀǿǿƈȧȧŧīīǿǿƞ.","perm-geolocation-webRequest":"{{site}} ẇǿǿŭŭŀḓ ŀīīķḗḗ ŧǿǿ ķƞǿǿẇ ẏǿǿŭŭř ŀǿǿƈȧȧŧīīǿǿƞ.","perm-geolocation-more-info":"{{brandShortName}} ŭŭşḗḗş ḓȧȧŧȧȧ şŭŭƈħ ȧȧş ƓƤŞ, Ẇīī-Ƒīī, ȧȧƞḓ ḿǿǿƀīīŀḗḗ ƞḗḗŧẇǿǿřķş ƞḗḗȧȧř ẏǿǿŭŭ ŧǿǿ ħḗḗŀƥ ḓḗḗŧḗḗřḿīīƞḗḗ ẏǿǿŭŭř ȧȧƥƥřǿǿẋīīḿȧȧŧḗḗ ŀǿǿƈȧȧŧīīǿǿƞ. Ḓȧȧŧȧȧ īīş şḗḗƞŧ ŧǿǿ Ḿǿǿẑīīŀŀȧȧ ȧȧƞḓ ǿǿŧħḗḗř şḗḗřṽīīƈḗḗ ƥřǿǿṽīīḓḗḗřş ȧȧƞḓ ẇīīŀŀ ƀḗḗ ŭŭşḗḗḓ īīƞ ŧħḗḗ ȧȧɠɠřḗḗɠȧȧŧḗḗ ŧǿǿ īīḿƥřǿǿṽḗḗ ŧħǿǿşḗḗ ŀǿǿƈȧȧŧīīǿǿƞ ḓȧȧŧȧȧƀȧȧşḗḗş.  Ḓȧȧŧȧȧ ḿȧȧẏ ƀḗḗ şŧǿǿřḗḗḓ ǿǿƞ ẏǿǿŭŭř ḓḗḗṽīīƈḗḗ ȧȧƞḓ ḓȧȧŧȧȧ ƈǿǿŀŀḗḗƈŧīīǿǿƞ ḿȧȧẏ ǿǿƈƈŭŭř ḗḗṽḗḗƞ ẇħḗḗƞ ƞǿǿ ȧȧƥƥş ȧȧřḗḗ řŭŭƞƞīīƞɠ.","perm-video-capture":"Ƈȧȧḿḗḗřȧȧ","perm-video-capture-appRequest":"Ẇǿǿŭŭŀḓ ẏǿǿŭŭ ŀīīķḗḗ ŧǿǿ şħȧȧřḗḗ ẏǿǿŭŭř ƈȧȧḿḗḗřȧȧ ẇīīŧħ {{app}}?","perm-video-capture-webRequest":"Ẇǿǿŭŭŀḓ ẏǿǿŭŭ ŀīīķḗḗ ŧǿǿ şħȧȧřḗḗ ẏǿǿŭŭř ƈȧȧḿḗḗřȧȧ ẇīīŧħ {{site}}?","perm-audio-capture":"Ḿīīƈřǿǿƥħǿǿƞḗḗ","perm-audio-capture-appRequest":"Ẇǿǿŭŭŀḓ ẏǿǿŭŭ ŀīīķḗḗ ŧǿǿ şħȧȧřḗḗ ẏǿǿŭŭř ḿīīƈřǿǿƥħǿǿƞḗḗ ẇīīŧħ {{app}}?","perm-audio-capture-webRequest":"Ẇǿǿŭŭŀḓ ẏǿǿŭŭ ŀīīķḗḗ ŧǿǿ şħȧȧřḗḗ ẏǿǿŭŭř ḿīīƈřǿǿƥħǿǿƞḗḗ ẇīīŧħ {{site}}?","perm-media-capture":"Ƈȧȧḿḗḗřȧȧ ȧȧƞḓ Ḿīīƈřǿǿƥħǿǿƞḗḗ","perm-media-capture-appRequest":"Ẇǿǿŭŭŀḓ ẏǿǿŭŭ ŀīīķḗḗ ŧǿǿ şħȧȧřḗḗ ẏǿǿŭŭř ƈȧȧḿḗḗřȧȧ ȧȧƞḓ ḿīīƈřǿǿƥħǿǿƞḗḗ ẇīīŧħ {{app}}?","perm-media-capture-webRequest":"Ẇǿǿŭŭŀḓ ẏǿǿŭŭ ŀīīķḗḗ ŧǿǿ şħȧȧřḗḗ ẏǿǿŭŭř ƈȧȧḿḗḗřȧȧ ȧȧƞḓ ḿīīƈřǿǿƥħǿǿƞḗḗ ẇīīŧħ {{site}}?","perm-camera-selector-appRequest":"Şḗḗŀḗḗƈŧ ȧȧ ƈȧȧḿḗḗřȧȧ ƒǿǿř {{app}}.","perm-camera-selector-webRequest":"Şḗḗŀḗḗƈŧ ȧȧ ƈȧȧḿḗḗřȧȧ ƒǿǿř {{site}}.","perm-mobileid":"Ḿǿǿƀīīŀḗḗ Īīḓḗḗƞŧīīŧẏ","stopped_download_title":"Ḓǿǿẇƞŀǿǿȧȧḓ şŧǿǿƥƥḗḗḓ","stopped_download_message":"Ḓǿǿẇƞŀǿǿȧȧḓ ẇȧȧş şŧǿǿƥƥḗḗḓ. Ŧřẏ ḓǿǿẇƞŀǿǿȧȧḓīīƞɠ ȧȧɠȧȧīīƞ?","stopped_download_left_button":"Ƈȧȧƞƈḗḗŀ","stopped_download_right_button":"Ŧřẏ ȧȧɠȧȧīīƞ","failed_download_title":"Ḓǿǿẇƞŀǿǿȧȧḓ ƒȧȧīīŀḗḗḓ","failed_download_message":"{{name}} ƒȧȧīīŀḗḗḓ ŧǿǿ ḓǿǿẇƞŀǿǿȧȧḓ. Ŧřẏ ḓǿǿẇƞŀǿǿȧȧḓīīƞɠ ȧȧɠȧȧīīƞ?","failed_download_left_button":"Ƈȧȧƞƈḗḗŀ","failed_download_right_button":"Ŧřẏ ȧȧɠȧȧīīƞ","stop_download_title":"Şŧǿǿƥ ḓǿǿẇƞŀǿǿȧȧḓ","stop_download_message":"Ȧȧřḗḗ ẏǿǿŭŭ şŭŭřḗḗ ẏǿǿŭŭ ẇȧȧƞŧ ŧǿǿ şŧǿǿƥ ŧħḗḗ ḓǿǿẇƞŀǿǿȧȧḓ?","stop_download_left_button":"Ƞǿǿ","stop_download_right_button":"Ẏḗḗş","delete_download_title":"Ḓḗḗŀḗḗŧḗḗ","delete_download_message":"Ḓḗḗŀḗḗŧḗḗ {{name}}?","delete_download_left_button":"Ƈȧȧƞƈḗḗŀ","delete_download_right_button":"Ḓḗḗŀḗḗŧḗḗ","delete_all_download_title":"Ḓḗḗŀḗḗŧḗḗ","delete_all_download_left_button":"Ƈȧȧƞƈḗḗŀ","delete_all_download_right_button":"Ḓḗḗŀḗḗŧḗḗ","delete_all_download_message":{"_":{"zero":"Ḓḗḗŀḗḗŧḗḗ ƞǿǿ ƒīīŀḗḗş?","one":"Ḓḗḗŀḗḗŧḗḗ ǿǿƞḗḗ ƒīīŀḗḗ?","two":"Ḓḗḗŀḗḗŧḗḗ {{number}} ƒīīŀḗḗş?","few":"Ḓḗḗŀḗḗŧḗḗ {{number}} ƒīīŀḗḗş?","many":"Ḓḗḗŀḗḗŧḗḗ {{number}} ƒīīŀḗḗş?","other":"Ḓḗḗŀḗḗŧḗḗ {{number}} ƒīīŀḗḗş?"}},"unsupported_file_type_download_title":"Ŭŭƞȧȧƀŀḗḗ ŧǿǿ ǿǿƥḗḗƞ","unsupported_file_type_download_message":"Ŧħḗḗřḗḗ īīşƞ’ŧ ȧȧƞ ȧȧƥƥ ŧħȧȧŧ ƈȧȧƞ ǿǿƥḗḗƞ {{name}}. Ẇǿǿŭŭŀḓ ẏǿǿŭŭ ŀīīķḗḗ ŧǿǿ şȧȧṽḗḗ ŧħḗḗ ƒīīŀḗḗ ǿǿř ḓḗḗŀḗḗŧḗḗ īīŧ?","unsupported_file_type_download_left_button":"Ķḗḗḗḗƥ Ƒīīŀḗḗ","unsupported_file_type_download_right_button":"Ḓḗḗŀḗḗŧḗḗ","file_not_found_download_title":"Ƒīīŀḗḗ ƞǿǿŧ ƒǿǿŭŭƞḓ","file_not_found_download_message":"Ŧħḗḗ ƒīīŀḗḗ ẇȧȧşƞ’ŧ ƒǿǿŭŭƞḓ ǿǿƞ ŧħḗḗ ḓḗḗṽīīƈḗḗ","file_not_found_download_right_button":"ǾǿĶ","unmounted_sdcard_2_download_title":"Ḿḗḗḿǿǿřẏ ƈȧȧřḓ īīƞ ŭŭşḗḗ","unmounted_sdcard_2_download_message":"Ŭŭƞƥŀŭŭɠ ŧħḗḗ ƥħǿǿƞḗḗ","unmounted_sdcard_2_download_right_button":"ǾǿĶ","no_provider_download_title":"Ŭŭƞȧȧƀŀḗḗ ŧǿǿ şħȧȧřḗḗ","no_provider_download_message":"Ƞǿǿ ƥřǿǿṽīīḓḗḗř ƒǿǿŭŭƞḓ","no_provider_download_right_button":"ǾǿĶ","no_memory_download_title":"ŞḒ Ƈȧȧřḓ īīş ƒŭŭŀŀ","no_memory_download_message":"Ŧħḗḗřḗḗ īīş ƞǿǿ ḿǿǿřḗḗ řǿǿǿǿḿ ǿǿƞ ẏǿǿŭŭř ŞḒ ƈȧȧřḓ ŧǿǿ şȧȧṽḗḗ ẏǿǿŭŭř ḓǿǿẇƞŀǿǿȧȧḓ. Ƥŀḗḗȧȧşḗḗ řḗḗḿǿǿṽḗḗ şǿǿḿḗḗ ƒīīŀḗḗş ƀḗḗƒǿǿřḗḗ řḗḗşŧȧȧřŧīīƞɠ ŧħḗḗ ḓǿǿẇƞŀǿǿȧȧḓ.","no_memory_download_right_button":"ǾǿĶ","no_sdcard_found_2_download_title":"Ƞǿǿ ḿḗḗḿǿǿřẏ ƈȧȧřḓ ƒǿǿŭŭƞḓ","no_sdcard_found_2_download_message":"Īīƞşḗḗřŧ ȧȧ ḿḗḗḿǿǿřẏ ƈȧȧřḓ ǿǿř şḗḗŀḗḗƈŧ ȧȧƞ ȧȧŀŧḗḗřƞȧȧŧḗḗ ḓḗḗƒȧȧŭŭŀŧ ḿḗḗḓīīȧȧ ŀǿǿƈȧȧŧīīǿǿƞ īīƞ şḗḗŧŧīīƞɠş","no_sdcard_found_2_download_right_button":"ǾǿĶ","file_open_error_download_title":"Ŭŭƞȧȧƀŀḗḗ ŧǿǿ ǿǿƥḗḗƞ","file_open_error_download_message":"Ŧħḗḗřḗḗ īīş ȧȧ ƥřǿǿƀŀḗḗḿ ǿǿƥḗḗƞīīƞɠ {{name}}. Ẇǿǿŭŭŀḓ ẏǿǿŭŭ ŀīīķḗḗ ŧǿǿ şȧȧṽḗḗ ŧħḗḗ ƒīīŀḗḗ ǿǿř ḓḗḗŀḗḗŧḗḗ īīŧ?","file_open_error_download_left_button":"Ķḗḗḗḗƥ Ƒīīŀḗḗ","file_open_error_download_right_button":"Ḓḗḗŀḗḗŧḗḗ","restart_download_error":"Ŧħḗḗřḗḗ ẇȧȧş ȧȧƞ ḗḗřřǿǿř ẇħīīŀḗḗ řḗḗşŧȧȧřŧīīƞɠ ŧħḗḗ ḓǿǿẇƞŀǿǿȧȧḓ. Ƥŀḗḗȧȧşḗḗ ŧřẏ ŧǿǿ ḓǿǿẇƞŀǿǿȧȧḓ ȧȧɠȧȧīīƞ.","no-downloads":"Ƞǿǿ ḓǿǿẇƞŀǿǿȧȧḓş","percentage":"{{percentage}} %","partialResult":"{{partial}} ǿǿƒ {{total}}","summary":"{{date}} - {{status}}","download-stopped":"Şŧǿǿƥƥḗḗḓ","download-failed":"Ḓǿǿẇƞŀǿǿȧȧḓ ƒȧȧīīŀḗḗḓ","open_downloaded_file":"Ǿǿƥḗḗƞ","share_downloaded_file":"Şħȧȧřḗḗ","wallpaper_downloaded_file":"Şḗḗŧ ȧȧş ẇȧȧŀŀƥȧȧƥḗḗř","ringtone_downloaded_file":"Şḗḗŧ ȧȧş řīīƞɠŧǿǿƞḗḗ","cancel_downloaded_file":"Ƈȧȧƞƈḗḗŀ","voicemailNoNumberTitle":"Ṽǿǿīīƈḗḗḿȧȧīīŀ ƞŭŭḿƀḗḗř īīş ŭŭƞȧȧṽȧȧīīŀȧȧƀŀḗḗ","voicemailNoNumberText":"Ŭŭƞȧȧƀŀḗḗ ŧǿǿ ƈȧȧŀŀ ŧħḗḗ ṽǿǿīīƈḗḗḿȧȧīīŀ. Şḗḗŧ ŭŭƥ ŧħḗḗ ṽǿǿīīƈḗḗḿȧȧīīŀ ƞŭŭḿƀḗḗř ŧǿǿ ƥŀȧȧƈḗḗ ŧħḗḗ ƈȧȧŀŀ.","voicemailNoNumberSettings":"Şḗḗŧŧīīƞɠş","voicemailNoNumberCancel":"Ƈȧȧƞƈḗḗŀ"}