{"firefox-accounts-title":"‮ɟıɹǝɟox‬ ‮∀ɔɔonuʇs‬","fxa-next":"‮Nǝxʇ‬","fxa-back":"‮Ԑɐɔʞ‬","fxa-done":"‮pouǝ‬","fxa-ok":"‮OӼ‬","fxa-connection-error-title":"‮∩uɐqʅǝ‬ ‮ʇo‬ ‮Ↄouuǝɔʇ‬","fxa-connection-error-message":"‮ʎon‬ ‮ɔɐu‬ ‮ɔɹǝɐʇǝ‬ ‮ɐu‬ ‮ɐɔɔonuʇ‬ ‮oɹ‬ ‮sıƃu‬ ‮ıu‬ ‮ɟɹoɯ‬ ‮Sǝʇʇıuƃs‬.","fxa-reset-password-error-title":"‮ᴚǝsǝʇ‬ ‮Ԁɐssʍoɹp‬","fxa-reset-password-error-message":"‮ʎon‬ ‮ɔɐu‬ ‮ɹǝsǝʇ‬ ‮ʎonɹ‬ ‮dɐssʍoɹp‬ ‮ɟɹoɯ‬ ‮Sǝʇʇıuƃs‬.","fxa-coppa-failure-error-title":"‮Ↄɐuuoʇ‬ ‮Ↄɹǝɐʇǝ‬ ‮∀ɔɔonuʇ‬","fxa-coppa-failure-error-message":"‮ʎon‬ ‮ɯnsʇ‬ ‮ɯǝǝʇ‬ ‮ɔǝɹʇɐıu‬ ‮ɐƃǝ‬ ‮ɹǝbnıɹǝɯǝuʇs‬ ‮ʇo‬ ‮ɔɹǝɐʇǝ‬ ‮ɐ‬ ‮ɟıɹǝɟox‬ ‮∀ɔɔonuʇ‬. {{learnmore}}","fxa-learn-more":"‮˥ǝɐɹu‬ ‮ɯoɹǝ‬","fxa-offline-error-title":"‮∩uɐqʅǝ‬ ‮ʇo‬ ‮Ↄouuǝɔʇ‬","fxa-offline-error-message":"‮Ԁʅǝɐsǝ‬ ‮ɔouuǝɔʇ‬ ‮ʇo‬ ‮ɐ‬ ‮uǝʇʍoɹʞ‬ ‮ɟɹoɯ‬ ‮Sǝʇʇıuƃs‬.","fxa-invalid-email-title":"‮Ǝɹɹoɹ‬","fxa-invalid-email-message":"‮Ԁʅǝɐsǝ‬ ‮ǝuʇǝɹ‬ ‮ɐ‬ ‮ʌɐʅıp‬ ‮ǝɯɐıʅ‬.","fxa-invalid-password-title":"‮Iuʌɐʅıp‬ ‮Ԁɐssʍoɹp‬","fxa-invalid-password-message":"‮Ԁʅǝɐsǝ‬ ‮ɔɥǝɔʞ‬ ‮ʎonɹ‬ ‮dɐssʍoɹp‬ ‮ɐup‬ ‮ʇɹʎ‬ ‮ɐƃɐıu‬.","fxa-unknown-error-title":"‮∩uɐqʅǝ‬ ‮ʇo‬ ‮Ↄouuǝɔʇ‬","fxa-unknown-error-message":"‮Sʎsʇǝɯ‬ ‮nuɐʌɐıʅɐqʅǝ‬, ‮ʇɹʎ‬ ‮ɐƃɐıu‬ ‮soou‬.","fxa-connecting":"‮Ↄouuǝɔʇıuƃ‬","fxa-enter-email-input":{"placeholder":"‮Ǝuʇǝɹ‬ ‮ʎonɹ‬ ‮ǝɯɐıʅ‬"},"fxa-use-email-to-sign-in":"‮∩sǝ‬ ‮ʎonɹ‬ ‮ǝɯɐıʅ‬ ‮ɐppɹǝss‬ ‮ʇo‬ ‮ɔɹǝɐʇǝ‬ ‮ɐu‬ ‮ɐɔɔonuʇ‬ ‮oɹ‬ ‮sıƃu‬ ‮ıu‬.","fxa-notice":"‮Ԑʎ‬ ‮dɹoɔǝǝpıuƃ‬, ‮I‬ ‮ɐƃɹǝǝ‬ ‮ʇo‬ ‮ʇɥǝ‬ {{tos}} ‮ɐup‬ {{pn}} ‮oɟ‬ ‮ɟıɹǝɟox‬ ‮ɔʅonp‬ ‮sǝɹʌıɔǝs‬.","fxa-tos":"‮⊥ǝɹɯs‬ ‮oɟ‬ ‮Sǝɹʌıɔǝ‬","fxa-pn":"‮Ԁɹıʌɐɔʎ‬ ‮Noʇıɔǝ‬","fxa-create-password-title":"‮Ↄɹǝɐʇǝ‬ ‮ɐ‬ ‮Ԁɐssʍoɹp‬","fxa-enter-password-title":"‮Ǝuʇǝɹ‬ ‮ʎonɹ‬ ‮Ԁɐssʍoɹp‬","fxa-hello-user":"‮Hǝʅʅo‬, {{email}}","fxa-password-refresh":"‮Ԁʅǝɐsǝ‬ ‮ǝuʇǝɹ‬ ‮ʎonɹ‬ ‮ɟıɹǝɟox‬ ‮∀ɔɔonuʇ‬ ‮dɐssʍoɹp‬ ‮ʇo‬ ‮ɔouʇıunǝ‬.","fxa-password":{"placeholder":"‮Ԁɐssʍoɹp‬"},"fxa-forgot-your-password":"‮ɟoɹƃoʇ‬ ‮ʎonɹ‬ ‮dɐssʍoɹp‬?","fxa-show-password":"‮Sɥoʍ‬ ‮dɐssʍoɹp‬","fxa-password-length-requirement":"‮ʎonɹ‬ ‮dɐssʍoɹp‬ ‮ɯnsʇ‬ ‮qǝ‬ ‮ɐʇ‬ ‮ʅǝɐsʇ‬ 8 ‮ɔɥɐɹɐɔʇǝɹs‬ ‮ʅouƃ‬.","fxa-success":"‮Snɔɔǝss‬!","fxa-ready-to-go":"‮ʎonɹ‬ ‮ɟıɹǝɟox‬ ‮∀ɔɔonuʇ‬ ‮ıs‬ ‮ɹǝɐpʎ‬ ‮ʇo‬ ‮ƃo‬! ","fxa-use-features":"‮Noʍ‬ ‮ʎon‬ ‮ɔɐu‬ ‮nsǝ‬ ‮ɟǝɐʇnɹǝs‬ ‮ʅıʞǝ‬ ‮ɟıup‬ ‮Wʎ‬ ‮pǝʌıɔǝ‬ ‮ɐup‬ ‮ɐdds‬ ‮ʅıʞǝ‬ ‮ʇɥǝ‬ ‮ɟıɹǝɟox‬ ‮Wɐɹʞǝʇdʅɐɔǝ‬.","fxa-access-manage-account-settings":"‮Iu‬ ‮ʇɥǝ‬ ‮ɟnʇnɹǝ‬, ‮ʎon‬ ‮ɔɐu‬ ‮ɐɔɔǝss‬ ‮ɐup‬ ‮ɯɐuɐƃǝ‬ ‮ʎonɹ‬ ‮ɐɔɔonuʇ‬ ‮ɟɹoɯ‬ ‮Sǝʇʇıuƃs‬.","fxa-confirm-account":"‮Ↄouɟıɹɯ‬ ‮ʎonɹ‬ ‮∀ɔɔonuʇ‬","fxa-will-send-email":"‮Ｍǝ‬ ‮ʍıʅʅ‬ ‮sǝup‬ ‮ɐu‬ ‮ǝɯɐıʅ‬ ‮ʇo‬: {{email}}","fxa-signup-click-verification-link-in-email":"‮Nǝxʇ‬ ‮ʇıɯǝ‬ ‮ʎon‬ ‮ɔɥǝɔʞ‬ ‮ʎonɹ‬ ‮ǝɯɐıʅ‬, ‮ɔʅıɔʞ‬ ‮ʇɥǝ‬ ‮ʌǝɹıɟıɔɐʇıou‬ ‮ʅıuʞ‬ ‮ʇo‬ ‮ɔouɟıɹɯ‬ ‮ʎonɹ‬ ‮ɟıɹǝɟox‬ ‮∀ɔɔonuʇ‬.","fxa-age-verification":"‮∀ƃǝ‬ ‮Ʌǝɹıɟıɔɐʇıou‬","fxa-age-1990-earlier":"1990 ‮oɹ‬ ‮ǝɐɹʅıǝɹ‬","fxa-year-of-birth":"‮ʎǝɐɹ‬ ‮oɟ‬ ‮Ԑıɹʇɥ‬","share":"‮Sɥɐɹǝ‬","resend":"‮ᴚǝsǝup‬","connecting":"‮Ↄouuǝɔʇıuƃ‬","verify":"‮Ʌǝɹıɟʎ‬","verifying":"‮Ʌǝɹıɟʎıuƃ‬","verified":"‮Ʌǝɹıɟıǝp‬","mobileIDExplanation":"{{app_name}} ‮ʍonʅp‬ ‮ʅıʞǝ‬ ‮ʇo‬ ‮ʞuoʍ‬ ‮ɐup‬ ‮ʌǝɹıɟʎ‬ ‮ʎonɹ‬ ‮dɥouǝ‬ ‮unɯqǝɹ‬. ‮Ԁʅǝɐsǝ‬ ‮ɔɥoosǝ‬ ‮ʍɥıɔɥ‬ ‮ouǝ‬ ‮ʎon‬ ‮ʍɐuʇ‬ ‮ʇo‬ ‮sɥɐɹǝ‬ ‮oɹ‬ ‮ǝuʇǝɹ‬ ‮ɐ‬ ‮uǝʍ‬ ‮ouǝ‬.","verificationCodeExplanation":"‮Ｍǝ‬’‮ʌǝ‬ ‮sǝuʇ‬ ‮ɐ‬ ‮ɔopǝ‬ ‮ʇo‬ {{phone_number}}. ‮Ｍǝ‬’‮ʅʅ‬ ‮ʇɹʎ‬ ‮ʇo‬ ‮dıɔʞ‬ ‮ıʇ‬ ‮nd‬ ‮ɐnʇoɯɐʇıɔɐʅʅʎ‬, ‮qnʇ‬ ‮ʎon‬’‮ʅʅ‬ ‮ɥɐʌǝ‬ ‮ʇo‬ ‮ǝuʇǝɹ‬ ‮ıʇ‬ ‮ɯɐunɐʅʅʎ‬ ‮ıɟ‬ ‮ıʇ‬’‮s‬ ‮uoʇ‬ ‮ıu‬ ‮nsǝ‬ ‮ıu‬ ‮ʇɥıs‬ ‮pǝʌıɔǝ‬.","successMessage":"‮∀ʍǝsoɯǝ‬! ‮ʎonɹ‬ ‮unɯqǝɹ‬ {{phone_number}} ‮ıs‬ ‮uoʍ‬ ‮ʌǝɹıɟıǝp‬ ‮ɐup‬ ‮ɐʌɐıʅɐqʅǝ‬ ‮ʇo‬ {{app_name}}.","serverErrorMessage":"‮⊥ɥǝ‬ ‮ʌǝɹıɟıɔɐʇıou‬ ‮sǝɹʌǝɹ‬ ‮ıs‬ ‮nuɐʌɐıʅɐqʅǝ‬ ‮ɐʇ‬ ‮ʇɥıs‬ ‮ʇıɯǝ‬. ‮Ԁʅǝɐsǝ‬ ‮ɔɥǝɔʞ‬ ‮ʎonɹ‬ ‮Iuʇǝɹuǝʇ‬ ‮ɔouuǝɔʇıou‬, ‮ʇɹʎ‬ ‮ɐƃɐıu‬ ‮oɹ‬ ‮ʍɐıʇ‬ ‮ɐ‬ ‮ɟǝʍ‬ ‮ɯıunʇǝs‬.","timeoutErrorMessage":"‮⊥ɥǝɹǝ‬ ‮sǝǝɯs‬ ‮ʇo‬ ‮qǝ‬ ‮ɐ‬ ‮dɹoqʅǝɯ‬ ‮ʍıʇɥ‬ ‮ʎonɹ‬ ‮ʌǝɹıɟıɔɐʇıou‬ ‮ɔopǝ‬. ‮˥ǝʇ‬'‮s‬ ‮ʇɹʎ‬ ‮ouɔǝ‬ ‮ɐƃɐıu‬!","errorTitle":"‮Woqıʅǝ‬ ‮ıpǝuʇıʇʎ‬","ok":"‮OӼ‬","addPhoneNumber":"‮Oɹ‬ ‮ɐpp‬ ‮ʎonɹ‬ ‮dɥouǝ‬ ‮unɯqǝɹ‬","selectPhoneNumber":"‮Oɹ‬ ‮sǝʅǝɔʇ‬ ‮ɐ‬ ‮dɥouǝ‬ ‮unɯqǝɹ‬ ‮ɟɹoɯ‬ ‮ʇɥǝ‬ ‮ʅısʇ‬","brandShortName":"‮Ԑ‬2‮פ‬ ‮OS‬","browserBrandShortName":"‮Ｍǝq‬ ‮Ԑɹoʍsǝɹ‬","browserBrandFullName":"‮Wozıʅʅɐ‬ ‮Ｍǝq‬ ‮Ԑɹoʍsǝɹ‬","back":"‮Ԑɐɔʞ‬","help":"‮Hǝʅd‬","cancel":"‮Ↄɐuɔǝʅ‬","close":"‮Ↄʅosǝ‬","skip":"‮Sʞıd‬","undo":{"ariaLabel":"‮∩upo‬"},"airplaneMode":"‮∀ıɹdʅɐuǝ‬ ‮ɯopǝ‬","searching":"‮Sǝɐɹɔɥıuƃ‬…","noNetwork":"‮No‬ ‮uǝʇʍoɹʞ‬","roaming":"{{operator}} (‮ᴚoɐɯıuƃ‬)","operator-info":"{{carrier}} {{region}}","emergencyCallsOnly":"‮Ǝɯǝɹƃǝuɔʎ‬ ‮ɔɐʅʅs‬ ‮ouʅʎ‬","emergencyCallsOnly-unknownSIMState":"(‮nuʞuoʍu‬ ‮SIW‬ ‮sʇɐʇǝ‬)","emergencyCallsOnly-noSIM":"(‮uo‬ ‮SIW‬)","emergencyCallsOnly-pinRequired":"(‮SIW‬ ‮ԀIN‬ ‮ɹǝbnıɹǝp‬)","emergencyCallsOnly-pukRequired":"(‮SIW‬ ‮Ԁ∩Ӽ‬ ‮ɹǝbnıɹǝp‬)","emergencyCallsOnly-networkLocked":"(‮uǝʇʍoɹʞ‬ ‮ʅoɔʞǝp‬)","emergencyCallsOnly-serviceProviderLocked":"(‮sǝɹʌıɔǝ‬ ‮dɹoʌıpǝɹ‬ ‮ʅoɔʞǝp‬)","emergencyCallsOnly-corporateLocked":"(‮ɔoɹdoɹɐʇǝ‬ ‮ʅoɔʞǝp‬)","emergencyCallsOnly-network1Locked":"(‮uǝʇʍoɹʞ‬1 ‮ʅoɔʞǝp‬)","emergencyCallsOnly-network2Locked":"(‮uǝʇʍoɹʞ‬2 ‮ʅoɔʞǝp‬)","emergencyCallsOnly-hrpdNetworkLocked":"(‮ɥɹdp‬ ‮uǝʇʍoɹʞ‬ ‮ʅoɔʞǝp‬)","emergencyCallsOnly-ruimCorporateLocked":"(‮ɹnıɯ‬ ‮ɔoɹdoɹɐʇǝ‬ ‮ʅoɔʞǝp‬)","emergencyCallsOnly-ruimServiceProviderLocked":"(‮ɹnıɯ‬ ‮sǝɹʌıɔǝ‬ ‮dɹoʌıpǝɹ‬ ‮ʅoɔʞǝp‬)","enterPIN":"‮Ǝuʇǝɹ‬ ‮ԀIN‬","mediaPlaybackTitle":{"ariaLabel":"‮⊥ıʇʅǝ‬"},"mediaPlaybackArtist":{"ariaLabel":"‮∀ɹʇısʇ‬"},"mediaPlaybackControls":{"ariaLabel":"‮Ԁʅɐʎqɐɔʞ‬ ‮ɔouʇɹoʅs‬"},"mediaPlaybackPrevious":{"ariaLabel":"‮Ԁɹǝʌıons‬"},"mediaPlaybackPlay":"‮Ԁʅɐʎ‬","mediaPlaybackPause":"‮Ԁɐnsǝ‬","mediaPlaybackNext":{"ariaLabel":"‮Nǝxʇ‬"},"wifiButton-on":"‮Ｍı‬-‮ɟı‬ ‮ou‬","wifiButton-on-initializing":"‮Ｍı‬-‮ɟı‬ ‮ou‬, ‮ıuıʇıɐʅızıuƃ‬","wifiButton-off":"‮Ｍı‬-‮ɟı‬ ‮oɟɟ‬","dataButton-on":"‮pɐʇɐ‬ {{type}} ‮ou‬","dataButton-off":"‮pɐʇɐ‬ {{type}} ‮oɟɟ‬","bluetoothButton-on":"‮Ԑʅnǝʇooʇɥ‬ ‮ou‬","bluetoothButton-on-initializing":"‮Ԑʅnǝʇooʇɥ‬ ‮ou‬, ‮ıuıʇıɐʅızıuƃ‬","bluetoothButton-off":"‮Ԑʅnǝʇooʇɥ‬ ‮oɟɟ‬","airplaneMode-on":"‮∀ıɹdʅɐuǝ‬ ‮ɯopǝ‬ ‮ou‬","airplaneMode-off":"‮∀ıɹdʅɐuǝ‬ ‮ɯopǝ‬ ‮oɟɟ‬","settingsButton":{"ariaLabel":"‮Sǝʇʇıuƃs‬"},"utilityTrayGrippy":{"ariaLabel":"‮Ↄʅosǝ‬ ‮nʇıʅıʇʎ‬ ‮ʇɹɐʎ‬"},"statusbarLabel":"{{date}}, {{operator}}","statusbarDateFormat":"%b %e","statusbar":{"ariaLabel":"‮Sʇɐʇns‬ ‮Ԑɐɹ‬"},"statusbarBattery":"‮Ԑɐʇʇǝɹʎ‬ {{level}} ‮dǝɹɔǝuʇ‬","statusbarBatteryCharging":"‮Ԑɐʇʇǝɹʎ‬ {{level}} ‮dǝɹɔǝuʇ‬, ‮ɔɥɐɹƃıuƃ‬","statusbarFlightMode":{"ariaLabel":"‮∀ıɹdʅɐuǝ‬ ‮ɯopǝ‬ ‮ou‬"},"statusbarWiFiConnecting":"‮Ｍı‬-‮ɟı‬: ‮ɔouuǝɔʇıuƃ‬","statusbarWiFiConnected":"‮Ｍı‬-‮ɟı‬: {{level}} ‮oɟ‬ 4 ‮qɐɹs‬","statusbarSignal":"{{operator}} ‮uǝʇʍoɹʞ‬, {{level}} ‮oɟ‬ 5 ‮qɐɹs‬","statusbarSignalRoaming":"{{operator}} ‮uǝʇʍoɹʞ‬ (‮ɹoɐɯıuƃ‬), {{level}} ‮oɟ‬ 5 ‮qɐɹs‬","statusbarSignalNoneSearching":"‮Sǝɐɹɔɥıuƃ‬… ‮Ǝɯǝɹƃǝuɔʎ‬ ‮ɔɐʅʅs‬ ‮ouʅʎ‬","statusbarHeadphones":{"ariaLabel":"‮Hǝɐpdɥouǝs‬ ‮ou‬"},"statusbarBluetoothHeadphones":{"ariaLabel":"‮Ԑʅnǝʇooʇɥ‬ ‮ɥǝɐpdɥouǝs‬ ‮ou‬"},"statusbarBluetoothTransferring":{"ariaLabel":"‮Ԑʅnǝʇooʇɥ‬ ‮ʇɹɐusɟǝɹ‬ ‮ɐɔʇıʌǝ‬"},"statusbarIconOn-tethering":"‮⊥ǝʇɥǝɹıuƃ‬ ‮ou‬","statusbarIconOnActive-tethering":"‮⊥ǝʇɥǝɹıuƃ‬ ‮ou‬, ‮ɐɔʇıʌǝ‬","statusbarAlarm":{"ariaLabel":"‮∀ʅɐɹɯ‬ ‮ou‬"},"statusbarIconOn-bluetooth":"‮Ԑʅnǝʇooʇɥ‬ ‮ou‬","statusbarIconOnActive-bluetooth":"‮Ԑʅnǝʇooʇɥ‬ ‮ou‬, ‮ɐɔʇıʌǝ‬","statusbarIconOn-mute":"‮Wnʇǝ‬ ‮ou‬","statusbarIconOn-vibration":"‮Ʌıqɹɐʇıou‬ ‮ou‬","statusbarRecording":{"ariaLabel":"‮ᴚǝɔoɹpıuƃ‬ ‮ou‬"},"statusbarGeolocation":{"ariaLabel":"‮פǝoʅoɔɐʇıou‬ ‮ou‬"},"statusbarUsb":{"ariaLabel":"‮∩SԐ‬ ‮ou‬"},"statusbarForwarding":"‮Ↄɐʅʅ‬ ‮ɟoɹʍɐɹpıuƃ‬ ‮ou‬","statusbarPlaying":{"ariaLabel":"‮Wǝpıɐ‬ ‮dʅɐʎıuƃ‬"},"statusbarNfc":{"ariaLabel":"‮NɟↃ‬ ‮ou‬"},"statusbarDownloads":{"ariaLabel":"‮poʍuʅoɐpıuƃ‬…"},"statusbarNetworkActivity":{"ariaLabel":"‮Nǝʇʍoɹʞıuƃ‬ ‮ou‬"},"statusbarEmergencyCBNotification":{"ariaLabel":"‮Ǝɯǝɹƃǝuɔʎ‬ ‮ɔɐʅʅqɐɔʞ‬"},"statusbarNotifications":{"_":{"one":"{{n}} ‮uoʇıɟıɔɐʇıou‬","two":"{{n}} ‮uoʇıɟıɔɐʇıous‬","few":"{{n}} ‮uoʇıɟıɔɐʇıous‬","many":"{{n}} ‮uoʇıɟıɔɐʇıous‬","other":"{{n}} ‮uoʇıɟıɔɐʇıous‬"}},"statusbarNotifications-unread":{"_":{"one":"{{n}} ‮nuɹǝɐp‬ ‮uoʇıɟıɔɐʇıou‬","two":"{{n}} ‮nuɹǝɐp‬ ‮uoʇıɟıɔɐʇıous‬","few":"{{n}} ‮nuɹǝɐp‬ ‮uoʇıɟıɔɐʇıous‬","many":"{{n}} ‮nuɹǝɐp‬ ‮uoʇıɟıɔɐʇıous‬","other":"{{n}} ‮nuɹǝɐp‬ ‮uoʇıɟıɔɐʇıous‬"}},"notifications":"‮Noʇıɟıɔɐʇıous‬","clear-all":"‮Ↄʅǝɐɹ‬ ‮ɐʅʅ‬","attentionScreen-tapToShow":"‮⊥ɐd‬ ‮ʇo‬ ‮sɥoʍ‬","newVoicemails":{"_":{"zero":"‮No‬ ‮uǝʍ‬ ‮ʌoıɔǝɯɐıʅ‬","one":"‮Ouǝ‬ ‮uǝʍ‬ ‮ʌoıɔǝɯɐıʅ‬","two":"{{n}} ‮uǝʍ‬ ‮ʌoıɔǝɯɐıʅs‬","few":"{{n}} ‮uǝʍ‬ ‮ʌoıɔǝɯɐıʅs‬","many":"{{n}} ‮uǝʍ‬ ‮ʌoıɔǝɯɐıʅs‬","other":"{{n}} ‮uǝʍ‬ ‮ʌoıɔǝɯɐıʅs‬"}},"newVoicemailsUnknown":"‮Nǝʍ‬ ‮ʌoıɔǝɯɐıʅ‬","dialNumber":"‮pıɐʅ‬ {{number}}","voicemailNotificationMultiSim":"(‮SIW‬ {{n}}) {{title}}","confirmNFCConnectBTenabledNameUnknown":"‮∀ɹǝ‬ ‮ʎon‬ ‮snɹǝ‬ ‮ʎon‬ ‮ʍɐuʇ‬ ‮ʇo‬ ‮ɔouuǝɔʇ‬ ‮ʇo‬ ‮ʇɥǝ‬ ‮pǝʌıɔǝ‬?","confirmNFCConnectBTdisabledNameUnknown":"‮⊥nɹu‬ ‮ou‬ ‮Ԑʅnǝʇooʇɥ‬ ‮ɐup‬ ‮ɔouuǝɔʇ‬ ‮ʇo‬ ‮ʇɥǝ‬ ‮pǝʌıɔǝ‬?","confirmNFCConnectBTenabledNameKnown":"‮∀ɹǝ‬ ‮ʎon‬ ‮snɹǝ‬ ‮ʎon‬ ‮ʍɐuʇ‬ ‮ʇo‬ ‮ɔouuǝɔʇ‬ ‮ʇo‬ {{deviceName}}?","confirmNFCConnectBTdisabledNameKnown":"‮⊥nɹu‬ ‮ou‬ ‮Ԑʅnǝʇooʇɥ‬ ‮ɐup‬ ‮ɔouuǝɔʇ‬ ‮ʇo‬ {{deviceName}}?","confirmNFCConnectBTdisabled":"‮⊥nɹu‬ ‮ou‬","dismissNFCConnectBTdisabled":"‮Ↄɐuɔǝʅ‬","confirmation":"‮Ↄouɟıɹɯɐʇıou‬","deviceMenu":"‮Ԁɥouǝ‬","airplane":"‮⊥nɹu‬ ‮ou‬ ‮ɐıɹdʅɐuǝ‬ ‮ɯopǝ‬","airplaneOff":"‮⊥nɹu‬ ‮oɟɟ‬ ‮ɐıɹdʅɐuǝ‬ ‮ɯopǝ‬","silent":"‮Sıʅǝuɔǝ‬ ‮ıuɔoɯıuƃ‬ ‮ɔɐʅʅs‬","normal":"‮ᴚıuƃ‬ ‮ıuɔoɯıuƃ‬ ‮ɔɐʅʅs‬","restart":"‮ᴚǝsʇɐɹʇ‬","power":"‮Ԁoʍǝɹ‬ ‮oɟɟ‬","enableScreenReaderSteps":"‮⊥o‬ ‮ǝuɐqʅǝ‬ ‮sɔɹǝǝu‬ ‮ɹǝɐpǝɹ‬, ‮dɹǝss‬ ‮ʌoʅnɯǝ‬ ‮nd‬ ‮ʇɥǝu‬ ‮ʌoʅnɯǝ‬ ‮poʍu‬ ‮qnʇʇous‬ ‮ʇɥɹǝǝ‬ ‮ɯoɹǝ‬ ‮ʇıɯǝs‬","disableScreenReaderSteps":"‮⊥o‬ ‮pısɐqʅǝ‬ ‮sɔɹǝǝu‬ ‮ɹǝɐpǝɹ‬, ‮dɹǝss‬ ‮ʌoʅnɯǝ‬ ‮nd‬ ‮ʇɥǝu‬ ‮ʌoʅnɯǝ‬ ‮poʍu‬ ‮qnʇʇous‬ ‮ʇɥɹǝǝ‬ ‮ɯoɹǝ‬ ‮ʇıɯǝs‬","no-recent-apps":"‮No‬ ‮ɹǝɔǝuʇ‬ ‮ɐdds‬","yes":"‮ʎǝs‬","no":"‮No‬","dontallow":"‮pou‬’‮ʇ‬ ‮ɐʅʅoʍ‬","allow":"‮∀ʅʅoʍ‬","dontshare-geolocation":"‮pou‬’‮ʇ‬ ‮Sɥɐɹǝ‬","share-geolocation":"‮Sɥɐɹǝ‬","dontshare-audio-capture":"‮pou‬’‮ʇ‬ ‮Sɥɐɹǝ‬","share-audio-capture":"‮Sɥɐɹǝ‬","dontshare-video-capture":"‮pou‬’‮ʇ‬ ‮Sɥɐɹǝ‬","share-video-capture":"‮Sɥɐɹǝ‬","dontshare-media-capture":"‮pou‬’‮ʇ‬ ‮Sɥɐɹǝ‬","share-media-capture":"‮Sɥɐɹǝ‬","device-front":"‮ɟɹouʇ‬ ‮Ↄɐɯǝɹɐ‬","device-back":"‮Ԑɐɔʞ‬ ‮Ↄɐɯǝɹɐ‬","remember-my-choice":"‮ᴚǝɯǝɯqǝɹ‬ ‮ɯʎ‬ ‮ɔɥoıɔǝ‬","more-info":"‮Woɹǝ‬ ‮ıuɟo‬…","hide-info":"‮Hıpǝ‬ ‮ıuɟo‬","install-app":"‮Iusʇɐʅʅ‬ {{name}}?","size":"‮Sızǝ‬","author":"‮∀nʇɥoɹ‬","size-unknown":"‮∩uʞuoʍu‬","author-unknown":"‮∩uʞuoʍu‬","install":"‮Iusʇɐʅʅ‬","bytes":"‮qʎʇǝs‬","kB":"‮ӼԐ‬","MB":"‮WԐ‬","GB":"‮פԐ‬","TB":"‮⊥Ԑ‬","PB":"‮ԀԐ‬","app-install-generic-error":"{{ appName }} ‮poʍuʅoɐp‬ ‮sʇoddǝp‬","app-install-download-failed":"{{ appName }} ‮poʍuʅoɐp‬ ‮ɟɐıʅǝp‬","app-install-install-failed":"{{ appName }} ‮ıusʇɐʅʅ‬ ‮ɟɐıʅǝp‬","cancelling-will-not-refund":"‮Ↄɐuɔǝʅʅıuƃ‬ ‮ʍıʅʅ‬ ‮uoʇ‬ ‮ɹǝɟnup‬ ‮ɐ‬ ‮dnɹɔɥɐsǝ‬. ‮ᴚǝɟnups‬ ‮ɟoɹ‬ ‮dɐıp‬ ‮ɔouʇǝuʇ‬ ‮ɐɹǝ‬ ‮dɹoʌıpǝp‬ ‮qʎ‬ ‮ʇɥǝ‬ ‮oɹıƃıuɐʅ‬ ‮sǝʅʅǝɹ‬.","apps-can-be-installed-later":"‮∀dds‬ ‮ɔɐu‬ ‮qǝ‬ ‮ıusʇɐʅʅǝp‬ ‮ʅɐʇǝɹ‬ ‮ɟɹoɯ‬ ‮ʇɥǝ‬ ‮oɹıƃıuɐʅ‬ ‮ıusʇɐʅʅɐʇıou‬ ‮sonɹɔǝ‬.","are-you-sure-you-want-to-cancel":"‮∀ɹǝ‬ ‮ʎon‬ ‮snɹǝ‬ ‮ʎon‬ ‮ʍɐuʇ‬ ‮ʇo‬ ‮ɔɐuɔǝʅ‬ ‮ʇɥıs‬ ‮ıusʇɐʅʅ‬?","cancel-install":"‮Ↄɐuɔǝʅ‬ ‮Iusʇɐʅʅ‬","cancel-install-button":"‮Ↄɐuɔǝʅ‬ ‮Iusʇɐʅʅ‬","resume":"‮ᴚǝsnɯǝ‬","continue":"‮Ↄouʇıunǝ‬","stopDownloading":"‮Sʇod‬ ‮poʍuʅoɐpıuƃ‬ {{ app }}?","app-download-can-be-restarted":"‮⊥ɥǝ‬ ‮poʍuʅoɐp‬ ‮ɔɐu‬ ‮qǝ‬ ‮ɹǝsʇɐɹʇǝp‬ ‮ʅɐʇǝɹ‬.","app-download-stop-button":"‮Sʇod‬ ‮poʍuʅoɐp‬","not-enough-space":"‮Noʇ‬ ‮ǝuonƃɥ‬ ‮sdɐɔǝ‬","not-enough-space-message":"‮⊥ɥǝɹǝ‬ ‮ıs‬ ‮uoʇ‬ ‮ǝuonƃɥ‬ ‮sdɐɔǝ‬ ‮ʇo‬ ‮ıusʇɐʅʅ‬ ‮ʇɥıs‬ ‮ɐdd‬. ‮ɟɹǝǝ‬ ‮nd‬ ‮sdɐɔǝ‬ ‮qʎ‬ ‮pǝʅǝʇıuƃ‬ ‮oʅp‬ ‮ɐdds‬ ‮oɹ‬ ‮ɯǝpıɐ‬, ‮ɐup‬ ‮ʇɹʎ‬ ‮ıusʇɐʅʅıuƃ‬ ‮ɐƃɐıu‬ ‮ɟɹoɯ‬ ‮ʇɥǝ‬ ‮oɹıƃıuɐʅ‬ ‮sonɹɔǝ‬.","app-install-success":"{{ appName }} ‮ıusʇɐʅʅǝp‬","setup":"‮Sǝʇnd‬","ime-addkeyboards":"‮∀pp‬ ‮ʞǝʎqoɐɹps‬","later":"‮˥ɐʇǝɹ‬","download":"‮poʍuʅoɐp‬","wantToDownload":"‮poʍuʅoɐp‬ ‮ndpɐʇǝ‬ ‮uoʍ‬?","wantToInstall":"‮Iusʇɐʅʅ‬ ‮ndpɐʇǝ‬ ‮uoʍ‬?","installNow":"‮Iusʇɐʅʅ‬ ‮Noʍ‬","notNow":"‮Noʇ‬ ‮Noʍ‬","downloadingUpdateMessage":{"innerHTML":"‮poʍuʅoɐpıuƃ‬ ‮ndpɐʇǝs‬… <‮sdɐu‬>{{ progress }} ‮poʍuʅoɐpǝp‬.</‮sdɐu‬>"},"downloadingAppMessage":"‮poʍuʅoɐpıuƃ‬ {{ appName }}","downloadingAppProgressNoMax":"{{ progress }} ‮poʍuʅoɐpǝp‬","downloadingAppProgressIndeterminate":"‮poʍuʅoɐpıuƃ‬","downloadingAppProgress":"{{ progress }} / {{ max }} ‮poʍuʅoɐpǝp‬","cancelAllDownloads":"‮Ↄɐuɔǝʅ‬ ‮ɐʅʅ‬ ‮poʍuʅoɐps‬","wantToCancelAll":"‮∀ɹǝ‬ ‮ʎon‬ ‮snɹǝ‬ ‮ʎon‬ ‮ʍɐuʇ‬ ‮ʇo‬ ‮ɔɐuɔǝʅ‬ ‮ɐʅʅ‬ ‮poʍuʅoɐps‬?","downloadError":"‮⊥ɥǝɹǝ‬ ‮ʍɐs‬ ‮ɐu‬ ‮ǝɹɹoɹ‬ ‮ʍɥıʅǝ‬ ‮poʍuʅoɐpıuƃ‬ ‮ʇɥǝ‬ ‮ndpɐʇǝs‬.","updateAvailableInfo":{"innerHTML":{"_":{"one":"{{ n }} ‮ndpɐʇǝ‬ ‮ɐʌɐıʅɐqʅǝ‬. <‮sdɐu‬>‮⊥ɐd‬ ‮ɟoɹ‬ ‮ɯoɹǝ‬ ‮ıuɟo‬.</‮sdɐu‬>","two":"{{ n }} ‮ndpɐʇǝs‬ ‮ɐʌɐıʅɐqʅǝ‬. <‮sdɐu‬>‮⊥ɐd‬ ‮ɟoɹ‬ ‮ɯoɹǝ‬ ‮ıuɟo‬.</‮sdɐu‬>","few":"{{ n }} ‮ndpɐʇǝs‬ ‮ɐʌɐıʅɐqʅǝ‬. <‮sdɐu‬>‮⊥ɐd‬ ‮ɟoɹ‬ ‮ɯoɹǝ‬ ‮ıuɟo‬.</‮sdɐu‬>","many":"{{ n }} ‮ndpɐʇǝs‬ ‮ɐʌɐıʅɐqʅǝ‬. <‮sdɐu‬>‮⊥ɐd‬ ‮ɟoɹ‬ ‮ɯoɹǝ‬ ‮ıuɟo‬.</‮sdɐu‬>","other":"{{ n }} ‮ndpɐʇǝs‬ ‮ɐʌɐıʅɐqʅǝ‬. <‮sdɐu‬>‮⊥ɐd‬ ‮ɟoɹ‬ ‮ɯoɹǝ‬ ‮ıuɟo‬.</‮sdɐu‬>"}}},"numberOfUpdates":{"_":{"one":"{{ n }} ‮ndpɐʇǝ‬ ‮ɐʌɐıʅɐqʅǝ‬","two":"{{ n }} ‮ndpɐʇǝs‬ ‮ɐʌɐıʅɐqʅǝ‬","few":"{{ n }} ‮ndpɐʇǝs‬ ‮ɐʌɐıʅɐqʅǝ‬","many":"{{ n }} ‮ndpɐʇǝs‬ ‮ɐʌɐıʅɐqʅǝ‬","other":"{{ n }} ‮ndpɐʇǝs‬ ‮ɐʌɐıʅɐqʅǝ‬"}},"systemUpdate":"‮Sʎsʇǝɯ‬ ‮ndpɐʇǝ‬","systemUpdateReady":"‮Sʎsʇǝɯ‬ ‮∩dpɐʇǝ‬ ‮ᴚǝɐpʎ‬","systemUpdateLowBattery":"‮ʎon‬ ‮uǝǝp‬ ‮ɐʇ‬ ‮ʅǝɐsʇ‬ 50% ‮qɐʇʇǝɹʎ‬ ‮ʅǝʌǝʅ‬ ‮ʇo‬ ‮ıusʇɐʅʅ‬ ‮ʇɥǝ‬ ‮ndpɐʇǝ‬.","required":"‮ᴚǝbnıɹǝp‬","uncompressingMessage":{"innerHTML":"‮∩uɔoɯdɹǝssıuƃ‬… <‮sdɐu‬>‮⊥ɥıs‬ ‮ɔɐu‬ ‮ʇɐʞǝ‬ ‮ɐ‬ ‮ɟǝʍ‬ ‮ɯıunʇǝs‬.</‮sdɐu‬>"},"downloadNoWifiWarning":"‮Ｍı‬-‮ɟı‬ ‮nuɐʌɐıʅɐqʅǝ‬. ‮∩dpɐʇıuƃ‬ ‮oʌǝɹ‬ ‮ɔnɹɹǝuʇ‬ ‮ɔouuǝɔʇıou‬ ‮ɯɐʎ‬ ‮ıuɔnɹ‬ ‮ɐppıʇıouɐʅ‬ ‮ɔɥɐɹƃǝs‬.","downloadOfflineWarning":"‮Ↄouuǝɔʇıou‬ ‮nuɐʌɐıʅɐqʅǝ‬. ‮Ↄouuǝɔʇ‬ ‮ʇo‬ ‮ɐ‬ ‮uǝʇʍoɹʞ‬ ‮ʇo‬ ‮poʍuʅoɐp‬ ‮ndpɐʇǝs‬.","downloadDataConnectionWarning":"‮∩dpɐʇǝs‬ ‮ɐɹǝ‬ ‮poʍuʅoɐpǝp‬ ‮ʌıɐ‬ ‮pɐʇɐ‬ ‮ɔouuǝɔʇıou‬ ‮ʍɥǝu‬ ‮Ｍı‬-‮ɟı‬ ‮ıs‬ ‮uoʇ‬ ‮ɐʌɐıʅɐqʅǝ‬. ‮∀ppıʇıouɐʅ‬ ‮pɐʇɐ‬ ‮ɔɥɐɹƃǝs‬ ‮ɯɐʎ‬ ‮ɐddʅʎ‬.","downloadUpdatesViaDataConnection":"‮poʍuʅoɐp‬ ‮ndpɐʇǝs‬ ‮ʌıɐ‬ ‮pɐʇɐ‬ ‮ɔouuǝɔʇıou‬?","downloadUpdatesViaDataConnectionMessage":"‮∩dpɐʇǝs‬ ‮ɐɹǝ‬ ‮poʍuʅoɐpǝp‬ ‮ʌıɐ‬ ‮pɐʇɐ‬ ‮ɔouuǝɔʇıou‬ ‮ʍɥǝu‬ ‮Ｍı‬-‮ɟı‬ ‮ıs‬ ‮uoʇ‬ ‮ɐʌɐıʅɐqʅǝ‬. ‮Ｍɥǝu‬ ‮nsıuƃ‬ ‮pɐʇɐ‬ ‮ɔouuǝɔʇıou‬, ‮dɥouǝ‬ ‮ɔɐʅʅs‬ ‮ɯɐʎ‬ ‮qǝ‬ ‮qʅoɔʞǝp‬ ‮ɐup‬ ‮ɐppıʇıouɐʅ‬ ‮ɔɥɐɹƃǝs‬ ‮ɯɐʎ‬ ‮ɐʅso‬ ‮ɐddʅʎ‬.","screenshotSaved":"‮Sɔɹǝǝusɥoʇ‬ ‮sɐʌǝp‬ ‮ʇo‬ ‮פɐʅʅǝɹʎ‬","screenshotFailed":"‮⊥ɥǝ‬ ‮sɔɹǝǝusɥoʇ‬ ‮ɔonʅp‬ ‮uoʇ‬ ‮qǝ‬ ‮sɐʌǝp‬","screenshotNoSDCard":"‮No‬ ‮ɯǝɯoɹʎ‬ ‮ɔɐɹp‬ ‮ɟonup‬","screenshotSDCardInUse":"‮Wǝɯoɹʎ‬ ‮ɔɐɹp‬ ‮ıs‬ ‮ıu‬ ‮nsǝ‬","screenshotSDCardLow":"‮Noʇ‬ ‮ǝuonƃɥ‬ ‮sdɐɔǝ‬ ‮ou‬ ‮ɯǝɯoɹʎ‬ ‮ɔɐɹp‬","emergency-call-button":"‮Ǝɯǝɹƃǝuɔʎ‬ ‮Ↄɐʅʅ‬","emergency-call":"‮Ǝɯǝɹƃǝuɔʎ‬ ‮Ↄɐʅʅ‬","unlock-a11y-button":{"ariaLabel":"‮∩uʅoɔʞ‬"},"camera-a11y-button":{"ariaLabel":"‮Ↄɐɯǝɹɐ‬"},"longDateFormat":"%A, %B %e","panel-passcode":{"ariaLabel":"‮Ԁɐssɔopǝ‬ ‮dɐuǝʅ‬"},"softwareHomeButton":{"ariaLabel":"‮Hoɯǝ‬"},"login":"‮Sıƃu‬ ‮ıu‬","username":"‮∩sǝɹuɐɯǝ‬","password":"‮Ԁɐssʍoɹp‬","http-authentication-message":"‮∀‬ ‮nsǝɹuɐɯǝ‬ ‮ɐup‬ ‮dɐssʍoɹp‬ ‮ɐɹǝ‬ ‮qǝıuƃ‬ ‮ɹǝbnǝsʇǝp‬ ‮qʎ‬ {{host}}. ‮⊥ɥǝ‬ ‮sıʇǝ‬ ‮sɐʎs‬: “{{realm}}”","error-message":"{{name}} ‮ıs‬ ‮uoʇ‬ ‮ʅoɐpıuƃ‬ ‮dɹodǝɹʅʎ‬","error-title":"{{name}} ‮ıs‬ ‮ɥɐʌıuƃ‬ ‮dɹoqʅǝɯs‬","airplane-is-on":"‮∀ıɹdʅɐuǝ‬ ‮ɯopǝ‬ ‮ıs‬ ‮ou‬","airplane-is-turned-on":"{{name}} ‮ɹǝbnıɹǝs‬ ‮ɐ‬ ‮uǝʇʍoɹʞ‬ ‮ɔouuǝɔʇıou‬. ‮⊥nɹu‬ ‮oɟɟ‬ ‮ɐıɹdʅɐuǝ‬ ‮ɯopǝ‬ ‮ɟɹoɯ‬ ‮Sǝʇʇıuƃs‬ ‮ɐup‬ ‮ɔouuǝɔʇ‬ ‮ʇo‬ ‮ɐ‬ ‮Ｍı‬-‮ɟı‬ ‮oɹ‬ ‮ɯoqıʅǝ‬ ‮pɐʇɐ‬ ‮uǝʇʍoɹʞ‬.","server-not-found":"‮Sǝɹʌǝɹ‬ ‮uoʇ‬ ‮ɟonup‬","server-not-found-error":"‮Ↄɐu‬’‮ʇ‬ ‮ɟıup‬ ‮ʇɥǝ‬ ‮sǝɹʌǝɹ‬ ‮ɐʇ‬ {{name}}.","file-not-found":"‮ɟıʅǝ‬ ‮uoʇ‬ ‮ɟonup‬","file-not-found-error":"‮⊥ɥǝ‬ ‮pǝʌıɔǝ‬ ‮ɔɐu‬’‮ʇ‬ ‮pısdʅɐʎ‬ ‮ʇɥıs‬ ‮dɐƃǝ‬ ‮qǝɔɐnsǝ‬ ‮ʇɥǝ‬ ‮ɟıʅǝ‬ ‮ɔɐuuoʇ‬ ‮qǝ‬ ‮ɟonup‬.","connection-failed":"‮∩uɐqʅǝ‬ ‮ʇo‬ ‮ɔouuǝɔʇ‬","connection-failed-error":"‮∀‬ ‮uǝʇʍoɹʞ‬ ‮ǝɹɹoɹ‬ ‮oɔɔnɹɹǝp‬ ‮ʍɥıʅǝ‬ ‮ʇɹʎıuƃ‬ ‮ʇo‬ ‮ɹǝɐɔɥ‬ ‮ʇɥǝ‬ ‮sıʇǝ‬.","invalid-connection":"‮∩uɐqʅǝ‬ ‮ʇo‬ ‮ɔouuǝɔʇ‬","invalid-connection-error":"‮∀‬ ‮uǝʇʍoɹʞ‬ ‮ǝɹɹoɹ‬ ‮oɔɔnɹɹǝp‬ ‮ʍɥıʅǝ‬ ‮ʇɹʎıuƃ‬ ‮ʇo‬ ‮ɹǝɐɔɥ‬ ‮ʇɥǝ‬ ‮sıʇǝ‬.","malformed-uri":"‮∩ᴚ˥‬ ‮uoʇ‬ ‮ʌɐʅıp‬","malformed-uri-error":"‮⊥ɥǝ‬ ‮∩ᴚ˥‬ ‮ǝuʇǝɹǝp‬ ‮ıs‬ ‮uoʇ‬ ‮ʌɐʅıp‬ ‮ɐup‬ ‮ɔɐuuoʇ‬ ‮qǝ‬ ‮ʅoɐpǝp‬.","redirect-loop":"‮Ↄɐu‬’‮ʇ‬ ‮pısdʅɐʎ‬ ‮dɐƃǝ‬","redirect-loop-error":"‮⊥ɥǝ‬ ‮pǝʌıɔǝ‬ ‮ɔɐu‬’‮ʇ‬ ‮pısdʅɐʎ‬ ‮ʇɥıs‬ ‮dɐƃǝ‬ ‮qǝɔɐnsǝ‬ ‮ʇɥǝ‬ ‮dɐƃǝ‬ ‮ıs‬ ‮uoʇ‬ ‮ɹǝpıɹǝɔʇıuƃ‬ ‮dɹodǝɹʅʎ‬. ‮⊥ɹʎ‬ ‮ʇɥıs‬ ‮dɐƃǝ‬ ‮ɐƃɐıu‬ ‮ɐʇ‬ ‮ɐ‬ ‮ʅɐʇǝɹ‬ ‮ʇıɯǝ‬.","not-cached":"‮Ԁɐƃǝ‬ ‮ǝxdıɹǝp‬","not-cached-error":"‮∀s‬ ‮ɐ‬ ‮sǝɔnɹıʇʎ‬ ‮dɹǝɔɐnʇıou‬, ‮ʇɥıs‬ ‮dɐƃǝ‬ ‮ɔɐuuoʇ‬ ‮qǝ‬ ‮pısdʅɐʎǝp‬ ‮qʎ‬ ‮ʇɥǝ‬ ‮pǝʌıɔǝ‬ ‮qǝɔɐnsǝ‬ ‮ıʇ‬ ‮ɥɐs‬ ‮ǝxdıɹǝp‬.","is-printing-error":"‮⊥ɥǝ‬ ‮poɔnɯǝuʇ‬ ‮ɔɐuuoʇ‬ ‮ɔɥɐuƃǝ‬ ‮ʍɥıʅǝ‬ ‮Ԁɹıuʇıuƃ‬ ‮oɹ‬ ‮ıu‬ ‮Ԁɹıuʇ‬ ‮Ԁɹǝʌıǝʍ‬.","denied-port-access":"‮⊥ɥıs‬ ‮ɐppɹǝss‬ ‮ıs‬ ‮ɹǝsʇɹıɔʇǝp‬","denied-port-access-error":"‮⊥ɥıs‬ ‮ɐppɹǝss‬ ‮nsǝs‬ ‮ɐ‬ ‮uǝʇʍoɹʞ‬ ‮doɹʇ‬ ‮ʍɥıɔɥ‬ ‮ıs‬ ‮uoɹɯɐʅʅʎ‬ ‮nsǝp‬ ‮ɟoɹ‬ ‮dnɹdosǝs‬ ‮oʇɥǝɹ‬ ‮ʇɥɐu‬ ‮Ｍǝq‬ ‮qɹoʍsıuƃ‬. ‮⊥ɥǝ‬ ‮pǝʌıɔǝ‬ ‮ɥɐs‬ ‮ɔɐuɔǝʅʅǝp‬ ‮ʇɥǝ‬ ‮ɹǝbnǝsʇ‬ ‮ɟoɹ‬ ‮ʎonɹ‬ ‮dɹoʇǝɔʇıou‬.","proxy-resolve-failure":"‮Ԁɹoxʎ‬ ‮Sǝɹʌǝɹ‬ ‮Ǝɹɹoɹ‬","proxy-resolve-failure-error":"‮⊥ɥǝ‬ ‮pǝʌıɔǝ‬ ‮ıs‬ ‮ɔouɟıƃnɹǝp‬ ‮ʇo‬ ‮nsǝ‬ ‮ɐ‬ ‮dɹoxʎ‬ ‮sǝɹʌǝɹ‬ ‮ʇɥɐʇ‬ ‮ɔɐu‬’‮ʇ‬ ‮qǝ‬ ‮ɟonup‬.","proxy-connect-failure":"‮Ԁɹoxʎ‬ ‮Sǝɹʌǝɹ‬ ‮Ǝɹɹoɹ‬","proxy-connect-failure-error":"‮⊥ɥǝ‬ ‮pǝʌıɔǝ‬ ‮ıs‬ ‮ɔouɟıƃnɹǝp‬ ‮ʇo‬ ‮nsǝ‬ ‮ɐ‬ ‮dɹoxʎ‬ ‮sǝɹʌǝɹ‬ ‮ʇɥɐʇ‬ ‮ıs‬ ‮ɹǝɟnsıuƃ‬ ‮ɔouuǝɔʇıous‬.","content-encoding":"‮Ↄɐu‬’‮ʇ‬ ‮pısdʅɐʎ‬ ‮dɐƃǝ‬","content-encoding-error":"‮⊥ɥǝ‬ ‮pǝʌıɔǝ‬ ‮ɔɐu‬’‮ʇ‬ ‮pısdʅɐʎ‬ ‮ʇɥıs‬ ‮dɐƃǝ‬ ‮qǝɔɐnsǝ‬ ‮ɐ‬ ‮ɔouʇǝuʇ‬ ‮ǝuɔopıuƃ‬ ‮ǝɹɹoɹ‬ ‮oɔɔnɹɹǝp‬.","remote-xul":"‮Ԁɐƃǝ‬ ‮nusnddoɹʇǝp‬","remote-xul-error":"‮⊥ɥıs‬ ‮dɐƃǝ‬ ‮ɔɐu‬’‮ʇ‬ ‮qǝ‬ ‮pısdʅɐʎǝp‬ ‮qǝɔɐnsǝ‬ ‮ıʇ‬ ‮nsǝs‬ ‮ɐ‬ ‮ʇǝɔɥuoʅoƃʎ‬ ‮ʇɥɐʇ‬ ‮ıs‬ ‮uoʇ‬ ‮snddoɹʇǝp‬ ‮ou‬ ‮ʇɥǝ‬ ‮pǝʌıɔǝ‬.","phishing-blocked":"‮Ｍɐɹuıuƃ‬","phishing-blocked-error":"‮⊥ɥǝ‬ ‮ʍǝqsıʇǝ‬ ‮ɥɐs‬ ‮qǝǝu‬ ‮ɹǝdoɹʇǝp‬ ‮ɐs‬ ‮ɐ‬ ‮ʍǝq‬ ‮ɟoɹƃǝɹʎ‬ ‮pǝsıƃuǝp‬ ‮ʇo‬ ‮ʇɹıɔʞ‬ ‮nsǝɹs‬ ‮ıuʇo‬ ‮sɥɐɹıuƃ‬ ‮dǝɹsouɐʅ‬ ‮oɹ‬ ‮ɟıuɐuɔıɐʅ‬ ‮ıuɟoɹɯɐʇıou‬.","malware-blocked":"‮Wɐʅʍɐɹǝ‬ ‮ɐʇʇɐɔʞ‬ ‮qʅoɔʞǝp‬","malware-blocked-error":"‮⊥ɥǝ‬ ‮sıʇǝ‬ ‮ɐʇ‬ ‮ɥɐs‬ ‮qǝǝu‬ ‮ɹǝdoɹʇǝp‬ ‮ɐs‬ ‮ɐu‬ ‮ɐʇʇɐɔʞ‬ ‮sıʇǝ‬ ‮ɐup‬ ‮ɥɐs‬ ‮qǝǝu‬ ‮qʅoɔʞǝp‬.","unsafe-content-type":"‮∩usɐɟǝ‬ ‮ɔouʇǝuʇ‬","unsafe-content-type-error":"‮⊥ɥǝ‬ ‮dɐƃǝ‬ ‮ɔɐuuoʇ‬ ‮qǝ‬ ‮sɥoʍu‬ ‮qǝɔɐnsǝ‬ ‮ıʇ‬ ‮ɯɐʎ‬ ‮uoʇ‬ ‮qǝ‬ ‮sɐɟǝ‬ ‮ʇo‬ ‮odǝu‬.","corrupted-content":"‮Ↄɐu‬’‮ʇ‬ ‮pısdʅɐʎ‬ ‮dɐƃǝ‬","corrupted-content-error":"‮⊥ɥǝ‬ ‮dɐƃǝ‬ ‮ɔɐuuoʇ‬ ‮qǝ‬ ‮sɥoʍu‬ ‮qǝɔɐnsǝ‬ ‮ɐu‬ ‮ǝɹɹoɹ‬ ‮ıu‬ ‮ʇɥǝ‬ ‮pɐʇɐ‬ ‮ʇɹɐusɯıssıou‬ ‮ʍɐs‬ ‮pǝʇǝɔʇǝp‬.","network-connection-unavailable":"‮Nǝʇʍoɹʞ‬ ‮ɔouuǝɔʇıou‬ ‮nuɐʌɐıʅɐqʅǝ‬","network-error":"{{name}} ‮ɹǝbnıɹǝs‬ ‮ɐ‬ ‮uǝʇʍoɹʞ‬ ‮ɔouuǝɔʇıou‬. ‮⊥ɹʎ‬ ‮ɔouuǝɔʇıuƃ‬ ‮ʇo‬ ‮ɐ‬ ‮Ｍı‬-‮ɟı‬ ‮oɹ‬ ‮ɯoqıʅǝ‬ ‮pɐʇɐ‬ ‮uǝʇʍoɹʞ‬.","network-error-launching":"{{name}} ‮ɹǝbnıɹǝs‬ ‮ɐu‬ ‮Iuʇǝɹuǝʇ‬ ‮ɔouuǝɔʇıou‬.","network-error-in-app":"‮No‬ ‮ɐɔɔǝss‬ ‮ʇo‬ ‮ʇɥǝ‬ ‮Iuʇǝɹuǝʇ‬ ‮ɹıƃɥʇ‬ ‮uoʍ‬.","unable-to-connect":"‮∩uɐqʅǝ‬ ‮ʇo‬ ‮ɔouuǝɔʇ‬","try-again":"‮⊥ɹʎ‬ ‮ɐƃɐıu‬","check-settings":"‮Ↄɥǝɔʞ‬ ‮sǝʇʇıuƃs‬","tap-to-check-settings":"‮⊥ɐd‬ ‮ʇo‬ ‮ɔɥǝɔʞ‬ ‮sǝʇʇıuƃs‬","select-time":"‮Sǝʅǝɔʇ‬ ‮ʇıɯǝ‬","choose-option":"‮Sǝʅǝɔʇ‬","choose-options":"‮Sǝʅǝɔʇ‬","select-day":"‮Sǝʅǝɔʇ‬ ‮pɐʎ‬","battery-almost-empty":"‮Ԑɐʇʇǝɹʎ‬ ‮ɐʅɯosʇ‬ ‮ǝɯdʇʎ‬","add-to-home-screen":"‮∀pp‬ ‮ʇo‬ ‮Hoɯǝ‬ ‮Sɔɹǝǝu‬","crash-dialog2-os":"{{brandShortName}} ‮ɾnsʇ‬ ‮ɹǝɔoʌǝɹǝp‬ ‮ɟɹoɯ‬ ‮ɐ‬ ‮ɔɹɐsɥ‬","crash-dialog-app":"{{name}} ‮ɾnsʇ‬ ‮ɔɹɐsɥǝp‬","crash-dialog-message":"‮Ｍonʅp‬ ‮ʎon‬ ‮ʅıʞǝ‬ ‮ʇo‬ ‮sǝup‬ ‮Wozıʅʅɐ‬ ‮ɐ‬ ‮ɹǝdoɹʇ‬ ‮ɐqonʇ‬ ‮ʇɥǝ‬ ‮ɔɹɐsɥ‬ ‮ʇo‬ ‮ɥǝʅd‬ ‮ns‬ ‮ɟıx‬ ‮ʇɥǝ‬ ‮dɹoqʅǝɯ‬? (‮ᴚǝdoɹʇs‬ ‮ɐɹǝ‬ ‮sǝuʇ‬ ‮oʌǝɹ‬ ‮Ｍı‬-‮ɟı‬ ‮ouʅʎ‬.)","crash-info-link":"‮Ｍɥɐʇ‬’‮s‬ ‮ıu‬ ‮ɐ‬ ‮ɔɹɐsɥ‬ ‮ɹǝdoɹʇ‬?","crash-always-report":"‮∀ʅʍɐʎs‬ ‮sǝup‬ ‮Wozıʅʅɐ‬ ‮ɐ‬ ‮ɹǝdoɹʇ‬ ‮ʍɥǝu‬ ‮ɐ‬ ‮ɔɹɐsɥ‬ ‮oɔɔnɹs‬.","crash-dont-send":"‮pou‬’‮ʇ‬ ‮Sǝup‬","crash-end":"‮Sǝup‬ ‮ᴚǝdoɹʇ‬","crashReports":"‮Ↄɹɐsɥ‬ ‮ᴚǝdoɹʇs‬","done":"‮pouǝ‬","crash-reports-description-1":"‮∀‬ ‮ɔɹɐsɥ‬ ‮ɹǝdoɹʇ‬ ‮ɔouʇɐıus‬ ‮soɯǝ‬ ‮pǝʇɐıʅs‬ ‮ɐqonʇ‬ ‮ʇɥǝ‬ ‮ɔɹɐsɥ‬ ‮ɐup‬ ‮ʎonɹ‬ ‮pǝʌıɔǝ‬, ‮ɐs‬ ‮ʍǝʅʅ‬ ‮ɐs‬ ‮ɐ‬ ‮suɐdsɥoʇ‬ ‮oɟ‬ ‮ʇɥǝ‬ ‮sʇɐʇǝ‬ ‮oɟ‬ ‮ʎonɹ‬ ‮pǝʌıɔǝ‬ ‮ʍɥǝu‬ ‮ıʇ‬ ‮ɔɹɐsɥǝp‬.","crash-reports-description-2":"‮⊥ɥıs‬ ‮ɯɐʎ‬ ‮ıuɔʅnpǝ‬ ‮ʇɥıuƃs‬ ‮ʅıʞǝ‬ ‮odǝu‬ ‮dɐƃǝs‬ ‮ɐup‬ ‮ɐdds‬, ‮ʇǝxʇ‬ ‮ʇʎdǝp‬ ‮ıuʇo‬ ‮ɟoɹɯs‬ ‮ɐup‬ ‮ʇɥǝ‬ ‮ɔouʇǝuʇ‬ ‮oɟ‬ ‮odǝu‬ ‮ɯǝssɐƃǝs‬, ‮ɹǝɔǝuʇ‬ ‮qɹoʍsıuƃ‬ ‮ɥısʇoɹʎ‬, ‮oɹ‬ ‮ƃǝoʅoɔɐʇıou‬ ‮nsǝp‬ ‮qʎ‬ ‮ɐu‬ ‮odǝu‬ ‮ɐdd‬.","crash-reports-description-3-start":"‮Ｍǝ‬ ‮nsǝ‬ ‮ɔɹɐsɥ‬ ‮ɹǝdoɹʇs‬ ‮ʇo‬ ‮ʇɹʎ‬ ‮ʇo‬ ‮ɟıx‬ ‮dɹoqʅǝɯs‬ ‮ɐup‬ ‮ıɯdɹoʌǝ‬ ‮onɹ‬ ‮dɹopnɔʇs‬. ‮Ｍǝ‬ ‮ɥɐupʅǝ‬ ‮ʎonɹ‬ ‮ıuɟoɹɯɐʇıou‬ ‮ɐs‬ ‮ʍǝ‬ ‮pǝsɔɹıqǝ‬ ‮ıu‬ ‮onɹ‬ ","crash-reports-description-3-privacy":"‮dɹıʌɐɔʎ‬ ‮doʅıɔʎ‬","crash-reports-description-3-end":".","crash-banner-os2":"{{brandShortName}} ‮ɾnsʇ‬ ‮ɔɹɐsɥǝp‬.","crash-banner-app":"{{name}} ‮ɾnsʇ‬ ‮ɔɹɐsɥǝp‬.","crash-banner-report":"‮ᴚǝdoɹʇ‬","bluetooth-sending-progress":"‮Sǝupıuƃ‬ ‮Ԑʅnǝʇooʇɥ‬ ‮ʇɹɐusɟǝɹ‬…","bluetooth-receiving-progress":"‮ᴚǝɔǝıʌıuƃ‬ ‮Ԑʅnǝʇooʇɥ‬ ‮ʇɹɐusɟǝɹ‬…","acceptFileTransfer":"‮∀ɔɔǝdʇ‬ ‮Ԑʅnǝʇooʇɥ‬ ‮ɟıʅǝ‬ ‮ʇɹɐusɟǝɹ‬?","wantToReceiveFile":"{{deviceName}} ‮ʍonʅp‬ ‮ʅıʞǝ‬ ‮ʇo‬ ‮ʇɹɐusɟǝɹ‬ {{fileName}} ({{fileSize}}).","transfer-confirmation-title":"{{deviceName}}","transfer-confirmation-description":"‮ᴚǝʌıǝʍ‬ ‮ʇɹɐusɟǝɹ‬ ‮ɹǝbnǝsʇ‬.","byteUnit-B":"‮Ԑʎʇǝs‬","byteUnit-KB":"‮ӼԐ‬","byteUnit-MB":"‮WԐ‬","byteUnit-GB":"‮פԐ‬","byteUnit-TB":"‮⊥Ԑ‬","byteUnit-PB":"‮ԀԐ‬","byteUnit-EB":"‮ƎԐ‬","byteUnit-ZB":"‮ZԐ‬","byteUnit-YB":"‮ʎԐ‬","fileSize":"{{size}} {{unit}}","deny":"‮pǝuʎ‬","transfer":"‮⊥ɹɐusɟǝɹ‬","cancelFileTransfer":"‮Ↄɐuɔǝʅ‬ ‮Ԑʅnǝʇooʇɥ‬ ‮ɟıʅǝ‬ ‮ʇɹɐusɟǝɹ‬?","continueFileTransfer":"‮Ↄouʇıunǝ‬","transfer-has-started-title":"‮⊥ɥǝ‬ ‮ʇɹɐusɟǝɹ‬ ‮ɥɐs‬ ‮sʇɐɹʇǝp‬","transfer-has-started-description":"‮Ↄɥǝɔʞ‬ ‮ʇɥǝ‬ ‮dɹoƃɹǝss‬ ‮ıu‬ ‮Noʇıɟıɔɐʇıou‬ ‮ɔǝuʇǝɹ‬","transferFinished-sentSuccessful-title":"‮ɟıʅǝ‬ ‮sǝuʇ‬","transferFinished-receivedSuccessful-title":"‮ɟıʅǝ‬ ‮ɹǝɔǝıʌǝp‬","transferFinished-sentFailed-title":"‮ɟıʅǝ‬ ‮ɔonʅp‬ ‮uoʇ‬ ‮qǝ‬ ‮sǝuʇ‬","transferFinished-receivedFailed-title":"‮ɟıʅǝ‬ ‮ɔonʅp‬ ‮uoʇ‬ ‮qǝ‬ ‮ɹǝɔǝıʌǝp‬","transferReport-title":"‮⊥ɹɐusɟǝɹ‬ ‮ɹǝdoɹʇ‬:","transferReport-description":"{{numSuccessful}} ‮ɟıʅǝs‬ ‮snɔɔǝssɟnʅ‬, {{numUnsuccessful}} ‮ɟıʅǝs‬ ‮nusnɔɔǝssɟnʅ‬","unknown-file":"‮∩uʞuoʍu‬ ‮ɟıʅǝ‬","unknown-device":"‮∩uʞuoʍu‬ ‮pǝʌıɔǝ‬","cannotOpenFile":"‮Ↄɐu‬ ‮uoʇ‬ ‮odǝu‬ ‮ɹǝɔǝıʌǝp‬ ‮ɟıʅǝ‬","unknownMediaTypeToOpen":"‮Ↄɐu‬ ‮uoʇ‬ ‮odǝu‬ ‮nuʞuoʍu‬ ‮ɯǝpıɐ‬ ‮ʇʎdǝ‬:","cannotReceiveFile":"‮Ↄɐu‬ ‮uoʇ‬ ‮ɹǝɔǝıʌǝ‬ ‮ɟıʅǝ‬","cannotGetStorageState":"‮Ↄɐu‬ ‮uoʇ‬ ‮ƃǝʇ‬ ‮pǝʌıɔǝ‬ ‮sʇoɹɐƃǝ‬ ‮sʇɐʇǝ‬.","sdcard-not-exist2":"‮No‬ ‮ɯǝɯoɹʎ‬ ‮ɔɐɹp‬ ‮ɟonup‬. ‮Ԁʅǝɐsǝ‬ ‮ıusǝɹʇ‬ ‮ɐ‬ ‮ɯǝɯoɹʎ‬ ‮ɔɐɹp‬.","sdcard-in-use":"‮Ԑʅnǝʇooʇɥ‬ ‮ɔɐu‬ ‮uoʇ‬ ‮qǝ‬ ‮nsǝp‬ ‮ʍɥıʅǝ‬ ‮dɥouǝ‬ ‮ıs‬ ‮dʅnƃƃǝp‬ ‮ıu‬. ‮Ԁʅǝɐsǝ‬ ‮nudʅnƃ‬ ‮ʇɥǝ‬ ‮dɥouǝ‬ ‮ʇo‬ ‮ɹǝɔǝıʌǝ‬ ‮ɟıʅǝ‬(‮s‬).","sdcard-no-space2":"‮Ↄɐu‬ ‮uoʇ‬ ‮ɔoɯdʅǝʇǝ‬ ‮ʇɹɐusɟǝɹ‬: ‮ɯǝɯoɹʎ‬ ‮ɔɐɹp‬ ‮ıs‬ ‮ɟnʅʅ‬.","unknown-error":"‮∩uʞuoʍu‬ ‮ǝɹɹoɹ‬","confirm":"‮Ↄouɟıɹɯ‬","microphone-is-on":"‮Wıɔ‬ ‮ıs‬ ‮ou‬","camera-is-on":"‮Ↄɐɯǝɹɐ‬ ‮ıs‬ ‮ou‬","media-is-on":"‮Ↄɐɯǝɹɐ‬ & ‮Wıɔ‬ ‮ɐɹǝ‬ ‮ON‬","noSimCard":"‮No‬ ‮SIW‬ ‮ɔɐɹp‬","simPin":"‮SIW‬ ‮ԀIN‬","pukCode":"‮Ԁ∩Ӽ‬ ‮ɔopǝ‬","nckCode":"‮NↃӼ‬ ‮ɔopǝ‬","cckCode":"‮ↃↃӼ‬ ‮ɔopǝ‬","spckCode":"‮SԀↃӼ‬ ‮ɔopǝ‬","nck1code":"‮NↃӼ‬1 ‮ɔopǝ‬","nck2code":"‮NↃӼ‬2 ‮ɔopǝ‬","hnckcode":"‮HNↃӼ‬ ‮ɔopǝ‬","rcckcode":"‮ᴚↃↃӼ‬ ‮ɔopǝ‬","rspckcode":"‮ᴚSԀↃӼ‬ ‮ɔopǝ‬","whatIsSimPin":"‮Ｍɥɐʇ‬ ‮ıs‬ ‮ɐ‬ ‮SIW‬ ‮ԀIN‬?","simPinIntro1":"‮∀‬ ‮SIW‬ ‮ԀIN‬ ‮dɹǝʌǝuʇs‬ ‮ɐɔɔǝss‬ ‮ʇo‬ ‮ʇɥǝ‬ ‮SIW‬ ‮ɔɐɹp‬ ‮ɔǝʅʅnʅɐɹ‬ ‮pɐʇɐ‬ ‮uǝʇʍoɹʞs‬. ‮Ｍɥǝu‬ ‮ıʇ‬’‮s‬ ‮ǝuɐqʅǝp‬, ‮ɐuʎ‬ ‮pǝʌıɔǝ‬ ‮ɔouʇɐıuıuƃ‬ ‮ʇɥǝ‬ ‮SIW‬ ‮ɔɐɹp‬ ‮ʍıʅʅ‬ ‮ɹǝbnǝsʇ‬ ‮ʇɥǝ‬ ‮ԀIN‬ ‮ndou‬ ‮ɹǝsʇɐɹʇ‬.","simPinIntro2":"‮∀‬ ‮SIW‬ ‮ԀIN‬ ‮ıs‬ ‮uoʇ‬ ‮ʇɥǝ‬ ‮sɐɯǝ‬ ‮ɐs‬ ‮ʇɥǝ‬ ‮dɐssɔopǝ‬ ‮nsǝp‬ ‮ʇo‬ ‮nuʅoɔʞ‬ ‮ʇɥǝ‬ ‮pǝʌıɔǝ‬.","changeSimPin":"‮Ↄɥɐuƃǝ‬ ‮ԀIN‬","pinTitle":"‮Ǝuʇǝɹ‬ ‮SIW‬ ‮ԀIN‬","multiSIMpinTitle":"‮Ǝuʇǝɹ‬ ‮SIW‬ {{n}} ‮ԀIN‬","pukTitle":"‮Ǝuʇǝɹ‬ ‮Ԁ∩Ӽ‬ ‮ɔopǝ‬","nckTitle":"‮Ǝuʇǝɹ‬ ‮NↃӼ‬ ‮ɔopǝ‬","cckTitle":"‮Ǝuʇǝɹ‬ ‮ↃↃӼ‬ ‮ɔopǝ‬","spckTitle":"‮Ǝuʇǝɹ‬ ‮SԀↃӼ‬ ‮ɔopǝ‬","nck1Title":"‮Ǝuʇǝɹ‬ ‮NↃӼ‬1 ‮ɔopǝ‬","nck2Title":"‮Ǝuʇǝɹ‬ ‮NↃӼ‬2 ‮ɔopǝ‬","hnckTitle":"‮Ǝuʇǝɹ‬ ‮HNↃӼ‬ ‮ɔopǝ‬","rcckTitle":"‮Ǝuʇǝɹ‬ ‮ᴚↃↃӼ‬ ‮ɔopǝ‬","rspckTitle":"‮Ǝuʇǝɹ‬ ‮ᴚSԀↃӼ‬ ‮ɔopǝ‬","newpinTitle":"‮Nǝʍ‬ ‮ԀIN‬","inputCodeRetriesLeft":{"_":{"one":"‮˥ɐsʇ‬ ‮ʇɹʎ‬.","two":"{{n}} ‮ʇɹıǝs‬ ‮ʅǝɟʇ‬.","few":"{{n}} ‮ʇɹıǝs‬ ‮ʅǝɟʇ‬.","many":"{{n}} ‮ʇɹıǝs‬ ‮ʅǝɟʇ‬.","other":"{{n}} ‮ʇɹıǝs‬ ‮ʅǝɟʇ‬."}},"pinErrorMsg":"‮⊥ɥǝ‬ ‮ԀIN‬ ‮ʍɐs‬ ‮ıuɔoɹɹǝɔʇ‬.","pinAttemptMsg2":{"_":{"one":"‮ʎon‬ ‮ɥɐʌǝ‬ ‮ouǝ‬ ‮ʇɹʎ‬ ‮ʅǝɟʇ‬ ‮ʇo‬ ‮ǝuʇǝɹ‬ ‮ʇɥǝ‬ ‮ɔoɹɹǝɔʇ‬ ‮ɔopǝ‬ ‮qǝɟoɹǝ‬ ‮ʅoɔʞıuƃ‬ ‮ʇɥǝ‬ ‮SIW‬ ‮ɔɐɹp‬.","two":"‮ʎon‬ ‮ɥɐʌǝ‬ {{n}} ‮ʇɹıǝs‬ ‮ʅǝɟʇ‬ ‮ʇo‬ ‮ǝuʇǝɹ‬ ‮ʇɥǝ‬ ‮ɔoɹɹǝɔʇ‬ ‮ɔopǝ‬ ‮qǝɟoɹǝ‬ ‮ʅoɔʞıuƃ‬ ‮ʇɥǝ‬ ‮SIW‬ ‮ɔɐɹp‬.","few":"‮ʎon‬ ‮ɥɐʌǝ‬ {{n}} ‮ʇɹıǝs‬ ‮ʅǝɟʇ‬ ‮ʇo‬ ‮ǝuʇǝɹ‬ ‮ʇɥǝ‬ ‮ɔoɹɹǝɔʇ‬ ‮ɔopǝ‬ ‮qǝɟoɹǝ‬ ‮ʅoɔʞıuƃ‬ ‮ʇɥǝ‬ ‮SIW‬ ‮ɔɐɹp‬.","many":"‮ʎon‬ ‮ɥɐʌǝ‬ {{n}} ‮ʇɹıǝs‬ ‮ʅǝɟʇ‬ ‮ʇo‬ ‮ǝuʇǝɹ‬ ‮ʇɥǝ‬ ‮ɔoɹɹǝɔʇ‬ ‮ɔopǝ‬ ‮qǝɟoɹǝ‬ ‮ʅoɔʞıuƃ‬ ‮ʇɥǝ‬ ‮SIW‬ ‮ɔɐɹp‬.","other":"‮ʎon‬ ‮ɥɐʌǝ‬ {{n}} ‮ʇɹıǝs‬ ‮ʅǝɟʇ‬ ‮ʇo‬ ‮ǝuʇǝɹ‬ ‮ʇɥǝ‬ ‮ɔoɹɹǝɔʇ‬ ‮ɔopǝ‬ ‮qǝɟoɹǝ‬ ‮ʅoɔʞıuƃ‬ ‮ʇɥǝ‬ ‮SIW‬ ‮ɔɐɹp‬."}},"pinLastChanceMsg":"‮⊥ɥıs‬ ‮ıs‬ ‮ʎonɹ‬ ‮ʅɐsʇ‬ ‮ɔɥɐuɔǝ‬ ‮ʇo‬ ‮ǝuʇǝɹ‬ ‮ʇɥǝ‬ ‮ɔoɹɹǝɔʇ‬ ‮ԀIN‬. ‮Oʇɥǝɹʍısǝ‬, ‮ʎon‬ ‮ɯnsʇ‬ ‮ǝuʇǝɹ‬ ‮ʇɥǝ‬ ‮Ԁ∩Ӽ‬ ‮ɔopǝ‬ ‮ʇo‬ ‮nsǝ‬ ‮ʇɥıs‬ ‮SIW‬ ‮ɔɐɹp‬.","simCardLockedMsg":"‮⊥ɥǝ‬ ‮SIW‬ ‮ɔɐɹp‬ ‮ıs‬ ‮ʅoɔʞǝp‬.","enterPukMsg":"‮ʎon‬ ‮ɯnsʇ‬ ‮ǝuʇǝɹ‬ ‮ʇɥǝ‬ ‮Ԁǝɹsouɐʅ‬ ‮∩uʅoɔʞıuƃ‬ ‮Ӽǝʎ‬ (‮Ԁ∩Ӽ‬) ‮ɔopǝ‬ ‮ɟoɹ‬ ‮ʇɥǝ‬ ‮SIW‬ ‮ɔɐɹp‬. ‮ᴚǝɟǝɹ‬ ‮ʇo‬ ‮ʎonɹ‬ ‮SIW‬ ‮ɔɐɹp‬ ‮poɔnɯǝuʇɐʇıou‬ ‮oɹ‬ ‮ɔouʇɐɔʇ‬ ‮ʎonɹ‬ ‮ɔɐɹɹıǝɹ‬ ‮ɟoɹ‬ ‮ɯoɹǝ‬ ‮ıuɟoɹɯɐʇıou‬.","pukErrorMsg":"‮⊥ɥǝ‬ ‮Ԁ∩Ӽ‬ ‮ɔopǝ‬ ‮ıs‬ ‮ıuɔoɹɹǝɔʇ‬.","pukAttemptMsg2":{"_":{"one":"‮ʎon‬ ‮ɥɐʌǝ‬ ‮ouǝ‬ ‮ʇɹʎ‬ ‮ʅǝɟʇ‬ ‮ʇo‬ ‮ǝuʇǝɹ‬ ‮ʇɥǝ‬ ‮ɔoɹɹǝɔʇ‬ ‮ɔopǝ‬ ‮qǝɟoɹǝ‬ ‮ʇɥıs‬ ‮SIW‬ ‮ɔɐɹp‬ ‮ʍıʅʅ‬ ‮qǝ‬ ‮dǝɹɯɐuǝuʇʅʎ‬ ‮nunsɐqʅǝ‬. ‮ᴚǝɟǝɹ‬ ‮ʇo‬ ‮ʎonɹ‬ ‮SIW‬ ‮ɔɐɹp‬ ‮poɔnɯǝuʇɐʇıou‬ ‮oɹ‬ ‮ɔouʇɐɔʇ‬ ‮ʎonɹ‬ ‮ɔɐɹɹıǝɹ‬ ‮ɟoɹ‬ ‮ɯoɹǝ‬ ‮ıuɟoɹɯɐʇıou‬.","two":"‮ʎon‬ ‮ɥɐʌǝ‬ {{n}} ‮ʇɹıǝs‬ ‮ʅǝɟʇ‬ ‮ʇo‬ ‮ǝuʇǝɹ‬ ‮ʇɥǝ‬ ‮ɔoɹɹǝɔʇ‬ ‮ɔopǝ‬ ‮qǝɟoɹǝ‬ ‮ʇɥıs‬ ‮SIW‬ ‮ɔɐɹp‬ ‮ʍıʅʅ‬ ‮qǝ‬ ‮dǝɹɯɐuǝuʇʅʎ‬ ‮nunsɐqʅǝ‬. ‮ᴚǝɟǝɹ‬ ‮ʇo‬ ‮ʎonɹ‬ ‮SIW‬ ‮ɔɐɹp‬ ‮poɔnɯǝuʇɐʇıou‬ ‮oɹ‬ ‮ɔouʇɐɔʇ‬ ‮ʎonɹ‬ ‮ɔɐɹɹıǝɹ‬ ‮ɟoɹ‬ ‮ɯoɹǝ‬ ‮ıuɟoɹɯɐʇıou‬.","few":"‮ʎon‬ ‮ɥɐʌǝ‬ {{n}} ‮ʇɹıǝs‬ ‮ʅǝɟʇ‬ ‮ʇo‬ ‮ǝuʇǝɹ‬ ‮ʇɥǝ‬ ‮ɔoɹɹǝɔʇ‬ ‮ɔopǝ‬ ‮qǝɟoɹǝ‬ ‮ʇɥıs‬ ‮SIW‬ ‮ɔɐɹp‬ ‮ʍıʅʅ‬ ‮qǝ‬ ‮dǝɹɯɐuǝuʇʅʎ‬ ‮nunsɐqʅǝ‬. ‮ᴚǝɟǝɹ‬ ‮ʇo‬ ‮ʎonɹ‬ ‮SIW‬ ‮ɔɐɹp‬ ‮poɔnɯǝuʇɐʇıou‬ ‮oɹ‬ ‮ɔouʇɐɔʇ‬ ‮ʎonɹ‬ ‮ɔɐɹɹıǝɹ‬ ‮ɟoɹ‬ ‮ɯoɹǝ‬ ‮ıuɟoɹɯɐʇıou‬.","many":"‮ʎon‬ ‮ɥɐʌǝ‬ {{n}} ‮ʇɹıǝs‬ ‮ʅǝɟʇ‬ ‮ʇo‬ ‮ǝuʇǝɹ‬ ‮ʇɥǝ‬ ‮ɔoɹɹǝɔʇ‬ ‮ɔopǝ‬ ‮qǝɟoɹǝ‬ ‮ʇɥıs‬ ‮SIW‬ ‮ɔɐɹp‬ ‮ʍıʅʅ‬ ‮qǝ‬ ‮dǝɹɯɐuǝuʇʅʎ‬ ‮nunsɐqʅǝ‬. ‮ᴚǝɟǝɹ‬ ‮ʇo‬ ‮ʎonɹ‬ ‮SIW‬ ‮ɔɐɹp‬ ‮poɔnɯǝuʇɐʇıou‬ ‮oɹ‬ ‮ɔouʇɐɔʇ‬ ‮ʎonɹ‬ ‮ɔɐɹɹıǝɹ‬ ‮ɟoɹ‬ ‮ɯoɹǝ‬ ‮ıuɟoɹɯɐʇıou‬.","other":"‮ʎon‬ ‮ɥɐʌǝ‬ {{n}} ‮ʇɹıǝs‬ ‮ʅǝɟʇ‬ ‮ʇo‬ ‮ǝuʇǝɹ‬ ‮ʇɥǝ‬ ‮ɔoɹɹǝɔʇ‬ ‮ɔopǝ‬ ‮qǝɟoɹǝ‬ ‮ʇɥıs‬ ‮SIW‬ ‮ɔɐɹp‬ ‮ʍıʅʅ‬ ‮qǝ‬ ‮dǝɹɯɐuǝuʇʅʎ‬ ‮nunsɐqʅǝ‬. ‮ᴚǝɟǝɹ‬ ‮ʇo‬ ‮ʎonɹ‬ ‮SIW‬ ‮ɔɐɹp‬ ‮poɔnɯǝuʇɐʇıou‬ ‮oɹ‬ ‮ɔouʇɐɔʇ‬ ‮ʎonɹ‬ ‮ɔɐɹɹıǝɹ‬ ‮ɟoɹ‬ ‮ɯoɹǝ‬ ‮ıuɟoɹɯɐʇıou‬."}},"pukLastChanceMsg":"‮˥ɐsʇ‬ ‮ɔɥɐuɔǝ‬ ‮ʇo‬ ‮ǝuʇǝɹ‬ ‮ʇɥǝ‬ ‮ɔoɹɹǝɔʇ‬ ‮Ԁ∩Ӽ‬ ‮ɔopǝ‬. ‮ʎonɹ‬ ‮SIW‬ ‮ɔɐɹp‬ ‮ʍıʅʅ‬ ‮qǝ‬ ‮dǝɹɯɐuǝuʇʅʎ‬ ‮nunsɐqʅǝ‬ ‮ıɟ‬ ‮ʎon‬ ‮ǝuʇǝɹ‬ ‮ıu‬ ‮ʇɥǝ‬ ‮ʍɹouƃ‬ ‮Ԁ∩Ӽ‬ ‮ɔopǝ‬. ‮ᴚǝɟǝɹ‬ ‮ʇo‬ ‮ʎonɹ‬ ‮SIW‬ ‮ɔɐɹp‬ ‮poɔnɯǝuʇɐʇıou‬ ‮oɹ‬ ‮ɔouʇɐɔʇ‬ ‮ʎonɹ‬ ‮ɔɐɹɹıǝɹ‬ ‮ɟoɹ‬ ‮ɯoɹǝ‬ ‮ıuɟoɹɯɐʇıou‬.","newSimPinMsg":"‮Ↄɹǝɐʇǝ‬ ‮ԀIN‬ (‮ɯnsʇ‬ ‮ɔouʇɐıu‬ 4 ‮ʇo‬ 8 ‮pıƃıʇs‬)","confirmNewSimPinMsg":"‮Ↄouɟıɹɯ‬ ‮uǝʍ‬ ‮ԀIN‬","newPinErrorMsg":"‮ԀINs‬ ‮pou‬’‮ʇ‬ ‮ɯɐʇɔɥ‬.","nckErrorMsg":"‮⊥ɥǝ‬ ‮NↃӼ‬ ‮ɔopǝ‬ ‮ıs‬ ‮ıuɔoɹɹǝɔʇ‬.","nckAttemptMsg2":{"_":{"one":"‮Nǝʇʍoɹʞ‬ ‮pǝdǝɹsouɐʅızɐʇıou‬ ‮ɹǝbnǝsʇ‬ ‮ɟɐıʅnɹǝ‬. ‮ʎon‬ ‮ɥɐʌǝ‬ ‮ouǝ‬ ‮ʇɹʎ‬ ‮ʅǝɟʇ‬ ‮ʇo‬ ‮ǝuʇǝɹ‬ ‮ʇɥǝ‬ ‮ɔoɹɹǝɔʇ‬ ‮ɔopǝ‬. ‮ᴚǝɟǝɹ‬ ‮ʇo‬ ‮ʎonɹ‬ ‮pǝʌıɔǝ‬ ‮poɔnɯǝuʇɐʇıou‬ ‮oɹ‬ ‮ɔouʇɐɔʇ‬ ‮ʎonɹ‬ ‮ɔɐɹɹıǝɹ‬ ‮ɟoɹ‬ ‮ɯoɹǝ‬ ‮ıuɟoɹɯɐʇıou‬.","two":"‮Nǝʇʍoɹʞ‬ ‮pǝdǝɹsouɐʅızɐʇıou‬ ‮ɹǝbnǝsʇ‬ ‮ɟɐıʅnɹǝ‬. ‮ʎon‬ ‮ɥɐʌǝ‬ {{n}} ‮ʇɹıǝs‬ ‮ʅǝɟʇ‬ ‮ʇo‬ ‮ǝuʇǝɹ‬ ‮ʇɥǝ‬ ‮ɔoɹɹǝɔʇ‬ ‮ɔopǝ‬. ‮ᴚǝɟǝɹ‬ ‮ʇo‬ ‮ʎonɹ‬ ‮pǝʌıɔǝ‬ ‮poɔnɯǝuʇɐʇıou‬ ‮oɹ‬ ‮ɔouʇɐɔʇ‬ ‮ʎonɹ‬ ‮ɔɐɹɹıǝɹ‬ ‮ɟoɹ‬ ‮ɯoɹǝ‬ ‮ıuɟoɹɯɐʇıou‬.","few":"‮Nǝʇʍoɹʞ‬ ‮pǝdǝɹsouɐʅızɐʇıou‬ ‮ɹǝbnǝsʇ‬ ‮ɟɐıʅnɹǝ‬. ‮ʎon‬ ‮ɥɐʌǝ‬ {{n}} ‮ʇɹıǝs‬ ‮ʅǝɟʇ‬ ‮ʇo‬ ‮ǝuʇǝɹ‬ ‮ʇɥǝ‬ ‮ɔoɹɹǝɔʇ‬ ‮ɔopǝ‬. ‮ᴚǝɟǝɹ‬ ‮ʇo‬ ‮ʎonɹ‬ ‮pǝʌıɔǝ‬ ‮poɔnɯǝuʇɐʇıou‬ ‮oɹ‬ ‮ɔouʇɐɔʇ‬ ‮ʎonɹ‬ ‮ɔɐɹɹıǝɹ‬ ‮ɟoɹ‬ ‮ɯoɹǝ‬ ‮ıuɟoɹɯɐʇıou‬.","many":"‮Nǝʇʍoɹʞ‬ ‮pǝdǝɹsouɐʅızɐʇıou‬ ‮ɹǝbnǝsʇ‬ ‮ɟɐıʅnɹǝ‬. ‮ʎon‬ ‮ɥɐʌǝ‬ {{n}} ‮ʇɹıǝs‬ ‮ʅǝɟʇ‬ ‮ʇo‬ ‮ǝuʇǝɹ‬ ‮ʇɥǝ‬ ‮ɔoɹɹǝɔʇ‬ ‮ɔopǝ‬. ‮ᴚǝɟǝɹ‬ ‮ʇo‬ ‮ʎonɹ‬ ‮pǝʌıɔǝ‬ ‮poɔnɯǝuʇɐʇıou‬ ‮oɹ‬ ‮ɔouʇɐɔʇ‬ ‮ʎonɹ‬ ‮ɔɐɹɹıǝɹ‬ ‮ɟoɹ‬ ‮ɯoɹǝ‬ ‮ıuɟoɹɯɐʇıou‬.","other":"‮Nǝʇʍoɹʞ‬ ‮pǝdǝɹsouɐʅızɐʇıou‬ ‮ɹǝbnǝsʇ‬ ‮ɟɐıʅnɹǝ‬. ‮ʎon‬ ‮ɥɐʌǝ‬ {{n}} ‮ʇɹıǝs‬ ‮ʅǝɟʇ‬ ‮ʇo‬ ‮ǝuʇǝɹ‬ ‮ʇɥǝ‬ ‮ɔoɹɹǝɔʇ‬ ‮ɔopǝ‬. ‮ᴚǝɟǝɹ‬ ‮ʇo‬ ‮ʎonɹ‬ ‮pǝʌıɔǝ‬ ‮poɔnɯǝuʇɐʇıou‬ ‮oɹ‬ ‮ɔouʇɐɔʇ‬ ‮ʎonɹ‬ ‮ɔɐɹɹıǝɹ‬ ‮ɟoɹ‬ ‮ɯoɹǝ‬ ‮ıuɟoɹɯɐʇıou‬."}},"nckLastChanceMsg":"‮Nǝʇʍoɹʞ‬ ‮pǝdǝɹsouɐʅızɐʇıou‬ ‮ɹǝbnǝsʇ‬ ‮ɟɐıʅnɹǝ‬. ‮˥ɐsʇ‬ ‮ɔɥɐuɔǝ‬ ‮ʇo‬ ‮ǝuʇǝɹ‬ ‮ʇɥǝ‬ ‮ɔoɹɹǝɔʇ‬ ‮NↃӼ‬ ‮ɔopǝ‬. ‮ᴚǝɟǝɹ‬ ‮ʇo‬ ‮ʎonɹ‬ ‮pǝʌıɔǝ‬ ‮poɔnɯǝuʇɐʇıou‬ ‮oɹ‬ ‮ɔouʇɐɔʇ‬ ‮ʎonɹ‬ ‮ɔɐɹɹıǝɹ‬ ‮ɟoɹ‬ ‮ɯoɹǝ‬ ‮ıuɟoɹɯɐʇıou‬.","activity-pick":"‮Sǝʅǝɔʇ‬ ‮ɟɹoɯ‬:","activity-view":"‮Ʌıǝʍ‬ ‮ʍıʇɥ‬:","activity-test":"‮⊥ǝsʇ‬ ‮ʍıʇɥ‬:","activity-share":"‮Sɥɐɹǝ‬ ‮ʍıʇɥ‬:","activity-new":"‮Ↄɹǝɐʇǝ‬ ‮ʍıʇɥ‬:","activity-open":"‮Odǝu‬ ‮ʍıʇɥ‬:","activity-save-bookmark":"‮Ԑooʞɯɐɹʞ‬ ‮ʇo‬:","activity-record":"‮ᴚǝɔoɹp‬ ‮ɟɹoɯ‬:","activity-browse":"‮Ԑɹoʍsǝ‬ ‮ʍıʇɥ‬:","activity-configure":"‮Ↄouɟıƃnɹǝ‬ ‮ʍıʇɥ‬:","activity-dial":"‮pıɐʅ‬ ‮ɟɹoɯ‬:","persona-signin":"‮Sıƃu‬ ‮Iu‬","payment-flow":"‮Ԁnɹɔɥɐsǝ‬","remoteDebuggerMessage":"‮∀u‬ ‮ıuɔoɯıuƃ‬ ‮ɹǝbnǝsʇ‬ ‮ʇo‬ ‮dǝɹɯıʇ‬ ‮ɹǝɯoʇǝ‬ ‮pǝqnƃƃıuƃ‬ ‮ɔouuǝɔʇıou‬ ‮ʍɐs‬ ‮pǝʇǝɔʇǝp‬. ‮∀ʅʅoʍ‬ ‮ɔouuǝɔʇıou‬?","fullscreen-request":"{{origin}} ‮ıs‬ ‮uoʍ‬ ‮ɟnʅʅsɔɹǝǝu‬.","captive-wifi-available":"‮⊥ɥǝ‬ ‮uǝʇʍoɹʞ‬ {{networkName}} ‮ʍɐs‬ ‮ɟonup‬. ‮ſoıu‬ ‮uǝʇʍoɹʞ‬?","ceWarningtitle":"‮Ʌoʅnɯǝ‬ ‮ʍɐɹuıuƃ‬","ceWarningcontent":"‮⊥o‬ ‮dɹǝʌǝuʇ‬ ‮dossıqʅǝ‬ ‮ɥǝɐɹıuƃ‬ ‮pɐɯɐƃǝ‬, ‮po‬ ‮uoʇ‬ ‮ʅısʇǝu‬ ‮ɐʇ‬ ‮ɥıƃɥ‬ ‮ʌoʅnɯǝ‬ ‮ʅǝʌǝʅs‬ ‮ɟoɹ‬ ‮ʅouƃ‬ ‮dǝɹıops‬.","notification-powersaving-mode-on-title":"‮Ԁoʍǝɹ‬ ‮Sɐʌıuƃ‬ ‮Wopǝ‬","notification-powersaving-mode-on-description":"‮Ԁoʍǝɹ‬ ‮sɐʌıuƃ‬ ‮ɯopǝ‬ ‮ıs‬ ‮ou‬.","low-device-storage":"‮pǝʌıɔǝ‬ ‮sdɐɔǝ‬ ‮ʅoʍ‬.\\‮u‬","free-space":{"_":{"zero":"‮No‬ ‮ɹǝɯɐıuıuƃ‬ ‮ɟɹǝǝ‬ ‮sdɐɔǝ‬.","one":"‮˥ǝss‬ ‮ʇɥɐu‬ {{value}} {{unit}} ‮ɹǝɯɐıuıuƃ‬.","two":"‮˥ǝss‬ ‮ʇɥɐu‬ {{value}} {{unit}} ‮ɹǝɯɐıuıuƃ‬.","few":"‮˥ǝss‬ ‮ʇɥɐu‬ {{value}} {{unit}} ‮ɹǝɯɐıuıuƃ‬.","many":"‮˥ǝss‬ ‮ʇɥɐu‬ {{value}} {{unit}} ‮ɹǝɯɐıuıuƃ‬.","other":"‮˥ǝss‬ ‮ʇɥɐu‬ {{value}} {{unit}} ‮ɹǝɯɐıuıuƃ‬."}},"unknown-free-space":"‮∩uʞuoʍu‬ ‮ɹǝɯɐıuıuƃ‬ ‮sdɐɔǝ‬.","system-alert":"‮Sʎsʇǝɯ‬ ‮∀ʅǝɹʇ‬","cb-channel":"‮Ↄɥɐuuǝʅ‬ {{channel}}","cb-etws-warningType-earthquake":"‮Ǝɐɹʇɥbnɐʞǝ‬ ‮ʍɐɹuıuƃ‬!","cb-etws-warningType-tsunami":"‮⊥snuɐɯı‬ ‮ʍɐɹuıuƃ‬!","cb-etws-warningType-earthquake-tsunami":"‮Ǝɐɹʇɥbnɐʞǝ‬-‮ʇsnuɐɯı‬ ‮ʍɐɹuıuƃ‬!","cb-etws-warningType-test":"‮∀ʅǝɹʇ‬ ‮sʎsʇǝɯ‬ ‮ıs‬ ‮qǝıuƃ‬ ‮ʇǝsʇǝp‬.","cb-etws-warningType-other":"‮Ǝɯǝɹƃǝuɔʎ‬ ‮ʍɐɹuıuƃ‬!","icc-message-title":"‮Odǝɹɐʇoɹ‬ ‮ɯǝssɐƃǝ‬ ‮ɟɹoɯ‬ ‮SIW‬ {{id}}","icc-confirmCall-defaultmessage":"‮Ↄɐʅʅ‬ {{number}}?","icc-alertMessage-defaultmessage":"‮Sǝupıuƃ‬ ‮ɯǝssɐƃǝ‬","icc-confirmMessage-defaultmessage":"‮Sǝup‬ ‮ɯǝssɐƃǝ‬?","icc-inputbox-title":"‮S⊥Ӽ‬ ‮Ònǝɹʎ‬ ‮ɟɹoɯ‬ ‮SIW‬ {{id}}","emergency-callback-mode":"‮Ǝɯǝɹƃǝuɔʎ‬ ‮ɔɐʅʅ‬ ‮qɐɔʞ‬ ‮ɯopǝ‬","emergency-callback-message":"‮ʎon‬ ‮ɔɐu‬ ‮uoʇ‬ ‮ɯɐʞǝ‬ ‮ɔɐʅʅs‬, ‮sǝup‬ ‮ɯǝssɐƃǝs‬ ‮oɹ‬ ‮ƃo‬ ‮ouʅıuǝ‬ ‮qǝɔɐnsǝ‬ ‮ǝɯǝɹƃǝuɔʎ‬ ‮ɔɐʅʅqɐɔʞ‬ ‮ɯopǝ‬ ‮ıs‬ ‮ǝuɐqʅǝp‬. ‮Ｍonʅp‬ ‮ʎon‬ ‮ʅıʞǝ‬ ‮ʇo‬ ‮ʇnɹu‬ ‮ıʇ‬ ‮oɟɟ‬?","cdma-record-info":"‮ↃpW∀‬ ‮ɹǝɔoɹp‬ ‮ıuɟoɹɯɐʇıou‬","ime-switching-title":"{{appName}}: {{name}}","ime-switching-tip":"‮⊥ɐd‬ ‮ʇo‬ ‮sʍıʇɔɥ‬ ‮ıudnʇ‬ ‮ɯǝʇɥop‬","shrinking-tip":"‮Sʍıdǝ‬ ‮ʇo‬ ‮sɥɐɹǝ‬","download_started":"‮poʍuʅoɐp‬ ‮sʇɐɹʇǝp‬","download_stopped":"‮poʍuʅoɐp‬ ‮sʇoddǝp‬","download_downloading":"‮poʍuʅoɐpıuƃ‬…","download_succeeded":"‮poʍuʅoɐp‬ ‮ɔoɯdʅǝʇǝ‬","download_failed":"‮poʍuʅoɐp‬ ‮ɟɐıʅǝp‬","download_text_by_default":"{{name}}","download_downloading_text_2":"{{percentage}}% - {{name}}","search-or-enter-address":{"_":"‮Sǝɐɹɔɥ‬ ‮oɹ‬ ‮ǝuʇǝɹ‬ ‮ɐppɹǝss‬","placeholder":"‮Sǝɐɹɔɥ‬ ‮oɹ‬ ‮ǝuʇǝɹ‬ ‮ɐppɹǝss‬"},"noSIMCardInHotspot":"‮SIW‬ ‮ɔɐɹp‬ ‮ıs‬ ‮ɐqsǝuʇ‬ ‮oɹ‬ ‮ıusǝɹʇǝp‬ ‮ıuɔoɹɹǝɔʇʅʎ‬, ‮so‬ ‮ʇnɹu‬ ‮oɟɟ‬ ‮ɥoʇsdoʇ‬","noHopspotWhenAPMisOn":"‮⊥nɹu‬ ‮oɟɟ‬ ‮ɐıɹdʅɐuǝ‬ ‮ɯopǝ‬ ‮ʇo‬ ‮nsǝ‬ ‮Ｍı‬-‮ɟı‬ ‮ɥoʇsdoʇ‬","apmActivated":"‮∀ıɹdʅɐuǝ‬ ‮ɯopǝ‬ ‮ɐɔʇıʌɐʇǝp‬","open-in-new-tab":"‮Odǝu‬ ‮ʅıuʞ‬ ‮ıu‬ ‮uǝʍ‬ ‮ʇɐq‬","add-link-to-home-screen":"‮∀pp‬ ‮ʅıuʞ‬ ‮ʇo‬ ‮ɥoɯǝ‬ ‮sɔɹǝǝu‬","share-link":"‮Sɥɐɹǝ‬ ‮ʅıuʞ‬","save-image":"‮Sɐʌǝ‬ ‮Iɯɐƃǝ‬","save-video":"‮Sɐʌǝ‬ ‮Ʌıpǝo‬","save-audio":"‮Sɐʌǝ‬ ‮∀npıo‬","weekday-0-long":"‮Snupɐʎ‬","weekday-1-long":"‮Woupɐʎ‬","weekday-2-long":"‮⊥nǝspɐʎ‬","weekday-3-long":"‮Ｍǝpuǝspɐʎ‬","weekday-4-long":"‮⊥ɥnɹspɐʎ‬","weekday-5-long":"‮ɟɹıpɐʎ‬","weekday-6-long":"‮Sɐʇnɹpɐʎ‬","weekday-0-short":"‮Snu‬","weekday-1-short":"‮Wou‬","weekday-2-short":"‮⊥nǝ‬","weekday-3-short":"‮Ｍǝp‬","weekday-4-short":"‮⊥ɥn‬","weekday-5-short":"‮ɟɹı‬","weekday-6-short":"‮Sɐʇ‬","month-0-long":"‮ſɐunɐɹʎ‬","month-1-long":"‮ɟǝqɹnɐɹʎ‬","month-2-long":"‮Wɐɹɔɥ‬","month-3-long":"‮∀dɹıʅ‬","month-4-long":"‮Wɐʎ‬","month-5-long":"‮ſnuǝ‬","month-6-long":"‮ſnʅʎ‬","month-7-long":"‮∀nƃnsʇ‬","month-8-long":"‮Sǝdʇǝɯqǝɹ‬","month-9-long":"‮Oɔʇoqǝɹ‬","month-10-long":"‮Noʌǝɯqǝɹ‬","month-11-long":"‮pǝɔǝɯqǝɹ‬","month-0-genitive":"‮ſɐunɐɹʎ‬","month-1-genitive":"‮ɟǝqɹnɐɹʎ‬","month-2-genitive":"‮Wɐɹɔɥ‬","month-3-genitive":"‮∀dɹıʅ‬","month-4-genitive":"‮Wɐʎ‬","month-5-genitive":"‮ſnuǝ‬","month-6-genitive":"‮ſnʅʎ‬","month-7-genitive":"‮∀nƃnsʇ‬","month-8-genitive":"‮Sǝdʇǝɯqǝɹ‬","month-9-genitive":"‮Oɔʇoqǝɹ‬","month-10-genitive":"‮Noʌǝɯqǝɹ‬","month-11-genitive":"‮pǝɔǝɯqǝɹ‬","month-0-short":"‮ſɐu‬","month-1-short":"‮ɟǝq‬","month-2-short":"‮Wɐɹ‬","month-3-short":"‮∀dɹ‬","month-4-short":"‮Wɐʎ‬","month-5-short":"‮ſnu‬","month-6-short":"‮ſnʅ‬","month-7-short":"‮∀nƃ‬","month-8-short":"‮Sǝd‬","month-9-short":"‮Oɔʇ‬","month-10-short":"‮Noʌ‬","month-11-short":"‮pǝɔ‬","minutes-ago-long":{"_":{"zero":"‮ɾnsʇ‬ ‮uoʍ‬","one":"‮ɐ‬ ‮ɯıunʇǝ‬ ‮ɐƃo‬","two":"{{value}} ‮ɯıunʇǝs‬ ‮ɐƃo‬","few":"{{value}} ‮ɯıunʇǝs‬ ‮ɐƃo‬","many":"{{value}} ‮ɯıunʇǝs‬ ‮ɐƃo‬","other":"{{value}} ‮ɯıunʇǝs‬ ‮ɐƃo‬"}},"hours-ago-long":{"_":{"zero":"‮ɾnsʇ‬ ‮uoʍ‬","one":"‮ɐu‬ ‮ɥonɹ‬ ‮ɐƃo‬","two":"{{value}} ‮ɥonɹs‬ ‮ɐƃo‬","few":"{{value}} ‮ɥonɹs‬ ‮ɐƃo‬","many":"{{value}} ‮ɥonɹs‬ ‮ɐƃo‬","other":"{{value}} ‮ɥonɹs‬ ‮ɐƃo‬"}},"days-ago-long":{"_":{"zero":"‮ʇopɐʎ‬","one":"‮ʎǝsʇǝɹpɐʎ‬","two":"{{value}} ‮pɐʎs‬ ‮ɐƃo‬","few":"{{value}} ‮pɐʎs‬ ‮ɐƃo‬","many":"{{value}} ‮pɐʎs‬ ‮ɐƃo‬","other":"{{value}} ‮pɐʎs‬ ‮ɐƃo‬"}},"weeks-ago-long":{"_":{"zero":"‮ʇɥıs‬ ‮ʍǝǝʞ‬","one":"‮ʅɐsʇ‬ ‮ʍǝǝʞ‬","two":"{{value}} ‮ʍǝǝʞs‬ ‮ɐƃo‬","few":"{{value}} ‮ʍǝǝʞs‬ ‮ɐƃo‬","many":"{{value}} ‮ʍǝǝʞs‬ ‮ɐƃo‬","other":"{{value}} ‮ʍǝǝʞs‬ ‮ɐƃo‬"}},"months-ago-long":{"_":{"zero":"‮ʇɥıs‬ ‮ɯouʇɥ‬","one":"‮ʅɐsʇ‬ ‮ɯouʇɥ‬","two":"{{value}} ‮ɯouʇɥs‬ ‮ɐƃo‬","few":"{{value}} ‮ɯouʇɥs‬ ‮ɐƃo‬","many":"{{value}} ‮ɯouʇɥs‬ ‮ɐƃo‬","other":"{{value}} ‮ɯouʇɥs‬ ‮ɐƃo‬"}},"years-ago-long":{"_":{"zero":"‮ʇɥıs‬ ‮ʎǝɐɹ‬","one":"‮ʅɐsʇ‬ ‮ʎǝɐɹ‬","two":"{{value}} ‮ʎǝɐɹs‬ ‮ɐƃo‬","few":"{{value}} ‮ʎǝɐɹs‬ ‮ɐƃo‬","many":"{{value}} ‮ʎǝɐɹs‬ ‮ɐƃo‬","other":"{{value}} ‮ʎǝɐɹs‬ ‮ɐƃo‬"}},"minutes-until-long":{"_":{"zero":"‮uoʍ‬","one":"‮ıu‬ ‮ɐ‬ ‮ɯıunʇǝ‬","two":"‮ıu‬ {{value}} ‮ɯıunʇǝs‬","few":"‮ıu‬ {{value}} ‮ɯıunʇǝs‬","many":"‮ıu‬ {{value}} ‮ɯıunʇǝs‬","other":"‮ıu‬ {{value}} ‮ɯıunʇǝs‬"}},"hours-until-long":{"_":{"zero":"‮uoʍ‬","one":"‮ıu‬ ‮ɐu‬ ‮ɥonɹ‬","two":"‮ıu‬ {{value}} ‮ɥonɹs‬","few":"‮ıu‬ {{value}} ‮ɥonɹs‬","many":"‮ıu‬ {{value}} ‮ɥonɹs‬","other":"‮ıu‬ {{value}} ‮ɥonɹs‬"}},"days-until-long":{"_":{"zero":"‮ʇopɐʎ‬","one":"‮ʇoɯoɹɹoʍ‬","two":"‮ıu‬ {{value}} ‮pɐʎs‬","few":"‮ıu‬ {{value}} ‮pɐʎs‬","many":"‮ıu‬ {{value}} ‮pɐʎs‬","other":"‮ıu‬ {{value}} ‮pɐʎs‬"}},"weeks-until-long":{"_":{"zero":"‮ʇɥıs‬ ‮ʍǝǝʞ‬","one":"‮uǝxʇ‬ ‮ʍǝǝʞ‬","two":"‮ıu‬ {{value}} ‮ʍǝǝʞs‬","few":"‮ıu‬ {{value}} ‮ʍǝǝʞs‬","many":"‮ıu‬ {{value}} ‮ʍǝǝʞs‬","other":"‮ıu‬ {{value}} ‮ʍǝǝʞs‬"}},"months-until-long":{"_":{"zero":"‮ʇɥıs‬ ‮ɯouʇɥ‬","one":"‮uǝxʇ‬ ‮ɯouʇɥ‬","two":"‮ıu‬ {{value}} ‮ɯouʇɥs‬","few":"‮ıu‬ {{value}} ‮ɯouʇɥs‬","many":"‮ıu‬ {{value}} ‮ɯouʇɥs‬","other":"‮ıu‬ {{value}} ‮ɯouʇɥs‬"}},"years-until-long":{"_":{"zero":"‮ʇɥıs‬ ‮ʎǝɐɹ‬","one":"‮uǝxʇ‬ ‮ʎǝɐɹ‬","two":"‮ıu‬ {{value}} ‮ʎǝɐɹs‬","few":"‮ıu‬ {{value}} ‮ʎǝɐɹs‬","many":"‮ıu‬ {{value}} ‮ʎǝɐɹs‬","other":"‮ıu‬ {{value}} ‮ʎǝɐɹs‬"}},"minutes-ago-short":{"_":{"zero":"‮ɾnsʇ‬ ‮uoʍ‬","other":"{{value}}‮ɯ‬ ‮ɐƃo‬"}},"hours-ago-short":{"_":{"zero":"‮ɾnsʇ‬ ‮uoʍ‬","other":"{{value}}‮ɥ‬ ‮ɐƃo‬"}},"days-ago-short":{"_":{"zero":"‮ʇopɐʎ‬","other":"{{value}}‮p‬ ‮ɐƃo‬"}},"minutes-until-short":{"_":{"zero":"‮uoʍ‬","other":"‮ıu‬ {{value}}‮ɯ‬"}},"hours-until-short":{"_":{"zero":"‮uoʍ‬","other":"‮ıu‬ {{value}}‮ɥ‬"}},"days-until-short":{"_":{"zero":"‮ʇopɐʎ‬","other":"‮ıu‬ {{value}}‮p‬"}},"incorrectDate":"(‮ıuɔoɹɹǝɔʇ‬ ‮pɐʇǝ‬)","dateTimeFormat_%c":"%a %b %e %Y %I:%M:%S %p","dateTimeFormat_%x":"%m/%d/%Y","dateTimeFormat_%X":"%I:%M:%S %p","shortTimeFormat":"%I:%M %p","shortDateTimeFormat":"%x %I:%M %p","weekStartsOnMonday":"0","time_am":"‮∀W‬","time_pm":"‮ԀW‬","title-app":"‮∀dd‬ ‮Ԁǝɹɯıssıou‬","title-web":"‮Ｍǝqsıʇǝ‬ ‮Ԁǝɹɯıssıou‬","title-cam":"‮Sǝʅǝɔʇ‬ ‮Ↄɐɯǝɹɐ‬","perm-contacts":"‮Ↄouʇɐɔʇs‬","perm-contacts-appRequest":"{{app}} ‮ʍonʅp‬ ‮ʅıʞǝ‬ ‮ʇo‬ ‮ɐɔɔǝss‬ ‮ʎonɹ‬ ‮ɔouʇɐɔʇ‬ ‮ʅısʇ‬.","perm-contacts-webRequest":"{{site}} ‮ʍonʅp‬ ‮ʅıʞǝ‬ ‮ʇo‬ ‮ɐɔɔǝss‬ ‮ʎonɹ‬ ‮ɔouʇɐɔʇ‬ ‮ʅısʇ‬.","perm-desktop-notification":"‮Noʇıɟıɔɐʇıous‬","perm-desktop-notification-appRequest":"{{app}} ‮ʍonʅp‬ ‮ʅıʞǝ‬ ‮ʇo‬ ‮pısdʅɐʎ‬ ‮uoʇıɟıɔɐʇıous‬.","perm-desktop-notification-webRequest":"{{site}} ‮ʍonʅp‬ ‮ʅıʞǝ‬ ‮ʇo‬ ‮pısdʅɐʎ‬ ‮uoʇıɟıɔɐʇıous‬.","perm-device-storage-music":"‮Wnsıɔ‬ ‮Sʇoɹɐƃǝ‬","perm-device-storage-music-appRequest":"{{app}} ‮ʍonʅp‬ ‮ʅıʞǝ‬ ‮ʇo‬ ‮ɐɔɔǝss‬ ‮ʎonɹ‬ ‮ɯnsıɔ‬.","perm-device-storage-music-webRequest":"{{site}} ‮ʍonʅp‬ ‮ʅıʞǝ‬ ‮ʇo‬ ‮ɐɔɔǝss‬ ‮ʎonɹ‬ ‮ɯnsıɔ‬.","perm-device-storage-pictures":"‮Iɯɐƃǝ‬ ‮Sʇoɹɐƃǝ‬","perm-device-storage-pictures-appRequest":"{{app}} ‮ʍonʅp‬ ‮ʅıʞǝ‬ ‮ʇo‬ ‮ɐɔɔǝss‬ ‮ʎonɹ‬ ‮ıɯɐƃǝs‬.","perm-device-storage-pictures-webRequest":"{{site}} ‮ʍonʅp‬ ‮ʅıʞǝ‬ ‮ʇo‬ ‮ɐɔɔǝss‬ ‮ʎonɹ‬ ‮ıɯɐƃǝs‬.","perm-device-storage-sdcard":"‮Wǝɯoɹʎ‬ ‮Ↄɐɹp‬ ‮Sʇoɹɐƃǝ‬","perm-device-storage-sdcard-appRequest":"{{app}} ‮ʍonʅp‬ ‮ʅıʞǝ‬ ‮ʇo‬ ‮ɐɔɔǝss‬ ‮ʎonɹ‬ ‮ɯǝɯoɹʎ‬ ‮ɔɐɹp‬.","perm-device-storage-sdcard-webRequest":"{{site}} ‮ʍonʅp‬ ‮ʅıʞǝ‬ ‮ʇo‬ ‮ɐɔɔǝss‬ ‮ʎonɹ‬ ‮ɯǝɯoɹʎ‬ ‮ɔɐɹp‬.","perm-device-storage-videos":"‮Ʌıpǝo‬ ‮Sʇoɹɐƃǝ‬","perm-device-storage-videos-appRequest":"{{app}} ‮ʍonʅp‬ ‮ʅıʞǝ‬ ‮ʇo‬ ‮ɐɔɔǝss‬ ‮ʎonɹ‬ ‮ʌıpǝos‬.","perm-device-storage-videos-webRequest":"{{site}} ‮ʍonʅp‬ ‮ʅıʞǝ‬ ‮ʇo‬ ‮ɐɔɔǝss‬ ‮ʎonɹ‬ ‮ʌıpǝos‬.","perm-fmradio":"‮ɟW‬ ‮ᴚɐpıo‬","perm-fmradio-appRequest":"{{app}} ‮ʍonʅp‬ ‮ʅıʞǝ‬ ‮ʇo‬ ‮nsǝ‬ ‮ʇɥǝ‬ ‮ɟW‬ ‮ᴚɐpıo‬.","perm-fmradio-webRequest":"{{site}} ‮ʍonʅp‬ ‮ʅıʞǝ‬ ‮ʇo‬ ‮nsǝ‬ ‮ʇɥǝ‬ ‮ɟW‬ ‮ᴚɐpıo‬.","perm-geolocation":"‮פǝoʅoɔɐʇıou‬","perm-geolocation-appRequest":"{{app}} ‮ʍonʅp‬ ‮ʅıʞǝ‬ ‮ʇo‬ ‮ʞuoʍ‬ ‮ʎonɹ‬ ‮ʅoɔɐʇıou‬.","perm-geolocation-webRequest":"{{site}} ‮ʍonʅp‬ ‮ʅıʞǝ‬ ‮ʇo‬ ‮ʞuoʍ‬ ‮ʎonɹ‬ ‮ʅoɔɐʇıou‬.","perm-geolocation-more-info":"{{brandShortName}} ‮nsǝs‬ ‮pɐʇɐ‬ ‮snɔɥ‬ ‮ɐs‬ ‮פԀS‬, ‮Ｍı‬-‮ɟı‬, ‮ɐup‬ ‮ɯoqıʅǝ‬ ‮uǝʇʍoɹʞs‬ ‮uǝɐɹ‬ ‮ʎon‬ ‮ʇo‬ ‮ɥǝʅd‬ ‮pǝʇǝɹɯıuǝ‬ ‮ʎonɹ‬ ‮ɐddɹoxıɯɐʇǝ‬ ‮ʅoɔɐʇıou‬. ‮pɐʇɐ‬ ‮ıs‬ ‮sǝuʇ‬ ‮ʇo‬ ‮Wozıʅʅɐ‬ ‮ɐup‬ ‮oʇɥǝɹ‬ ‮sǝɹʌıɔǝ‬ ‮dɹoʌıpǝɹs‬ ‮ɐup‬ ‮ʍıʅʅ‬ ‮qǝ‬ ‮nsǝp‬ ‮ıu‬ ‮ʇɥǝ‬ ‮ɐƃƃɹǝƃɐʇǝ‬ ‮ʇo‬ ‮ıɯdɹoʌǝ‬ ‮ʇɥosǝ‬ ‮ʅoɔɐʇıou‬ ‮pɐʇɐqɐsǝs‬.  ‮pɐʇɐ‬ ‮ɯɐʎ‬ ‮qǝ‬ ‮sʇoɹǝp‬ ‮ou‬ ‮ʎonɹ‬ ‮pǝʌıɔǝ‬ ‮ɐup‬ ‮pɐʇɐ‬ ‮ɔoʅʅǝɔʇıou‬ ‮ɯɐʎ‬ ‮oɔɔnɹ‬ ‮ǝʌǝu‬ ‮ʍɥǝu‬ ‮uo‬ ‮ɐdds‬ ‮ɐɹǝ‬ ‮ɹnuuıuƃ‬.","perm-video-capture":"‮Ↄɐɯǝɹɐ‬","perm-video-capture-appRequest":"‮Ｍonʅp‬ ‮ʎon‬ ‮ʅıʞǝ‬ ‮ʇo‬ ‮sɥɐɹǝ‬ ‮ʎonɹ‬ ‮ɔɐɯǝɹɐ‬ ‮ʍıʇɥ‬ {{app}}?","perm-video-capture-webRequest":"‮Ｍonʅp‬ ‮ʎon‬ ‮ʅıʞǝ‬ ‮ʇo‬ ‮sɥɐɹǝ‬ ‮ʎonɹ‬ ‮ɔɐɯǝɹɐ‬ ‮ʍıʇɥ‬ {{site}}?","perm-audio-capture":"‮Wıɔɹodɥouǝ‬","perm-audio-capture-appRequest":"‮Ｍonʅp‬ ‮ʎon‬ ‮ʅıʞǝ‬ ‮ʇo‬ ‮sɥɐɹǝ‬ ‮ʎonɹ‬ ‮ɯıɔɹodɥouǝ‬ ‮ʍıʇɥ‬ {{app}}?","perm-audio-capture-webRequest":"‮Ｍonʅp‬ ‮ʎon‬ ‮ʅıʞǝ‬ ‮ʇo‬ ‮sɥɐɹǝ‬ ‮ʎonɹ‬ ‮ɯıɔɹodɥouǝ‬ ‮ʍıʇɥ‬ {{site}}?","perm-media-capture":"‮Ↄɐɯǝɹɐ‬ ‮ɐup‬ ‮Wıɔɹodɥouǝ‬","perm-media-capture-appRequest":"‮Ｍonʅp‬ ‮ʎon‬ ‮ʅıʞǝ‬ ‮ʇo‬ ‮sɥɐɹǝ‬ ‮ʎonɹ‬ ‮ɔɐɯǝɹɐ‬ ‮ɐup‬ ‮ɯıɔɹodɥouǝ‬ ‮ʍıʇɥ‬ {{app}}?","perm-media-capture-webRequest":"‮Ｍonʅp‬ ‮ʎon‬ ‮ʅıʞǝ‬ ‮ʇo‬ ‮sɥɐɹǝ‬ ‮ʎonɹ‬ ‮ɔɐɯǝɹɐ‬ ‮ɐup‬ ‮ɯıɔɹodɥouǝ‬ ‮ʍıʇɥ‬ {{site}}?","perm-camera-selector-appRequest":"‮Sǝʅǝɔʇ‬ ‮ɐ‬ ‮ɔɐɯǝɹɐ‬ ‮ɟoɹ‬ {{app}}.","perm-camera-selector-webRequest":"‮Sǝʅǝɔʇ‬ ‮ɐ‬ ‮ɔɐɯǝɹɐ‬ ‮ɟoɹ‬ {{site}}.","perm-mobileid":"‮Woqıʅǝ‬ ‮Ipǝuʇıʇʎ‬","stopped_download_title":"‮poʍuʅoɐp‬ ‮sʇoddǝp‬","stopped_download_message":"‮poʍuʅoɐp‬ ‮ʍɐs‬ ‮sʇoddǝp‬. ‮⊥ɹʎ‬ ‮poʍuʅoɐpıuƃ‬ ‮ɐƃɐıu‬?","stopped_download_left_button":"‮Ↄɐuɔǝʅ‬","stopped_download_right_button":"‮⊥ɹʎ‬ ‮ɐƃɐıu‬","failed_download_title":"‮poʍuʅoɐp‬ ‮ɟɐıʅǝp‬","failed_download_message":"{{name}} ‮ɟɐıʅǝp‬ ‮ʇo‬ ‮poʍuʅoɐp‬. ‮⊥ɹʎ‬ ‮poʍuʅoɐpıuƃ‬ ‮ɐƃɐıu‬?","failed_download_left_button":"‮Ↄɐuɔǝʅ‬","failed_download_right_button":"‮⊥ɹʎ‬ ‮ɐƃɐıu‬","stop_download_title":"‮Sʇod‬ ‮poʍuʅoɐp‬","stop_download_message":"‮∀ɹǝ‬ ‮ʎon‬ ‮snɹǝ‬ ‮ʎon‬ ‮ʍɐuʇ‬ ‮ʇo‬ ‮sʇod‬ ‮ʇɥǝ‬ ‮poʍuʅoɐp‬?","stop_download_left_button":"‮No‬","stop_download_right_button":"‮ʎǝs‬","delete_download_title":"‮pǝʅǝʇǝ‬","delete_download_message":"‮pǝʅǝʇǝ‬ {{name}}?","delete_download_left_button":"‮Ↄɐuɔǝʅ‬","delete_download_right_button":"‮pǝʅǝʇǝ‬","delete_all_download_title":"‮pǝʅǝʇǝ‬","delete_all_download_left_button":"‮Ↄɐuɔǝʅ‬","delete_all_download_right_button":"‮pǝʅǝʇǝ‬","delete_all_download_message":{"_":{"zero":"‮pǝʅǝʇǝ‬ ‮uo‬ ‮ɟıʅǝs‬?","one":"‮pǝʅǝʇǝ‬ ‮ouǝ‬ ‮ɟıʅǝ‬?","two":"‮pǝʅǝʇǝ‬ {{number}} ‮ɟıʅǝs‬?","few":"‮pǝʅǝʇǝ‬ {{number}} ‮ɟıʅǝs‬?","many":"‮pǝʅǝʇǝ‬ {{number}} ‮ɟıʅǝs‬?","other":"‮pǝʅǝʇǝ‬ {{number}} ‮ɟıʅǝs‬?"}},"unsupported_file_type_download_title":"‮∩uɐqʅǝ‬ ‮ʇo‬ ‮odǝu‬","unsupported_file_type_download_message":"‮⊥ɥǝɹǝ‬ ‮ısu‬’‮ʇ‬ ‮ɐu‬ ‮ɐdd‬ ‮ʇɥɐʇ‬ ‮ɔɐu‬ ‮odǝu‬ {{name}}. ‮Ｍonʅp‬ ‮ʎon‬ ‮ʅıʞǝ‬ ‮ʇo‬ ‮sɐʌǝ‬ ‮ʇɥǝ‬ ‮ɟıʅǝ‬ ‮oɹ‬ ‮pǝʅǝʇǝ‬ ‮ıʇ‬?","unsupported_file_type_download_left_button":"‮Ӽǝǝd‬ ‮ɟıʅǝ‬","unsupported_file_type_download_right_button":"‮pǝʅǝʇǝ‬","file_not_found_download_title":"‮ɟıʅǝ‬ ‮uoʇ‬ ‮ɟonup‬","file_not_found_download_message":"‮⊥ɥǝ‬ ‮ɟıʅǝ‬ ‮ʍɐsu‬’‮ʇ‬ ‮ɟonup‬ ‮ou‬ ‮ʇɥǝ‬ ‮pǝʌıɔǝ‬","file_not_found_download_right_button":"‮OӼ‬","unmounted_sdcard_2_download_title":"‮Wǝɯoɹʎ‬ ‮ɔɐɹp‬ ‮ıu‬ ‮nsǝ‬","unmounted_sdcard_2_download_message":"‮∩udʅnƃ‬ ‮ʇɥǝ‬ ‮dɥouǝ‬","unmounted_sdcard_2_download_right_button":"‮OӼ‬","no_provider_download_title":"‮∩uɐqʅǝ‬ ‮ʇo‬ ‮sɥɐɹǝ‬","no_provider_download_message":"‮No‬ ‮dɹoʌıpǝɹ‬ ‮ɟonup‬","no_provider_download_right_button":"‮OӼ‬","no_memory_download_title":"‮Sp‬ ‮Ↄɐɹp‬ ‮ıs‬ ‮ɟnʅʅ‬","no_memory_download_message":"‮⊥ɥǝɹǝ‬ ‮ıs‬ ‮uo‬ ‮ɯoɹǝ‬ ‮ɹooɯ‬ ‮ou‬ ‮ʎonɹ‬ ‮Sp‬ ‮ɔɐɹp‬ ‮ʇo‬ ‮sɐʌǝ‬ ‮ʎonɹ‬ ‮poʍuʅoɐp‬. ‮Ԁʅǝɐsǝ‬ ‮ɹǝɯoʌǝ‬ ‮soɯǝ‬ ‮ɟıʅǝs‬ ‮qǝɟoɹǝ‬ ‮ɹǝsʇɐɹʇıuƃ‬ ‮ʇɥǝ‬ ‮poʍuʅoɐp‬.","no_memory_download_right_button":"‮OӼ‬","no_sdcard_found_2_download_title":"‮No‬ ‮ɯǝɯoɹʎ‬ ‮ɔɐɹp‬ ‮ɟonup‬","no_sdcard_found_2_download_message":"‮Iusǝɹʇ‬ ‮ɐ‬ ‮ɯǝɯoɹʎ‬ ‮ɔɐɹp‬ ‮oɹ‬ ‮sǝʅǝɔʇ‬ ‮ɐu‬ ‮ɐʅʇǝɹuɐʇǝ‬ ‮pǝɟɐnʅʇ‬ ‮ɯǝpıɐ‬ ‮ʅoɔɐʇıou‬ ‮ıu‬ ‮sǝʇʇıuƃs‬","no_sdcard_found_2_download_right_button":"‮OӼ‬","file_open_error_download_title":"‮∩uɐqʅǝ‬ ‮ʇo‬ ‮odǝu‬","file_open_error_download_message":"‮⊥ɥǝɹǝ‬ ‮ıs‬ ‮ɐ‬ ‮dɹoqʅǝɯ‬ ‮odǝuıuƃ‬ {{name}}. ‮Ｍonʅp‬ ‮ʎon‬ ‮ʅıʞǝ‬ ‮ʇo‬ ‮sɐʌǝ‬ ‮ʇɥǝ‬ ‮ɟıʅǝ‬ ‮oɹ‬ ‮pǝʅǝʇǝ‬ ‮ıʇ‬?","file_open_error_download_left_button":"‮Ӽǝǝd‬ ‮ɟıʅǝ‬","file_open_error_download_right_button":"‮pǝʅǝʇǝ‬","restart_download_error":"‮⊥ɥǝɹǝ‬ ‮ʍɐs‬ ‮ɐu‬ ‮ǝɹɹoɹ‬ ‮ʍɥıʅǝ‬ ‮ɹǝsʇɐɹʇıuƃ‬ ‮ʇɥǝ‬ ‮poʍuʅoɐp‬. ‮Ԁʅǝɐsǝ‬ ‮ʇɹʎ‬ ‮ʇo‬ ‮poʍuʅoɐp‬ ‮ɐƃɐıu‬.","no-downloads":"‮No‬ ‮poʍuʅoɐps‬","percentage":"{{percentage}} %","partialResult":"{{partial}} ‮oɟ‬ {{total}}","summary":"{{date}} - {{status}}","download-stopped":"‮Sʇoddǝp‬","download-failed":"‮poʍuʅoɐp‬ ‮ɟɐıʅǝp‬","open_downloaded_file":"‮Odǝu‬","share_downloaded_file":"‮Sɥɐɹǝ‬","wallpaper_downloaded_file":"‮Sǝʇ‬ ‮ɐs‬ ‮ʍɐʅʅdɐdǝɹ‬","ringtone_downloaded_file":"‮Sǝʇ‬ ‮ɐs‬ ‮ɹıuƃʇouǝ‬","cancel_downloaded_file":"‮Ↄɐuɔǝʅ‬","voicemailNoNumberTitle":"‮Ʌoıɔǝɯɐıʅ‬ ‮unɯqǝɹ‬ ‮ıs‬ ‮nuɐʌɐıʅɐqʅǝ‬","voicemailNoNumberText":"‮∩uɐqʅǝ‬ ‮ʇo‬ ‮ɔɐʅʅ‬ ‮ʇɥǝ‬ ‮ʌoıɔǝɯɐıʅ‬. ‮Sǝʇ‬ ‮nd‬ ‮ʇɥǝ‬ ‮ʌoıɔǝɯɐıʅ‬ ‮unɯqǝɹ‬ ‮ʇo‬ ‮dʅɐɔǝ‬ ‮ʇɥǝ‬ ‮ɔɐʅʅ‬.","voicemailNoNumberSettings":"‮Sǝʇʇıuƃs‬","voicemailNoNumberCancel":"‮Ↄɐuɔǝʅ‬"}